District,Pszenica,Żyto,Jęczmień,Owies,Gryka,Ziemniaki jadalne,Siano koniczyny,Siano łąkowe,Słoma,koń roboczy (cena minimalna),koń roboczy (cena maksymalna),krowa dojna (cena minimalna),krowa dojna (cena maksymalna)
AUGUSTOWSKI,53.67,45.63,42.14,44.0,45.6,10.95,11.89,9.63,6.0,259.0,405.0,311.0,498.0
BIAŁOSTOCKI,48.33,41.3,35.79,40.94,38.4,10.99,11.34,9.11,4.75,213.0,471.0,307.0,575.0
BIELSKI (BIELSK PODLASKI),53.89,42.4,39.13,42.6,34.33,11.6,16.2,10.33,5.8,215.0,450.0,325.0,535.0
GRODZIEŃSKI,48.829554360295134,42.564349784083646,39.67343194550535,42.47139422657309,40.556509741855635,10.243702437663284,13.116029164739468,9.620900202342558,5.521560116127034,259.3460054544516,496.38267710636967,274.21889465614055,464.7777875527806
ŁOMŻYŃSKI,81.9369331934976,64.16437077916203,61.6104210491293,64.2516320814422,66.46165547306049,16.54385233833004,20.377503935289816,14.1652728288399,7.542552631141163,398.3442138762813,728.7797176765571,522.157444864353,822.5058479045737
OSTROŁĘCKI,76.54306680650242,55.03562922083797,54.089578950870695,55.528367918557805,60.65834452693951,15.32614766166996,14.662496064710181,10.3147271711601,6.077447368858837,346.6557861237187,690.2202823234429,444.842555135647,757.4941520954263
OSTROWSKI (OSTRÓW MAZOWIECKA),50.62,38.27,37.54,36.71,42.57,12.19,11.09,8.7,4.25,234.0,531.0,306.0,638.0
SOKÓLSKI,53.13,44.5,41.2,44.4,40.14,10.63,9.42,7.4,4.54,285.0,515.0,300.0,480.0
SUWALSKI,55.0,43.2,41.88,43.0,45.0,12.78,12.07,10.25,6.17,235.0,405.0,300.0,440.0
SZCZUCZYŃSKI (WOJ. BIAŁOSTOCKIE),52.8,43.78,42.5,41.57,44.0,10.0,11.81,9.83,4.47,285.0,425.0,314.0,484.0
WOŁKOWYSKI,51.67,43.0,40.06,42.0,37.62,10.0,13.5,9.93,6.9,336.0,609.0,324.0,526.0
WYSOKOMAZOWIECKI,50.82,40.0,37.6,40.75,0.0,11.56,13.27,10.0,5.75,260.0,503.0,309.0,647.0
BIAŁYSTOK (MIASTO),48.33,41.3,35.79,40.94,0.0,10.99,11.34,9.11,4.75,213.0,471.0,307.0,575.0
BĘDZIŃSKI,54.14,42.0,40.0,40.0,0.0,16.75,26.8,19.4,14.0,313.0,625.0,364.0,686.0
CZĘSTOCHOWSKI,51.25,41.7,40.25,41.67,48.0,15.56,17.63,14.89,10.18,218.0,460.0,302.0,534.0
IŁŻECKI,51.44,39.69,38.47,39.46,41.56,11.69,11.44,10.06,5.57,237.0,519.0,281.0,491.0
JĘDRZEJOWSKI,50.31827894792014,39.41009359203621,38.508188249900606,39.333598446777906,0.0,15.029845333836375,15.556835852876542,12.577007958084527,9.199220881148522,199.0152914764759,483.77934737504165,286.6605033721065,592.2768762192214
KIELECKI,51.64,40.73,38.66,40.6,46.0,13.96,14.42,12.5,8.92,232.0,519.0,267.0,463.0
KONECKI,52.45,41.58,38.82,41.0,0.0,15.13,16.6,12.5,9.7,295.0,545.0,309.0,527.0
KOZIENICKI,51.86,38.0,35.43,36.57,0.0,13.38,11.25,8.5,6.03,275.0,556.0,313.0,594.0
MIECHOWSKI,49.60172105207986,41.109906407963784,38.381811750099395,41.5464015532221,0.0,13.680154666163626,22.023164147123456,17.06299204191547,8.620779118851479,250.9847085235241,595.2206526249583,331.3394966278935,781.7231237807786
OLKUSKI,51.05,41.25,38.37,41.29,0.0,17.89,24.29,19.17,15.22,268.0,513.0,303.0,599.0
OPATOWSKI,50.0,39.0,36.38,38.25,40.0,12.62,13.33,11.67,6.07,222.0,485.0,296.0,519.0
OPOCZYŃSKI,49.63,38.8,36.28,38.17,43.67,17.24,10.33,9.3,7.64,260.0,453.0,304.0,482.0
PIŃCZOWSKI,51.41,40.56,37.94,38.17,0.0,13.12,16.05,13.12,6.86,305.0,521.0,388.0,616.0
RADOMSKI,51.189377510929745,40.54506486219334,38.581933984437505,39.95316610508103,49.32489642602596,14.185840212125067,11.837975142246231,10.614717710880786,7.69468384246005,350.20676462478434,730.0084671051842,374.8692128377973,606.6962260401193
SANDOMIERSKI,52.86,41.57,37.58,39.92,0.0,12.08,12.75,10.88,5.0,250.0,423.0,315.0,506.0
STOPNICKI,52.75,42.5,41.63,40.13,0.0,14.33,14.33,12.0,8.25,250.0,444.0,300.0,488.0
WŁOSZCZOWSKI,52.62,41.69,40.6,40.92,53.0,14.08,13.0,9.94,8.33,254.0,429.0,312.0,504.0
ZAWIERCIAŃSKI,52.21,41.0,40.36,40.78,0.0,18.46,24.73,19.45,13.69,229.0,554.0,284.0,629.0
CZĘSTOCHOWA (MIASTO),51.25,41.7,40.25,41.67,0.0,15.56,17.63,14.89,10.18,218.0,460.0,302.0,534.0
SOSNOWIEC,54.14,42.0,40.0,40.0,0.0,16.75,26.8,19.4,14.0,313.0,625.0,364.0,686.0
RADOM (MIASTO),0.7006224890702573,0.5549351378066597,0.528066015562493,0.5468338949189713,0.6751035739740386,0.19415978787493351,0.16202485775376926,0.1452822891192131,0.10531615753995002,4.793235375215674,9.991532894815771,5.130787162202694,8.303773959880674
BIALSKI (BIAŁA KRAKOWSKA),77.54569207236119,71.97982769745353,61.90065946397946,62.535829942439676,0.0,29.32621882978627,53.64045713481333,42.98039343340153,20.135562396510107,441.84113932906746,814.4754595197261,458.28250315674927,777.8651185628057
BOCHEŃSKI,49.4,41.3,37.7,37.8,0.0,13.5,31.64,23.91,11.73,191.0,382.0,273.0,523.0
BRZESKI (BRZESKO),51.18,40.5,39.5,38.73,0.0,14.64,31.53,22.83,10.31,212.0,439.0,297.0,535.0
CHRZANOWSKI,50.86,41.57,41.56,41.5,0.0,21.06,33.0,24.75,12.05,241.0,486.0,246.0,486.0
DĄBROWSKI,49.64,39.69,36.25,38.64,0.0,14.55,24.82,17.73,8.21,200.0,393.0,305.0,514.0
GORLICKI,68.11119547730183,56.46673663001638,53.58062054705365,54.732623837792914,0.0,17.446791739390385,40.06305242505613,27.447408805880137,12.941924502821543,243.18970799943364,463.8443490502214,338.5196837934507,532.6498789700855
JASIELSKI,71.24869718706472,59.16936915065007,55.66845112786352,58.53388374256973,56.09504144193499,18.43046214887651,33.80668117254181,25.10962101276891,11.882343958357257,287.6629386145349,551.6609901794574,394.7938908227612,637.3667324424107
KRAKOWSKI,72.48361482390045,60.175823561735456,55.99031084089239,58.646329873111355,0.0,24.9167661007396,45.05753225753135,33.61303842877689,14.76158246827784,309.5278513295857,623.417727904675,477.54241093457614,841.4588709588559
KRAKÓW (MIASTO),51.71,42.24,39.5,41.12,0.0,18.5,30.93,23.13,10.38,235.0,476.0,342.0,606.0
LIMANOWSKI,53.67,43.46,39.77,42.69,0.0,16.55,30.67,24.78,12.14,188.0,345.0,279.0,438.0
MIELECKI,47.93920225186159,37.931558038254465,35.45451687603958,37.33468064976895,47.25279325510325,14.49417258372325,24.601296362077967,18.214708305282958,8.187168178726312,217.86024679721288,431.74131100452234,277.54798564576436,458.6007934863705
MYŚLENICKI,100.95002052127845,85.35833788056115,77.61807888595618,81.96387384886526,0.0,28.71140295368029,57.2707851912449,41.38262614814176,22.235776812552004,370.5335852793328,762.6316836272672,515.88934037306,892.0388263615648
NOWOSĄDECKI,85.68512231632678,71.38752393831777,67.70078548300417,69.70839874895142,0.0,23.565618502862655,44.76174371836603,32.53319377843036,16.370491824702473,319.37146084753937,659.5403136921839,423.553353706658,678.9094642955934
NOWOTARSKI,63.89121648001864,57.835220231420365,54.78464778606404,52.87070889178329,0.0,18.306426613161452,23.983029796768403,19.568088092568146,12.62336157064948,300.72922205627606,534.0662791670939,328.8557825058632,519.3336081455826
ROPCZYCKI,77.46130281293529,64.41063084934993,61.091548872136485,62.86611625743028,43.90495855806502,19.839537851123488,30.8433188274582,23.680378987231094,12.877656041642744,311.3370613854651,629.3390098205427,444.2061091772389,754.6332675575893
TARNOWSKI,58.4336822063714,49.115739431665844,46.34859396994218,47.77897741325566,0.0,19.047589757746962,32.05520385657785,23.949397415689504,11.897583672475982,243.438831153027,485.6153372575947,336.92696249989126,587.4406567343212
WADOWICKI,92.43085572158748,76.07533576861974,71.18593949540443,73.41890037598709,0.0,31.561484806132114,58.21036070730549,44.84367195302779,23.80991018825119,484.9762408220133,858.6307052685064,493.8556584046887,792.1071289107812
ŻYWIECKI,67.9286003808538,53.95545486020975,50.7003635277035,48.49435706781334,0.0,26.557700696500266,44.297834912336526,32.1121819440839,16.33380656375938,299.39196118372473,530.7781445127315,313.5743046250627,493.1964470604099
BIALSKI (BIAŁA PODLASKA),82.02665720288334,63.73812176022662,62.87422131742048,66.57328306749707,23.478106270530226,21.6705874949784,23.48904574002263,18.10768620030192,11.511964671875738,312.4927411437669,713.5889789207731,523.5979054595045,746.419919725118
BIŁGORAJSKI,51.29,41.57,36.6,39.8,49.17,13.71,14.33,11.71,8.0,272.0,494.0,276.0,419.0
CHEŁMSKI,51.42,41.1,39.0,40.81,46.08,14.05,13.33,10.44,5.49,291.0,560.0,294.0,504.0
GARWOLIŃSKI,52.07,41.62,40.85,41.36,52.17,14.21,18.38,14.69,7.45,329.0,650.0,365.0,733.0
HRUBIESZOWSKI,50.67568446816901,39.799657034298626,37.28150931029641,37.1469365753502,0.43359688923271233,10.949094341265699,9.857814928398385,8.091454698924172,3.558937472640022,320.38382386019435,672.649868066871,328.61754142411166,617.3653423368847
JANOWSKI,51.24,39.67,37.0,38.79,46.89,15.56,14.93,12.97,8.23,278.0,586.0,250.0,275.0
KRASNOSTAWSKI,53.45,43.37,42.25,40.84,51.0,12.84,12.28,10.0,5.18,295.0,543.0,297.0,470.0
LUBARTOWSKI,49.45,38.4,37.05,37.65,54.35,13.79,14.44,11.06,6.69,255.0,530.0,280.0,495.0
LUBELSKI,52.450507377019136,41.575649234045386,41.037388611020106,40.71841935293105,43.60907825436312,13.954905041396199,14.453294507160349,13.456515575632048,4.9838946576415,352.85974176101814,731.6357357417721,344.88551030879177,722.6647253580174
ŁUKOWSKI,50.05,39.37,38.94,38.39,49.72,12.45,11.84,8.37,6.35,267.0,507.0,310.0,563.0
PUŁAWSKI,52.8,40.63,37.56,38.86,52.5,14.18,11.5,10.0,5.38,295.0,545.0,292.0,545.0
RADZYŃSKI,50.252714640470366,37.62730505772489,36.48225608137179,37.50782168627935,39.82779048184693,12.87433327325702,12.197260835065622,8.2742234726037,5.665503196042726,267.8418909904206,567.5460143663188,307.66968147226754,544.6450348392567
SIEDLECKI,78.70654514041802,59.82046864079008,59.44369688988628,58.66225122895782,19.71684913926959,18.20473948906949,22.42213076926683,16.899348097779917,10.84582627050021,342.95544223907103,783.1489287714818,449.1228360188436,828.9337121650682
SOKOŁOWSKI,52.0,40.38,39.8,38.67,45.0,11.25,11.86,10.29,5.68,277.0,510.0,340.0,563.0
TOMASZOWSKI,48.28431553183099,38.93034296570137,36.18849068970359,35.7430634246498,42.23640311076729,11.600905658734302,10.502185071601616,8.90854530107583,5.741062527359978,329.61617613980565,550.350131933129,352.38245857588834,522.6346576631153
WĘGROWSKI,53.58,41.58,41.25,39.27,46.0,12.69,12.1,9.5,5.72,300.0,633.0,400.0,715.0
WŁODAWSKI,50.91,39.25,38.27,39.67,48.13,12.7,10.83,7.39,4.7,258.0,467.0,284.0,467.0
ZAMOJSKI,51.62,38.58,37.25,37.62,46.17,11.38,10.38,9.19,5.42,265.0,521.0,279.0,479.0
LUBLIN (MIASTO),52.78949262298086,41.844350765954616,41.3026113889799,40.98158064706895,0.1409217456368801,14.045094958603801,14.546705492839651,13.543484424367952,5.0161053423585,355.14025823898186,736.3642642582279,347.11448969120823,727.3352746419826
BÓBRECKI,53.33,43.5,38.5,40.75,0.0,9.5,8.5,7.5,6.25,375.0,538.0,488.0,675.0
BRZOZOWSKI,47.6,39.4,35.75,39.0,0.0,13.0,18.0,14.0,7.75,175.0,413.0,280.0,450.0
DOBROMILSKI,58.88328655786462,45.41441065311028,44.29831380825497,44.64384472653928,8.155700019104088,16.257782938847217,23.450254730938973,18.70535975579904,10.350544519041199,219.02975459985726,501.48055149491256,320.2919093045799,584.4904696948649
DROHOBYCKI,55.7335242335057,43.575701575203944,51.377669368659596,46.50430111061917,45.89179664622106,13.294677760291195,15.208939458451091,11.710728361592597,7.051906477598793,212.42024052056078,515.5215442684936,320.74362426476034,635.8642993679654
GRÓDECKI,50.57282439085346,41.122709918724524,37.38646245183907,39.30454447184534,41.55533488219979,13.11326184003294,18.50333957207738,14.354489945795168,6.734429496265938,252.089804844269,494.33046338585797,361.6237430951234,618.2729722902075
JAROSŁAWSKI,49.197963862685725,39.07441363735328,37.902532854161635,37.73695045509739,38.28767382325815,14.117037554642476,19.43433234477399,13.240806746824584,8.162639739684277,256.44593889615163,491.53259203488426,295.14174369731205,549.100917221972
JAWOROWSKI,48.546447764811575,38.3380740766771,34.717295983043826,35.99986076122205,42.56922242860969,12.236385746036426,16.302526969519633,13.310218840682438,6.420242589596279,142.1221160079807,244.53481486577914,254.864288404529,388.6501120909166
KOLBUSZOWSKI,48.88079774813841,37.86844196174554,36.38548312396043,35.865319350231054,0.24720674489675026,15.07582741627675,15.928703637922036,13.495291694717043,7.44283182127369,193.13975320278712,358.25868899547766,243.45201435423564,413.3992065136295
KROŚNIEŃSKI,75.11199310859084,63.386085167492986,56.99708561871621,59.29772177227895,64.09090349723283,19.578361754402337,28.94817933210348,23.951270666313782,12.988180699446566,287.2636098869021,579.4181355771248,381.8454196160539,646.3908542728818
LESKI,61.25,50.0,49.5,48.67,0.0,15.0,17.13,13.71,8.6,236.0,414.0,244.0,450.0
LWOWSKI,50.43,42.0,38.86,41.43,40.0,11.67,19.83,14.83,7.17,276.0,547.0,371.0,700.0
LWÓW (MIASTO),50.43,42.0,38.86,41.43,0.0,11.67,19.83,14.83,7.17,276.0,547.0,371.0,700.0
ŁAŃCUCKI,55.38863327137383,47.792537998115705,44.50759581306916,49.6055298466291,56.49588135190414,14.916151061373784,26.820047399825132,21.19852141420312,11.003750647179137,314.1723130394925,563.0304386389287,333.22975071932336,563.5242236820881
MOŚCISKI,50.4,40.53,39.23,40.46,41.5,13.91,18.58,15.18,7.22,210.0,414.0,306.0,483.0
NIŻAŃSKI,49.7,41.33,40.0,41.0,43.0,16.2,18.75,14.38,8.14,158.0,375.0,193.0,391.0
PRZEMYSKI,51.75,44.0,43.0,44.25,0.0,13.25,21.33,17.33,7.5,263.0,613.0,225.0,438.0
PRZEWORSKI,51.25,38.0,37.8,37.2,40.0,14.33,22.75,17.38,8.7,280.0,550.0,290.0,670.0
RAWSKI (RAWA RUSKA),52.8,42.4,38.8,40.2,45.0,13.5,13.5,10.4,6.6,213.0,500.0,350.0,580.0
RUDECKI,52.32262085847824,41.977011734188224,37.65643167845025,41.07523929136218,44.593142777112135,11.495121249211127,17.34177774665472,12.34734575561816,6.441231734471753,229.90242498422256,459.8048499684451,355.7541834885168,666.9152241999215
RZESZOWSKI,82.99937362003533,67.9313768343913,61.645318568214634,66.14674838109194,68.74321515086302,23.97548718422388,32.39177326807139,26.000207919483092,14.478068653374297,348.5640770736054,688.5514257839466,462.92482966462273,748.0849220450302
SAMBORSKI,66.16386066206474,53.616624062637776,49.19367686955404,50.74248614953201,58.21642252370048,15.682470104364347,20.918790724017395,16.357293888134873,9.794893891470622,235.1003794505121,548.7715097396144,340.7033038465019,674.9356279638336
SANOCKI,57.44,49.44,46.94,47.78,50.0,15.85,19.38,16.0,8.73,170.0,361.0,285.0,450.0
SOKALSKI,48.86299208231606,37.62291097780611,34.64613130530967,36.29879159171238,37.33419321692853,11.89716290512789,10.28432575815658,9.079675790357017,5.28652175951708,267.8106126761007,461.94841740412903,355.4215194251596,526.6610189801385
TARNOBRZESKI,50.0,40.67,36.14,37.67,0.0,18.25,20.88,17.88,8.75,159.0,442.0,208.0,450.0
ŻÓŁKIEWSKI,46.210355991180776,37.38626791246284,34.45109756206825,36.38310842561912,43.19158901688254,11.331986795827246,15.028815275121708,10.347404336517666,5.833186645720911,205.27615425228043,405.90805162102515,303.7344001832385,513.6548113190547
LUBACZOWSKI,53.510143123171005,42.657790633056855,40.20727703250523,42.443405020473044,49.824626088820246,13.898193610077032,14.80802336697428,11.74713871107965,6.921456439981754,201.43971526737613,403.79727974503356,305.6160413145188,523.0607741969825
TURCZAŃSKI,84.95932854656493,74.91326370904801,69.49033995353139,69.23936801330954,26.466080810974365,20.275069196497235,24.652015086592538,20.73661799447349,10.382655111889385,290.44962542906984,608.2263944969793,360.26116258415783,678.709602973336
BRZEZIŃSKI,52.15,43.75,42.33,41.77,0.0,18.2,14.44,11.0,7.35,320.0,644.0,366.0,663.0
KALISKI,51.33,42.5,41.25,41.92,0.0,14.91,15.11,13.0,6.3,279.0,562.0,350.0,667.0
KOLSKI,48.38,39.2,38.46,38.85,0.0,14.84,13.0,11.4,5.9,313.0,575.0,362.0,610.0
KONIŃSKI,99.36,76.27,75.58000000000001,75.17,84.57,24.2,26.4,18.84,9.67,703.0,1288.0,712.0,1284.0
ŁASKI,49.65,38.88,38.5,39.72,45.0,17.68,16.68,12.21,7.75,247.0,545.0,320.0,573.0
ŁĘCZYCKI,49.91,38.58,38.44,37.22,0.0,18.23,18.56,13.78,7.25,365.0,635.0,392.0,642.0
ŁÓDZKI,50.33,43.0,41.67,43.25,0.0,19.75,18.0,14.25,8.25,283.0,467.0,433.0,633.0
ŁÓDŹ (MIASTO),50.33,43.0,41.67,43.25,0.0,19.75,18.0,14.25,8.25,283.0,467.0,433.0,633.0
PIOTRKOWSKI,52.0,39.78,39.17,39.07,0.0,16.86,15.85,12.47,7.75,287.0,583.0,317.0,578.0
RADOMSZCZAŃSKI,50.8,39.57,39.2,39.2,35.5,14.17,15.4,11.8,7.4,290.0,520.0,375.0,600.0
SIERADZKI,50.06,41.41,39.13,40.47,42.67,18.06,14.6,12.75,6.85,331.0,659.0,356.0,659.0
TURECKI,49.75,39.22,36.54,36.6,42.43,13.06,14.42,10.17,7.67,245.0,521.0,321.0,592.0
WIELUŃSKI,51.58,41.23,37.0,41.5,39.0,14.75,14.5,12.05,6.82,392.0,636.0,357.0,554.0
POŁUDNIOWO-WARSZAWSKI,45.99536068770361,35.183018436489704,33.96448462722591,35.2945743486054,0.0,16.69906192131926,18.48395651517044,14.785448967334574,8.461086872775327,348.39769476133705,757.7220799858635,465.960463683266,785.1819968143433
PÓŁNOCNO-WARSZAWSKI,51.990031005968234,39.76849386650555,38.39114603015341,39.89458909096033,0.0,18.87548513761459,20.893008728890965,16.7124670565827,9.563837793262067,393.80508560490864,856.4775630274245,526.6900529149394,887.5163875085996
PRASKO-WARSZAWSKI,53.6,41.0,39.58,41.13,0.0,19.46,21.54,17.23,9.86,406.0,883.0,543.0,915.0
ŚRÓDMIEJSKO-WARSZAWSKI,9.21460830632816,7.04848769700475,6.8043693426206815,7.070836560434277,0.0,3.3454529410661564,3.7030347559385923,2.9620839760827278,1.6950753339626055,69.79721963375435,151.80035698671202,93.34948340179461,157.30161567705719
BARANOWICKI,53.71893822002784,47.87311136669998,45.043221985440766,47.54997520897834,46.15951053029734,12.337926022098992,14.971975307769332,11.750405735332373,6.962115398184432,307.4689500745304,527.7890576120125,231.09131279487002,374.05458257474726
BRASŁAWSKI,61.7,54.42,52.53,45.55,50.0,16.95,11.38,7.73,5.82,231.0,403.0,226.0,403.0
LIDZKI,37.32190408095074,32.238706771412474,31.771675327526797,31.236958167135956,33.33521537879623,9.124034584896917,9.306786019460874,7.188223092849054,5.232105885849641,188.8431490494243,364.8260119628663,188.1662918843726,297.817152622748
NIEŚWIESKI,55.11,47.33,45.1,46.1,45.43,12.75,15.86,12.81,6.29,363.0,637.0,274.0,488.0
NOWOGRÓDZKI,55.34133947622837,50.99008232276871,45.7690105290694,50.3232812393129,49.5857226505227,15.697647550792713,14.68862254847341,11.843239679667777,7.285092879010561,285.5640726014755,526.0266089485993,284.9452152995806,469.09832299575686
SŁONIMSKI,54.67,45.75,44.5,50.0,42.0,13.13,14.45,10.97,6.98,296.0,482.0,254.0,439.0
STOŁPECKI,64.71570676722251,56.92990120386861,52.96459242131438,55.578029338916885,59.676195935281505,14.501488024067058,18.204269147247583,14.327043061334606,8.340626461221696,362.70538602088914,605.5358383540996,302.0085370503232,492.65858401602526
WOŁOŻYŃSKI,48.28401553652127,45.59690510666269,43.57317506417545,42.54871421279187,38.14857088389846,12.872938403041235,12.285132996509672,9.32931152366524,5.54216526158331,297.26159130310486,457.6484950852885,256.9549348552262,397.1885104134706
SZCZUCZYŃSKI (WOJ. NOWOGRÓDZKIE),21.51854155875414,18.61694344450389,18.174892726967855,18.13164760629096,18.988274879348147,5.132262977439802,5.437184815799658,4.160876704808389,2.9163339980233265,109.81084549612417,211.7913109307641,110.6148134594869,177.4050598244715
BRZESKI (BRZEŚĆ N.BUG.),54.24408301622828,42.18410454125842,39.54982571132146,41.776644017265774,40.807254108353256,12.630339742695096,16.41156265564492,11.578742229314468,6.846705861581329,222.7099256267415,555.7160779414264,253.6095770493844,476.00133327055704
DROHICKI,48.75,39.83,37.0,42.3,39.0,11.76,11.53,8.7,4.36,344.0,579.0,297.0,496.0
KOBRYŃSKI,51.35,40.94,40.31,40.71,39.31,14.37,13.26,9.28,5.54,303.0,561.0,320.0,521.0
KOSZYRSKI,50.75,46.1,45.2,45.8,44.67,11.75,13.5,12.0,5.5,217.0,515.0,285.0,529.0
ŁUNINIECKI,58.5,47.63,43.0,47.14,42.17,11.5,12.0,7.0,4.4,294.0,631.0,194.0,394.0
PIŃSKI,52.27,45.5,42.58,45.22,38.53,12.34,10.2,7.56,3.51,342.0,588.0,311.0,522.0
PRUŻAŃSKI,54.38,46.89,42.82,45.5,43.29,14.7,15.33,12.51,8.14,245.0,491.0,224.0,455.0
STOLIŃSKI,49.64,41.6,39.0,41.55,40.5,12.25,12.36,9.15,3.76,325.0,530.0,302.0,494.0
IWACEWICKI,55.88,46.42,44.92,45.5,43.29,12.89,17.5,10.5,5.48,306.0,538.0,288.0,468.0
BRODNICKI,53.465155456522226,41.35652049957967,42.49741827912534,39.33747313105351,2.395128235526564,15.974427923032017,14.103858750281,10.907338384919106,5.661806123780378,490.35775584849523,1023.7655897387554,426.67668527865925,792.8484196092083
CHEŁMIŃSKI,49.68991177857314,40.21163508864341,38.940096210774236,37.08808101253384,0.12032350282253358,14.312254212056075,10.993610024985884,8.35293336382482,5.064301174329247,363.7987606028449,751.21597407701,380.81909315061205,687.440270084195
CHOJNICKI,52.561588836829635,42.21527882903974,41.426117752234745,41.37636206369821,41.90416729476078,15.879338346295697,10.632248131369451,9.07411747636093,6.06601337121521,280.1326026171363,665.7898449699884,291.9712175232093,579.9772022364875
DZIAŁDOWSKI,49.5,39.2,38.5,37.79,42.0,12.61,11.73,9.18,6.0,353.0,648.0,342.0,578.0
GRUDZIĄDZ (MIASTO),49.77,39.4,38.77,38.3,0.0,13.18,11.13,9.06,4.11,353.0,744.0,365.0,674.0
GRUDZIĄDZKI,48.70060846333857,38.55342522514646,37.936961826876356,37.47706056150024,0.0,12.896805697142902,10.890853369438583,8.865330775122512,4.021689788714517,345.4152056973782,728.0139179570805,357.1573656644279,659.5179848159572
KARTUSKI,47.69457966481357,39.67978804069889,37.84971266985303,38.47850779727187,0.0,15.898193221604522,11.224462274521256,9.65716695692506,6.569501331241538,288.1195583844503,593.1321201920931,285.30405781391823,531.1911076403871
KOŚCIERSKI,49.27113805598923,39.393659045070834,38.28222049813859,38.825967880801834,0.0,12.87816244930383,10.620289703862287,8.47864980159913,4.926135487680674,312.4947026747292,693.5717118007283,298.9843474598513,569.1414717533784
LUBAWSKI,47.34520642599664,37.46881190369053,37.94918128707118,36.930798194304195,0.0,12.489603967896842,9.607387667612956,8.348819883155658,3.535518661681568,280.5357198942983,642.7342349633067,325.6904419320792,538.9744481530868
SĘPOLEŃSKI,48.69,39.13,38.62,38.45,0.0,13.44,10.0,7.67,5.25,305.0,611.0,374.0,613.0
STAROGARDZKI,62.89392919567492,50.35260127109326,49.83062879771524,49.69723331046305,0.0008685958088632582,16.71958181049666,13.981558528798011,11.680882328720234,6.4921728960126295,343.687411468906,818.4416382776872,416.81956186674824,790.3865367282294
ŚWIECKI,49.714674611008306,40.446581781393164,39.456328486115126,38.854033819156726,36.45545337622843,14.007348993641108,11.83146627994999,9.744615175080668,5.253381651284328,300.6313578172271,734.6117907256194,358.66614560255834,694.634216466359
TCZEWSKI,82.3823405691475,68.4779371475449,67.01790584485447,64.69789888870103,0.0,22.101429489529806,17.291192980313195,13.220907778022578,6.54708171715464,600.0361719978346,1386.0845172641712,648.3728674719922,1253.7478217900134
TORUŃ (MIASTO),51.03244875694128,39.665031261319285,39.03014890119146,37.861159158733884,0.0,15.448804096443716,14.36043433622459,11.589122446777738,6.651148534672441,399.0689120803465,785.0370770469442,374.88291740881033,742.711586371756
TORUŃSKI,50.62154809006885,39.403800521617704,38.74999177302256,37.563765897304066,0.0,15.298363376868702,14.135989759431842,11.388787385680025,6.546626239222179,394.96695463131294,778.2428137494567,372.4477971453738,735.4379632876319
TUCHOLSKI,52.946081016487284,43.3499220894139,42.280083773374265,41.04949923989581,4.01918723037939,14.4009949944413,9.839374812603065,8.923644480178574,6.283874331250216,322.36439543549716,721.2169684428658,345.28147298185644,633.397581290039
WĄBRZESKI,45.93038157734181,37.24899334152608,37.051261071512926,36.99476613722345,38.60487176447344,12.391222254157816,9.622970473973623,7.6268161290788985,4.434852341723656,326.7290366407874,723.1351589052585,332.3785300697347,627.0937706131539
MORSKI,50.472424972643594,41.3364194796978,39.8946923974896,38.73809697176948,0.0,18.862600296917403,13.398189634260342,11.625184417021979,7.748928224271928,361.3906201325396,774.2636235355877,369.091841446104,656.4827416474335
GDYNIA (MIASTO),1.147982528623445,0.9395944745243613,0.9072504306508893,0.879295935588817,0.0,0.43086887017160896,0.3061132723739313,0.26568321753209134,0.17696812576485388,8.270834076216408,17.74301835344749,8.455657184064819,15.016877512683422
BYDGOSKI,48.24592257174912,37.27413947707804,37.22426773573863,36.974909029041555,0.0,15.15103501891398,12.348243155638913,11.24109049790392,6.0943267916763935,374.03806004560516,686.2351608303369,416.9277575975012,721.1453797679268
BYDGOSZCZ (MIASTO),48.49407742825087,37.46586052292196,37.41573226426137,37.16509097095844,0.0,15.228964981086019,12.411756844361088,11.298909502096079,6.125673208323606,375.9619399543948,689.764839169663,419.0722424024987,724.8546202320732
CHODZIESKI,50.86,38.4,37.9,37.9,0.0,12.0,14.0,11.33,5.81,322.0,623.0,328.0,575.0
CZARNKOWSKI,59.22632592259589,46.77708029812595,43.99261199562334,44.345555928339714,0.0,13.480026128640947,12.408276526416408,10.699891689838955,6.006856963486271,392.3956675935582,820.229086073746,388.68604667912183,741.7223641336464
GNIEŹNIEŃSKI,51.82323969102203,42.17213303749695,41.83590246875996,41.586394220867255,35.86141331604289,14.553256232524193,10.95556262092564,9.461206725163287,6.297270191018533,373.7810405943246,704.0664534492171,387.8981614686413,678.2212695592149
GOSTYŃSKI,55.541871278143304,44.06507230242411,42.52297461440341,43.45966164460347,6.806906947823334,17.187243263596123,12.376197688277916,9.857882503780228,4.9950877167412635,368.2249675088289,746.2567966614405,438.3625866322116,777.4798976619502
INOWROCŁAWSKI,49.06689578865999,38.47121899877782,38.253363961976504,38.619756523869626,0.0,13.299059746553052,12.090954542473028,10.674896803264474,5.684035960179786,369.3633123949582,720.9021217788996,376.2950635659092,668.4188629131281
JAROCIŃSKI,91.92014472124582,72.0446978943171,71.58133970058958,71.52723533494616,0.0,29.84746111900794,24.34910286526531,20.838058368619322,8.895223443471929,731.6716027364264,1380.7909686375285,798.283540526839,1381.6267940117914
KĘPIŃSKI,88.06286427846283,72.2575267382348,72.2086277634026,73.8448043407253,0.0,25.905448423991263,24.084367509096786,21.366391641424755,11.106287461085952,537.9603943438182,991.2299527249938,568.141664063637,928.4118927872563
KOŚCIAŃSKI,90.00154186885203,70.85067807459497,69.70276460424003,69.70211915970353,0.0,26.385851148647667,20.281958022887963,16.341015518033235,8.423152609378358,702.7997037791389,1377.3492343909356,728.9580409503603,1308.0931151432628
KROTOSZYŃSKI,91.53859430924521,74.90153648160958,72.38989047555103,74.18305047833718,39.193093052176664,30.320582286687973,21.05319942156156,18.249607640966893,8.977895333385403,535.2137697835849,1131.5744563456344,649.0557654022421,1182.212750042282
LESZCZYŃSKI,55.20849566539379,44.89903787219958,44.599846437719684,44.897148007449175,0.0,17.54502789855831,15.602047906311533,12.51915858503401,5.556595363842674,439.1289635255182,829.3650333029758,448.4495660412519,840.8561926391014
MIĘDZYCHODZKI,49.75,38.5,37.0,38.33,0.0,12.42,10.0,9.08,5.43,350.0,605.0,420.0,655.0
MOGILEŃSKI,95.86793162487031,74.53134988756187,75.33074543965532,73.11265983519513,0.1388267913731865,24.341074906135308,21.371067377707522,18.29862131094916,7.895323291680258,830.638827573463,1660.3671234298956,825.1819271025145,1516.9074723757649
NOWOTOMYSKI,94.71292542932767,74.57411108916887,73.88408967028674,75.25411108916886,0.0,24.60753471536527,25.10573135733192,20.631218817536613,11.016642021094933,724.1429556968412,1412.9351202856888,751.842396024616,1292.6324187252512
OBORNICKI,45.78272296723974,36.027772969712736,35.043241760918775,38.01713124298631,0.0,11.60588549818454,10.613934835729532,9.276470028670644,5.396656577497285,372.2409929608344,765.4312621170063,342.28761652206623,658.8120870913835
OSTROWSKI (OSTRÓW WIELKOPOLSKI),112.09410392059158,88.19032156444766,84.78332240278235,87.2144139902375,0.0,37.103500323209744,37.15271190357218,33.519843177838254,14.30093166151254,678.1289815452614,1277.726380492067,767.2834179946376,1292.2275807450972
POZNAŃ (MIASTO),48.29,39.36,38.82,38.73,0.0,15.8,12.0,9.56,5.5,416.0,843.0,454.0,811.0
RAWICKI,49.13756501590138,38.3270103819989,38.021371623984756,37.67798265030378,0.0,16.489387513782486,13.527346214855402,11.606540867593443,4.688541265747576,437.8138592116596,798.7902175938315,464.9152424784647,716.2416041785876
SZAMOTULSKI,49.19,38.18,38.67,38.71,0.0,11.89,9.4,8.14,4.5,397.0,765.0,399.0,703.0
SZUBIŃSKI,47.77,37.3,36.47,36.56,0.0,14.5,12.57,10.83,6.66,274.0,570.0,332.0,583.0
ŚREDZKI,48.8,38.8,38.2,38.95,0.0,12.3,10.2,7.64,4.65,300.0,608.0,378.0,609.0
ŚREMSKI,48.394818942164086,38.844118690173296,38.419862377326595,38.883584393693916,0.0,15.105498022518496,10.853068468171356,9.491501696709857,4.706285144834306,365.0577575657638,670.9169598505929,402.55017591035573,675.8501727906707
WĄGROWIECKI,49.33,39.38,38.5,40.9,0.0,12.0,10.5,8.6,4.38,356.0,721.0,394.0,669.0
WOLSZTYŃSKI,47.12,37.11,36.8,36.21,0.0,13.18,10.67,9.3,5.51,291.0,578.0,318.0,558.0
WRZESIŃSKI,48.47,38.2,38.21,38.12,0.0,12.85,10.0,8.13,4.22,308.0,683.0,370.0,648.0
WYRZYSKI,48.08,37.23,37.85,36.42,0.0,11.81,11.43,10.18,4.17,396.0,827.0,369.0,726.0
ŻNIŃSKI,48.92626929611486,38.207366383766306,38.95529717536091,39.831934904491646,0.12358257697313879,11.974472329475953,9.782775703025111,8.028538029784448,4.019621418915612,359.1842988050523,781.1410705747733,367.1841903836038,790.915669402278
POZNAŃSKI,46.26281274848636,37.693218682600865,37.172362101565426,37.0971943493637,0.0,15.090377134074817,11.497113085280805,9.163213921744857,5.266745015102565,398.4223183137332,806.602201807855,434.67355205423195,775.6306515213253
GNIEZNO (MIASTO),48.36777232034317,39.48696765156647,39.135749387829534,38.925018429587375,0.1261773156107869,13.657373055598974,10.245538493583066,8.890839476312042,6.020884521204544,344.1938984621931,642.227682261818,359.24610976520444,622.1580671911362
INOWROCŁAW (MIASTO),50.03310421134,39.22878100122218,39.0066360380235,39.380243476130374,0.0,13.560940253446947,12.329045457526972,10.885103196735523,5.795964039820214,376.6366876050418,735.0978782211004,383.7049364340908,681.5811370868719
DOLIŃSKI,50.658481073909506,43.395853974154626,40.640411358732635,42.84665922606364,0.0,12.233786457474968,16.570531192400306,13.256424953920243,7.30050259962322,180.85551187134047,409.0553985781104,339.9326113183834,568.1324980251533
HORODEŃSKI,48.365685670092105,38.97315525390177,37.12193037934144,38.88546565458049,0.0,14.478527176824509,16.14462956392881,12.179111016844304,7.4048994982413365,313.7338997939093,562.1877645375331,417.01276121674897,653.7746793842023
KAŁUSKI,47.46174764499335,38.52105770786034,37.408227151855485,38.996626321537626,38.045489094183054,10.652736946371254,16.169332865027798,13.078136876125424,7.200108811074143,229.2240717924529,441.3276734925234,355.72532303061155,622.9948839172474
KOŁOMYJSKI,104.57431432990789,86.22684474609824,80.03806962065856,82.49453434541951,0.0,31.34147282317549,35.28537043607119,28.240888983155696,15.025100501758663,480.2661002060907,1106.812235462467,841.9872387832511,1384.2253206157977
KOSOWSKI (KOSÓW HUCULSKI),53.43,47.71,46.0,46.57,43.0,14.75,18.0,14.86,8.75,136.0,329.0,359.0,569.0
NADWÓRNIAŃSKI,82.93431881759938,67.14524072292151,61.52826906214905,66.64683886471828,71.81748608227196,21.20190270881591,29.56008288668572,23.304543663286655,11.02438785237605,282.1275211694216,615.4414746515947,642.084244334608,1109.2532170037364
ROHATYŃSKI,50.4,41.07,38.4,40.3,42.0,9.65,14.05,11.68,5.43,339.0,620.0,409.0,666.0
STANISŁAWOWSKI,76.52993436446279,63.41428513571762,58.468179668185634,62.95511194625573,64.01580816769595,17.197389445123175,23.638700759921345,19.160410873889724,8.88389625572599,367.4512426898885,756.5019600174303,627.679957434654,1041.7313966500703
STRYJSKI,111.16452445545995,91.73719202976349,84.8024311843926,87.891028752142,50.83614823698449,30.251223933174593,33.64625105886221,25.846024452893943,14.016045562922542,336.71772313359475,700.4153183004116,596.0944511431668,1001.5735772926296
ŚNIATYŃSKI,48.83,39.83,37.6,39.0,0.0,12.67,14.67,11.33,7.33,230.0,522.0,358.0,573.0
TŁUMACKI,48.89633524659055,40.768318251797204,38.71658580650956,41.18261038017259,43.648634953835625,9.765457311705598,14.796147441978178,9.864098294652118,4.19224177522715,316.637555258333,549.4302750121229,408.3736693985977,719.0927656801395
ŻYDACZOWSKI,46.16699447063055,37.01695399608189,35.11715745687475,36.532312021794354,42.16385176301551,9.624989609350436,13.783217748737485,11.437550593185817,6.833451837454238,207.42676499506481,393.5292831214781,347.97293753844986,590.2939246822172
BIELSKI (BIELSKO),47.56,41.33,39.0,39.3,0.0,18.65,34.36,27.86,15.13,266.0,520.0,329.0,592.0
BIELSKO (MIASTO),51.27,48.8,41.54,40.87,0.0,18.77,36.36,29.25,13.38,280.0,543.0,286.0,509.0
CIESZYŃSKI,52.13,43.81,41.57,39.56,0.0,28.14,37.68,27.18,13.1,305.0,659.0,388.0,679.0
TARNOGÓRSKI,50.91,43.9,40.5,41.56,0.0,20.22,32.5,24.2,10.14,306.0,909.0,359.0,691.0
KATOWICE (MIASTO),53.56,45.4,44.8,43.18,0.0,16.45,32.83,24.33,11.77,345.0,845.0,416.0,714.0
KATOWICKI,47.420014795862656,40.195456903139736,39.66423941102776,38.22995218232542,0.0,14.564212908736755,29.06645044339378,21.540869305140745,10.42071647026332,305.4500579643879,748.131301391037,368.31079453097203,632.1488156132549
LUBLINIECKI,47.82,42.09,41.5,41.7,0.0,19.1,25.36,21.82,7.95,329.0,663.0,373.0,611.0
PSZCZYŃSKI,47.3,41.35,40.95,40.55,0.0,18.35,34.0,25.75,10.26,328.0,643.0,345.0,600.0
RYBNICKI,48.83,42.21,42.38,42.2,0.0,16.4,35.29,28.86,9.53,366.0,705.0,413.0,681.0
ŚWIĘTOCHŁOWICKI,52.171208842985315,43.971469792757624,43.42022683139778,42.32758453298809,0.0,17.718523757995015,37.62233211280941,28.940255471391854,11.704069304586707,364.2140994698975,856.3953149697589,462.6503425698698,890.8480000547493
CHORZÓW,59.96877636115203,50.573073304102635,49.93553375757446,48.62246328468649,0.0,20.16726333326823,42.5812174437968,32.64887522346739,13.425214225149974,415.3358425657146,980.473383639204,525.0388628991581,1001.0031843319957
BORSZCZOWSKI,47.60104710233939,38.74229143813231,36.1929384192105,37.99421873759927,45.77023759840326,9.980864715006648,11.457323992374494,8.858755664207083,5.984581604264341,376.989268821257,643.7362449323814,434.0790275461471,635.8617954530862
BRODZKI,49.81198113228938,39.17996401285071,36.90501398844304,38.41991133311364,39.78164388842825,12.770405680747391,13.111063943601156,11.32799910542982,4.810558311669114,276.9742009604131,479.990004881535,365.8825756354498,568.8378212449026
BRZEŻAŃSKI,46.853419375527395,37.042255971886675,36.443317504989054,36.017682934366405,37.55108670000848,8.427927796188788,10.224553109585562,9.394135613160826,4.107414638316505,258.3680242600017,453.8874820234853,369.6379166230289,580.5007605397504
BUCZACKI,47.35936083215811,37.8442381078889,35.47528709905742,36.45825432263894,43.574937021369216,9.583930429919917,10.20319978077628,7.372254176861474,4.914836117907649,285.06049483864365,472.8072345427159,432.50557837587314,617.3034164092007
CZORTKOWSKI,51.87609432996621,39.863571214175366,39.346053923254864,39.79532774077969,45.38852873148526,14.339678168078732,12.961976872737727,10.40720917559197,4.4929535479789395,412.8285416392765,690.5356076857001,484.09905984153625,745.8438034836132
KAMIONECKI,50.36640712237799,40.21233612873762,36.175433637775676,38.919099822390315,42.053238114125875,11.421823439669533,13.400426627803805,8.971912176121194,5.282827551430674,250.1588407874621,500.6189050888776,332.8857479656902,651.8625527549115
PODHAJECKI,46.281767916928864,36.63567313003211,35.63208953099134,35.62234600090357,36.44080252827662,7.551235818025236,11.06865017971183,7.512261697674138,4.024077926250867,320.562139887781,486.20215137994745,376.10026138809565,534.9198018188199
PRZEMYŚLAŃSKI,48.43,40.27,38.38,38.91,45.2,9.68,11.1,9.18,6.04,264.0,508.0,371.0,629.0
RADZIECHOWSKI,45.83801886771062,35.07003598714929,33.03498601155697,34.25008866688636,36.83835611157175,8.189594319252608,9.058936056398846,6.362000894570182,4.939441688330886,161.0257990395869,407.00999511846504,235.11742436455017,476.16217875509744
SKAŁACKI,45.815188138077666,35.892520448069135,33.167347599234255,34.62014009356086,37.98150311964988,8.859185602658334,12.34398851388621,8.38441681366271,4.500808119678511,288.6594237093391,575.4197722626957,368.4205802606038,635.2406396761442
TARNOPOLSKI,50.222409469689424,38.73964705864548,37.725547170729804,37.63224601510318,41.25759192978292,9.635320065636119,12.923393575410461,9.727448147341613,5.552171215267552,287.21971188928984,501.511428199932,455.38668477353434,639.6904541666181
TREMBOWELSKI,51.8292407788131,41.136725706266816,37.61008577388327,39.42519986465987,42.955375243063706,10.869495961261265,8.889225376640692,7.755550014136391,5.822409808587704,310.7725839676858,539.4235515364549,417.37594434187076,681.1480437050917
ZALESZCZYCKI,46.24614029704732,38.1685068603552,36.59544324006749,37.521910157537555,40.53292763931526,14.640107435438392,11.580836468375788,9.650697056979823,3.937484399247768,339.7045364056898,590.6226598871652,402.4340672760586,623.4350298808965
ZBARASKI,48.55,39.73,38.38,38.56,41.4,7.43,10.0,8.58,5.07,281.0,518.0,323.0,575.0
ZBOROWSKI,46.6,33.0,30.5,32.5,33.33,9.0,10.5,8.67,5.5,258.0,467.0,303.0,483.0
ZŁOCZOWSKI,48.84024480412516,39.39848498099342,36.447337494846394,37.90900016027818,41.620979652063056,9.469026859375328,12.296432338917905,10.131007697004119,5.857464043331335,271.7543922841567,507.52462588596813,370.95833242591164,601.8216169458952
KOPYCZYNIECKI,48.31299568580644,38.37566824625132,38.21062804988229,37.38148662016645,44.41959119065879,12.864767595770633,11.46258817688791,7.260081932430049,4.342627928096831,254.39488367093955,589.1524843758506,360.09768537478016,655.9839916155851
BŁOŃSKI,53.55,43.44,41.62,41.92,64.0,18.9,15.3,10.5,6.56,379.0,730.0,441.0,773.0
CIECHANOWSKI,52.13,40.0,39.0,39.77,48.33,12.5,9.1,7.4,4.41,332.0,773.0,375.0,710.0
GOSTYNIŃSKI,52.44,41.63,39.29,41.07,43.83,15.88,11.4,8.63,4.92,406.0,750.0,358.0,605.0
GRÓJECKI,54.84,41.88,40.33,42.53,52.5,15.24,18.22,13.91,8.41,335.0,738.0,380.0,760.0
KUTNOWSKI,51.31,40.43,40.08,39.2,0.0,17.0,12.25,10.13,5.13,423.0,762.0,446.0,892.0
LIPNOWSKI,52.199265373058054,41.29373833362389,39.49273432437427,41.174334752900165,50.746521807585985,14.527435654720694,17.661779648718653,12.64682925832192,6.845805294827286,365.1759510467462,619.9035899240406,330.34990666899114,504.4801285577666
ŁOWICKI,49.64,40.4,37.45,40.2,44.0,15.0,14.44,11.0,7.0,418.0,809.0,425.0,750.0
MAKOWSKI (MAKÓW MAZOWIECKI),52.83,39.0,39.0,37.71,45.0,12.3,11.0,8.56,4.54,275.0,505.0,315.0,555.0
MIŃSKI,51.5,38.0,38.0,37.25,45.0,14.0,18.67,12.67,7.5,313.0,516.0,420.0,750.0
MŁAWSKI,50.44,39.71,37.54,38.91,50.0,13.15,9.86,8.07,5.35,283.0,585.0,300.0,563.0
NIESZAWSKI,51.35,39.88,38.95,39.05,0.0,13.15,11.63,9.43,5.35,395.0,649.0,390.0,629.0
PŁOCKI,51.39,39.68,38.63,39.61,53.2,15.97,10.37,8.79,5.75,359.0,693.0,353.0,640.0
PŁOŃSKI,50.67,39.85,39.17,40.18,0.0,13.57,13.0,9.8,4.67,386.0,700.0,398.0,691.0
PRZASNYCKI,50.0,38.4,36.75,38.3,0.0,11.71,7.0,5.5,4.33,300.0,461.0,336.0,550.0
PUŁTUSKI,52.08,39.36,37.92,38.56,50.0,13.66,15.45,11.25,5.73,350.0,713.0,370.0,710.0
RADZYMIŃSKI,51.11,40.94,40.38,39.38,48.88,14.58,16.0,11.76,6.72,288.0,538.0,409.0,718.0
RAWSKI (RAWA MAZOWIECKA),50.0,39.11,37.74,39.56,45.0,16.97,15.09,11.29,5.56,317.0,595.0,361.0,545.0
RYPIŃSKI,49.75,38.71,37.93,38.3,0.0,12.56,9.8,7.4,4.8,419.0,715.0,354.0,608.0
SIERPECKI,52.36073462694194,40.326261666376105,39.07726567562573,41.08566524709984,49.38347819241402,12.832564345279305,11.988220351281347,8.24317074167808,5.244194705172713,321.8240489532538,591.0964100759594,311.65009333100886,532.5198714422335
SKIERNIEWICKI,51.8,40.67,39.2,39.44,0.0,15.92,13.4,10.6,5.13,404.0,692.0,368.0,654.0
SOCHACZEWSKI,49.86,39.43,37.4,38.86,0.0,17.43,16.0,14.0,7.33,354.0,644.0,369.0,606.0
WARSZAWSKI,53.6,41.0,39.58,41.13,59.0,19.46,21.54,17.23,9.86,406.0,883.0,543.0,915.0
WŁOCŁAWSKI,51.0,40.83,39.36,39.75,50.0,16.13,11.71,10.29,6.0,337.0,667.0,416.0,717.0
DUBIEŃSKI,46.71,35.67,32.5,32.71,39.0,6.94,12.03,11.06,4.65,286.0,621.0,310.0,607.0
HOROCHOWSKI,50.33,38.36,36.4,36.82,38.5,7.22,8.5,6.67,4.19,269.0,550.0,310.0,503.0
KOWELSKI,51.55,40.46,38.67,40.41,43.1,15.21,13.86,9.62,5.56,245.0,489.0,325.0,537.0
KRZEMIENIECKI,46.45,35.85,32.38,34.58,39.85,8.64,10.73,7.82,4.74,280.0,414.0,302.0,453.0
LUBOMELSKI,50.75,39.17,37.17,38.0,39.75,13.13,16.5,11.25,6.5,245.0,463.0,313.0,542.0
ŁUCKI,48.25,40.86,36.29,36.5,38.75,9.89,10.8,7.8,4.28,288.0,518.0,286.0,496.0
RÓWIEŃSKI,44.78,36.9,34.3,36.82,40.67,9.69,9.73,8.0,3.17,366.0,613.0,325.0,540.0
WŁODZIMIERSKI,48.27,37.5,35.67,36.3,41.29,12.0,8.7,7.19,3.38,275.0,535.0,276.0,545.0
KOSTOPOLSKI,43.5,35.14,33.6,36.75,40.8,10.26,9.24,5.7,2.85,235.0,394.0,254.0,503.0
ZDOŁBUNOWSKI,49.43,38.0,36.0,33.88,35.67,7.41,12.04,9.54,4.59,295.0,493.0,324.0,538.0
SARNEŃSKI,53.5,45.67,43.11,45.44,42.27,12.83,11.64,9.81,4.82,232.0,490.0,263.0,509.0
OSZMIAŃSKI,59.77431138460004,58.77807286152337,54.4643600566014,52.47188301044807,52.30252246152503,14.873841149534641,14.34583473230401,10.95862375384334,8.667275150767004,281.93550203069685,415.4314641229702,298.8715569230002,465.2433902768036
ŚWIĘCIAŃSKI,63.2,54.09,50.3,49.64,51.0,18.33,12.0,9.77,6.83,278.0,500.0,258.0,460.0
WILNO (MIASTO),62.0,52.56,51.88,51.2,0.0,16.82,14.25,10.38,8.57,314.0,564.0,350.0,605.0
DZIŚNIEŃSKI,55.67,50.0,47.92,41.43,45.0,14.36,12.0,8.28,6.8,254.0,461.0,248.0,436.0
WILEJSKI,58.5,52.0,50.5,48.56,46.29,16.13,13.46,10.13,6.73,306.0,505.0,251.0,407.0
WILEŃSKO-TROCKI,62.22568861539996,52.781927138476625,52.0856399433986,51.39811698955193,51.367477538474965,16.876158850465355,14.30416526769599,10.42137624615666,8.602724849232994,315.06449796930315,565.5685358770297,351.12844307699976,606.7566097231963
POSTAWSKI,59.89,54.0,50.44,47.67,51.0,13.25,11.04,9.25,5.62,280.0,497.0,296.0,475.0
MOŁODECZAŃSKI,55.82,49.57,48.25,45.07,47.5,14.29,12.46,9.94,5.83,335.0,561.0,296.0,484.0
