District,Kategoria IR,Kategoria IPR,Kategoria IIR,Kategoria IIPR,Kategoria IIIR,Kategoria IIIPR,Kategoria IVR,Kategoria IVPR,Kategoria VaR,Kategoria VaPR,Kategoria VbR,Kategoria VbPR
AUGUSTOWSKI,0.0,0.0,71.0,4.0,401.0,47.0,92.0,16.0,12.0,3.0,21.0,0.0
BIAŁOSTOCKI,14.78736133074722,0.0,419.96106179322106,25.631426306628516,2260.494635426892,151.81690966233813,637.8281853995635,111.3981220249624,11.829889064597777,4.929120443582407,163.6467987269359,38.447139459942775
BIELSKI (BIELSK PODLASKI),1.0,0.0,116.0,10.0,1098.0,63.0,430.0,73.0,8.0,0.0,39.0,9.0
GRODZIEŃSKI,4.647777875527806,0.0,267.7120056304016,18.591111502111225,1653.6793681127933,139.43333626583419,514.0442330333753,151.51755874220646,28.816222828272398,5.577333450633367,90.16689078523943,33.4640007038002
ŁOMŻYŃSKI,4.0,0.0,149.7070344104298,4.74522604560331,1021.2296389707608,53.79832433442427,517.3293072226339,120.85142262324524,2.7452260456033097,1.5817420152011032,63.65393612160882,11.74522604560331
OSTROŁĘCKI,0.0,0.0,38.292965589570215,4.254773954396691,642.7703610292392,56.20167566557573,442.6706927773661,65.14857737675477,2.2547739543966907,0.4182579847988968,8.346063878391174,1.2547739543966905
OSTROWSKI (OSTRÓW MAZOWIECKA),0.0,0.0,59.0,2.0,771.0,23.0,469.0,47.0,0.0,0.0,5.0,1.0
SOKÓLSKI,0.0,0.0,0.0,0.0,0.0,0.0,749.0,68.0,6.0,2.0,21.0,5.0
SUWALSKI,4.0,0.0,172.0,7.0,679.0,42.0,199.0,81.0,1.0,0.0,22.0,11.0
SZCZUCZYŃSKI (WOJ. BIAŁOSTOCKIE),2.0,0.0,72.0,6.0,405.0,18.0,261.0,47.0,2.0,1.0,6.0,0.0
WOŁKOWYSKI,2.0,0.0,86.0,8.0,709.0,56.0,339.0,73.0,16.0,2.0,53.0,11.0
WYSOKOMAZOWIECKI,0.0,0.0,49.0,2.0,377.0,22.0,336.0,31.0,0.0,0.0,2.0,0.0
BIAŁYSTOK (MIASTO),0.21263866925277913,0.0,6.038938206778927,0.3685736933714838,32.50536457310817,2.183090337661866,9.17181460043654,1.6018779750376029,0.1701109354022233,0.07087955641759304,2.353201273064089,0.5528605400572257
BĘDZIŃSKI,12.434275509071444,0.0,185.8764774817603,7.970689428891951,1261.9195503821738,80.34454944323087,678.7839117644386,113.82144504457706,10.840137623293053,6.057723965957883,183.00702928735922,34.75220590996891
CZĘSTOCHOWSKI,13.641604815713158,0.9744003439795114,386.836936559866,16.564805847651694,1874.7462618165798,115.95364093356186,1655.5061844211898,364.42572864833727,2.923201031938534,0.0,110.10723886968478,17.539206191631205
IŁŻECKI,1.0,1.0,41.0,6.0,546.0,26.0,548.0,44.0,1.0,0.0,30.0,3.0
JĘDRZEJOWSKI,2.007965578958403,0.0,62.74079884313146,2.0238967368752085,626.9821497977605,45.37438221104493,630.2297224269118,69.26286410562729,0.01593115791680559,0.007965578958402796,29.20710505291847,8.023896736875209
KIELECKI,6.0,0.0,213.0,8.0,1265.0,68.0,985.0,110.0,3.0,7.0,91.0,34.0
KONECKI,4.0,0.0,79.0,8.0,865.0,29.0,1145.0,128.0,7.0,1.0,52.0,4.0
KOZIENICKI,0.0,0.0,49.0,6.0,389.0,17.0,1062.0,97.0,0.0,0.0,7.0,1.0
MIECHOWSKI,0.9920344210415972,0.0,92.25920115686854,2.9761032631247915,745.0178502022395,46.62561778895507,526.7702775730882,32.737135894372706,1.9840688420831945,0.9920344210415972,25.79289494708153,2.9761032631247915
OLKUSKI,1.0,0.0,78.0,6.0,774.0,35.0,796.0,103.0,1.0,0.0,24.0,3.0
OPATOWSKI,5.0,0.0,93.0,10.0,701.0,47.0,1033.0,121.0,4.0,0.0,64.0,14.0
OPOCZYŃSKI,1.0,0.0,44.0,3.0,389.0,9.0,847.0,126.0,2.0,0.0,3.0,3.0
PIŃCZOWSKI,2.0,0.0,62.0,2.0,552.0,36.0,768.0,154.0,1.0,0.0,36.0,6.0
RADOMSKI,12.82447307076675,0.0,293.9763826991147,13.81097099928727,1092.0532068722148,42.41941092638233,1484.6793824233814,138.1097099928727,1.9729958570410384,0.0,13.81097099928727,5.9189875711231155
SANDOMIERSKI,2.0,0.0,45.0,1.0,543.0,15.0,862.0,36.0,0.0,0.0,27.0,1.0
STOPNICKI,0.0,0.0,61.0,21.0,660.0,64.0,968.0,206.0,1.0,1.0,35.0,7.0
WŁOSZCZOWSKI,0.0,0.0,43.0,3.0,440.0,10.0,420.0,62.0,1.0,0.0,26.0,5.0
ZAWIERCIAŃSKI,25.74998688308824,0.0,384.9292910984729,16.506401848133486,2613.2935405964936,166.38453062918555,1405.6851813870478,235.7114183913462,22.44870651346154,12.54486540458145,378.98698643314486,71.96791205786201
CZĘSTOCHOWA (MIASTO),0.3583951842868415,0.02559965602048868,10.163063440134005,0.43519415234830755,49.25373818342022,3.0463590664381526,43.49381557881026,9.574271351662766,0.07679896806146604,0.0,2.8927611303152205,0.46079380836879624
SOSNOWIEC,0.8157376078403161,0.0,12.194231419766776,0.5229087229745616,82.78690902133259,5.270919927583581,44.530906848513666,7.46713656407674,0.7111558632454038,0.3974106294606668,12.005984279495934,2.2798820321690885
RADOM (MIASTO),0.17552692923325003,0.0,4.02361730088527,0.18902900071273082,14.946793127785215,0.5805890736176732,20.320617576618563,1.890290007127308,0.027004142958961544,0.0,0.18902900071273082,0.08101242887688463
BIALSKI (BIAŁA KRAKOWSKA),3.0,0.0,175.8461596744294,2.5220681913840886,937.1740732421829,38.3972274449136,765.0769580465765,42.308954679377244,0.5220681913840887,2.566204574152266,44.61790935875448,4.088272765536354
BOCHEŃSKI,0.0,0.0,21.0,0.0,437.0,2.0,1105.0,42.0,0.0,0.0,1.0,0.0
BRZESKI (BRZESKO),0.0,0.0,23.0,1.0,278.0,5.0,696.0,14.0,5.0,1.0,4.0,3.0
CHRZANOWSKI,2.0,0.0,140.0,5.0,1320.0,52.0,837.0,43.0,4.0,0.0,22.0,2.0
DĄBROWSKI,0.0,0.0,7.0,0.0,237.0,3.0,579.0,10.0,0.0,0.0,0.0,0.0
GORLICKI,0.2810840457110494,0.0,43.87035327990938,2.0,463.16846585044794,30.248672365688396,734.206188067717,28.686504274266298,24.0,8.0,9.405420228555247,14.0
JASIELSKI,3.0,1.0,46.92386100476831,1.0021600327712499,540.2629677701541,17.243229344249986,710.3389659241543,38.137223311739874,3.0,0.0,14.008640131084999,0.0
KRAKOWSKI,0.0,0.0,16.913924263489164,1.0,468.74114585678825,56.14240532936146,640.3639340726148,104.47468443120485,4.0,0.0,171.0,9.0
KRAKÓW (MIASTO),89.0,5.0,1392.0,38.0,2932.0,108.0,1556.0,83.0,17.0,4.0,161.0,22.0
LIMANOWSKI,0.0,0.0,11.0,0.0,395.0,6.0,344.0,5.0,0.0,0.0,20.0,0.0
MIELECKI,0.0,0.0,18.9011173020413,1.9895912949517158,291.47512471042637,1.9895912949517158,644.627579564356,18.9011173020413,0.0,0.0,4.973978237379289,0.9947956474758579
MYŚLENICKI,0.37031469871770245,0.0,28.45338416598447,4.073461685894727,458.9094873739101,32.187420689853795,823.6809680554612,61.18947701109176,1.7406293974354048,0.37031469871770245,5.332832288459322,0.0
NOWOSĄDECKI,0.556408347700225,1.0,135.5794337356063,66.0,1011.5917293531681,205.4512667816018,1156.8918037928595,208.33845008620136,2.0,1.0,10.782041738501125,4.0
NOWOTARSKI,3.126560449587119,0.0,190.96082472729157,35.39216494545831,675.4494094810904,133.9733083239885,841.3176755836505,77.69522023142036,0.2531208991742385,2.126560449587119,1.1390440462840734,0.0
ROPCZYCKI,0.0,0.0,49.076138995231695,0.9978399672287503,460.73703222984597,7.756770655750016,701.6610340758457,45.86277668826013,0.0,0.0,3.9913598689150014,0.0
TARNOWSKI,5.162507606588726,0.0,89.55021298448432,3.0,848.2398047963839,13.300060852709805,1306.9020081394235,106.97504563953235,1.0,0.0,26.81253803294363,3.0
WADOWICKI,1.320781410357184,0.0,126.79681789521571,4.006527322544935,1060.2109729406861,88.812001407589,886.012500980588,90.12620878669604,15.11949462933028,1.7545768362049183,79.26912333446018,5.911727234463646
ŻYWIECKI,1.1823434413379945,0.0,93.0288892735897,7.005777854717938,682.5149111053424,22.48763680429365,423.5479632611091,29.20545486020975,0.36468688267598887,0.18234344133799443,1.64109097204195,1.0
BIALSKI (BIAŁA PODLASKA),0.0,0.0,51.512088522949405,0.0,590.2926243410582,45.857427681155436,443.01222874656355,114.22702269609695,53.274879779957324,0.021526189769134025,70.4317857619775,1.620218938163353
BIŁGORAJSKI,0.0,0.0,40.0,1.0,667.0,47.0,416.0,45.0,24.0,2.0,36.0,13.0
CHEŁMSKI,0.0,0.0,0.0,0.0,1139.0,121.0,605.0,197.0,42.0,12.0,106.0,18.0
GARWOLIŃSKI,1.0,0.0,75.0,3.0,915.0,57.0,922.0,163.0,1.0,0.0,0.0,0.0
HRUBIESZOWSKI,0.0,0.0,42.44711186140706,4.040646532855187,944.9463971731891,44.78244575746236,232.9713568434766,59.60969799282781,9.0,1.0,169.03048489964138,11.010161633213796
JANOWSKI,1.0,0.0,81.0,1.0,852.0,40.0,781.0,142.0,2.0,0.0,37.0,1.0
KRASNOSTAWSKI,3.0,0.0,104.0,5.0,676.0,46.0,336.0,61.0,5.0,0.0,42.0,0.0
LUBARTOWSKI,0.0,0.0,32.0,3.0,563.0,34.0,345.0,32.0,0.0,0.0,5.0,0.0
LUBELSKI,25.54405753135246,0.0,446.0385430474622,19.64927502411728,1892.225184822494,130.6676789103799,1705.5570720933797,288.844342854524,43.22840505305801,2.947391253617592,217.12448901649594,9.82463751205864
ŁUKOWSKI,0.0,0.0,57.0,3.0,759.0,40.0,377.0,31.0,40.0,5.0,47.0,7.0
PUŁAWSKI,0.0,0.0,93.0,4.0,1170.0,46.0,826.0,176.0,0.0,0.0,0.0,0.0
RADZYŃSKI,0.0,0.0,43.81056953003162,0.0,427.15305291780834,32.85792714752372,365.41997767094557,68.70293858118595,13.939726668646426,4.9784738102308665,24.892369051154333,2.98708428613852
SIEDLECKI,0.0,0.0,132.42500069432646,4.0,914.0434879210636,62.065217995066476,582.821741183226,138.78478339358642,19.719565398519943,2.0,68.11630588741953,21.359782699259974
SOKOŁOWSKI,2.0,0.0,24.0,2.0,376.0,23.0,354.0,43.0,1.0,0.0,12.0,1.0
TOMASZOWSKI,0.0,0.0,43.55288813859294,3.9593534671448127,774.0536028268109,76.21755424253764,192.02864315652343,59.39030200717219,0.0,0.0,2.9695151003586098,0.9898383667862032
WĘGROWSKI,1.0,0.0,29.0,4.0,380.0,22.0,328.0,60.0,2.0,0.0,35.0,0.0
WŁODAWSKI,0.0,0.0,69.0,1.0,692.0,46.0,431.0,105.0,18.0,4.0,98.0,10.0
ZAMOJSKI,5.0,0.0,102.0,5.0,928.0,73.0,620.0,99.0,20.0,2.0,60.0,1.0
LUBLIN (MIASTO),0.4559424686475392,0.0,7.9614569525378,0.35072497588272245,33.77481517750617,2.332321089620104,30.44292790662031,5.15565714547602,0.7715949469419894,0.05260874638240837,3.875510983504083,0.17536248794136122
BÓBRECKI,0.0,0.0,20.0,3.0,183.0,12.0,809.0,57.0,0.0,0.0,0.0,0.0
BRZOZOWSKI,0.0,0.0,4.0,2.0,363.0,6.0,635.0,45.0,0.0,0.0,0.0,0.0
DOBROMILSKI,0.0,0.0,22.112213133328048,0.0,669.8807852093342,11.63555036190174,270.79832667586345,14.97218976188588,0.15888759047543521,0.0,6.635550361901741,0.15888759047543521
DROHOBYCKI,14.0,0.0,124.75558400074665,21.05663174195957,1137.2204965272806,128.7362126454744,1067.1653471091784,139.98211096858495,9.0,4.0,43.3025300650701,14.11326348391914
GRÓDECKI,0.0,0.0,7.146295203655798,2.0,177.41123249704697,8.117536531056494,574.5022850490376,38.384637981249014,1.0,0.0,13.256425320832676,0.020217769111429387
JAROSŁAWSKI,1.9487537630775233,0.0,83.7964118123335,5.8462612892325705,500.8297171109235,7.795015052310093,928.9662239086899,59.33534343857513,1.000045427016686,0.9743768815387617,11.769528214898914,3.9231760716329713
JAWOROWSKI,0.0,0.0,4.7310859868145485,0.0,180.72748469631574,0.0,434.0932224365142,14.552582869789749,0.010568379686650123,0.0,9.493877112689047,0.9567855770495598
KOLBUSZOWSKI,0.0,0.0,0.0988826979587001,0.010408705048284221,1.5248752895736384,0.010408705048284221,958.3724204356441,16.0988826979587,0.0,0.0,2.0260217626207107,0.0052043525241421106
KROŚNIEŃSKI,3.0,0.0,70.11817796476039,15.0,608.3090513804453,54.86363449907761,538.1545120167918,62.47272553247244,0.0,0.0,3.7818179332103483,0.0
LESKI,0.0,0.0,53.0,1.0,419.0,2.0,595.0,14.0,0.0,0.0,14.0,0.0
LWOWSKI,0.0,0.0,24.0,2.0,520.0,24.0,745.0,54.0,1.0,11.0,57.0,8.0
LWÓW (MIASTO),84.0,3.0,1483.0,45.0,3674.0,129.0,2618.0,0.0,55.0,11.0,217.0,0.0
ŁAŃCUCKI,0.027432502397744512,0.0,31.374197794922576,0.0,572.706827421722,9.466352540761656,447.05315925275124,41.124732598307524,1.0274325023977444,0.0,3.3017575263751895,0.027432502397744512
MOŚCISKI,0.0,0.0,10.0,0.0,193.0,2.0,546.0,14.0,0.0,0.0,1.0,0.0
NIŻAŃSKI,0.0,0.0,12.0,0.0,260.0,5.0,389.0,41.0,0.0,0.0,3.0,0.0
PRZEMYSKI,6.0,0.0,251.0,5.0,969.0,25.0,1177.0,52.0,2.0,0.0,62.0,5.0
PRZEWORSKI,0.0,0.0,21.0,0.0,247.0,5.0,289.0,14.0,3.0,0.0,2.0,1.0
RAWSKI (RAWA RUSKA),0.0,0.0,41.0,9.0,526.0,21.0,867.0,45.0,5.0,0.0,21.0,1.0
RUDECKI,0.0,0.0,4.9547936419013485,0.0,279.45036140323606,12.882463468943506,377.55527551288276,8.918628555422426,0.0,0.0,5.9457523702816175,0.0
RZESZOWSKI,0.9725674976022555,0.0,138.50762424031703,0.0,1175.9841211978328,25.670012960160733,874.7923287304569,48.40254186922004,0.9725674976022555,0.0,11.916424540414463,0.9725674976022555
SAMBORSKI,0.0,0.0,31.522957479663447,0.9433682580404303,518.4814908417103,13.565811057617085,626.7787187504754,41.155537175736875,0.3255059257728725,0.0,22.999493638021388,2.212242441853733
SANOCKI,0.0,0.0,0.0,0.0,806.0,26.0,644.0,28.0,0.0,0.0,0.0,0.0
SOKALSKI,0.0,0.0,13.938098800986651,3.9823139431390433,311.61606605063014,13.938098800986651,1089.1628634485282,22.8983051730495,0.0,0.0,0.9955784857847608,3.9823139431390433
TARNOBRZESKI,1.0,0.0,9.0,1.0,333.0,5.0,602.0,25.0,0.0,0.0,6.0,1.0
ŻÓŁKIEWSKI,0.0,0.0,26.007838547800237,0.0,415.19656538809664,5.573108260242908,492.2912296547902,31.580946808043144,0.0,0.0,3.7154055068286054,1.8577027534143027
LUBACZOWSKI,0.05124623692247675,0.0,2.371413355294805,0.15373871076743023,19.58120429247777,0.204984947689907,967.8829930928754,34.80880715496369,0.9893861932966638,0.025623118461238374,3.5344169812977464,1.0998205822060398
TURCZAŃSKI,0.0,0.0,20.609245386261847,0.0,379.41722742167474,7.062425935006769,486.25760746448276,31.890162093792306,0.5156064837516923,0.0,15.062425935006768,0.5156064837516923
BRZEZIŃSKI,4.0,0.0,104.0,2.0,1011.0,59.0,1368.0,197.0,10.0,3.0,32.0,19.0
KALISKI,11.0,0.0,227.0,25.0,1228.0,105.0,1826.0,324.0,93.0,11.0,238.0,33.0
KOLSKI,2.0,0.0,90.0,13.0,762.0,48.0,783.0,95.0,0.0,0.0,14.0,9.0
KONIŃSKI,2.0,0.0,154.0,4.0,1161.0,69.0,720.0,155.0,3.0,1.0,107.0,17.0
ŁASKI,0.0,0.0,74.0,4.0,1033.0,50.0,815.0,126.0,1.0,3.0,26.0,7.0
ŁĘCZYCKI,3.0,0.0,76.0,6.0,715.0,65.0,900.0,114.0,2.0,0.0,36.0,0.0
ŁÓDZKI,0.0,0.0,61.0,8.0,717.0,33.0,761.0,122.0,9.0,4.0,245.0,53.0
ŁÓDŹ (MIASTO),100.0,2.0,4817.0,377.0,4927.0,374.0,4303.0,715.0,69.0,35.0,1912.0,878.0
PIOTRKOWSKI,5.0,0.0,141.0,8.0,1324.0,97.0,981.0,177.0,54.0,2.0,70.0,23.0
RADOMSZCZAŃSKI,4.0,0.0,81.0,7.0,716.0,66.0,864.0,168.0,7.0,0.0,89.0,9.0
SIERADZKI,2.0,0.0,82.0,9.0,728.0,37.0,1550.0,237.0,14.0,5.0,172.0,24.0
TURECKI,0.0,0.0,43.0,5.0,369.0,33.0,417.0,34.0,0.0,0.0,10.0,2.0
WIELUŃSKI,0.0,0.0,92.0,7.0,909.0,36.0,1189.0,145.0,2.0,0.0,59.0,0.0
POŁUDNIOWO-WARSZAWSKI,217.56001214117475,6.820063076525854,1836.9839896622389,72.29266861117405,4875.322090254507,226.76709729448464,3145.75409404755,290.19368390617507,143.56232776086924,24.552227075493075,227.44910360213723,91.04784207162015
PÓŁNOCNO-WARSZAWSKI,188.48903152388436,5.908747069714243,1591.5210232275313,62.632718938970974,4223.8678427852265,196.46584006799858,2725.4095859056947,251.41718781634103,124.37912581748482,21.271489450971274,197.05671477497,78.88177338068515
PRASKO-WARSZAWSKI,178.79480251643656,5.6048527434619615,1509.6670864514792,59.41143908069679,4006.628983663783,186.3613537201102,2585.2383279218298,238.48648423430643,117.98215024987428,20.17746987646306,186.9218389944564,74.82478412521718
ŚRÓDMIEJSKO-WARSZAWSKI,53.15615381850445,1.6663371102979452,448.82790065875156,17.66317336915822,1191.1810832964861,55.40570891740668,768.5979921249273,70.90264404317757,35.07639617177175,5.998813597072603,55.57234262843647,22.24560042247757
BARANOWICKI,4.434927258408534,0.9988278783810004,119.13200314326352,10.708027097139134,993.165050206264,122.04443721430754,468.38065334236956,117.44495368711166,48.72191308316826,6.7914361558784115,5.414354238289914,0.0
BRASŁAWSKI,2.8233701881495463,0.0,74.05301186745844,7.528536034822505,717.0967791688479,44.28942055041162,414.72569609663884,82.11143733783231,28.17392301039274,5.058425470373866,1.0,0.0
LIDZKI,1.7511240884259198,0.0,95.78946015221716,8.147927385723804,622.2571786926079,52.38981249119466,523.399962350169,100.50178856061828,7.167085660954797,8.7556204421296,7.5882043831789865,1.1674160589506133
NIEŚWIESKI,0.0,0.0,73.73140215330051,8.912587073475885,613.3480376928404,76.16210771879393,292.4949030477086,81.02351884978077,2.4307055654934233,0.0,0.0,0.0
NOWOGRÓDZKI,1.1480192970615242,0.0,52.296977396050465,0.661578725480883,459.8235210730255,29.490583791690003,409.1857224610181,69.1737135007266,45.47636768841597,8.448565406203453,2.766940660960614,0.0
SŁONIMSKI,1.3261911321103916,0.0,81.56075462478908,2.6523822642207833,593.4705316194003,49.732167454139685,185.66675849545481,60.34169651102282,29.839300472483814,3.978573396331175,4.641668962386371,0.0
STOŁPECKI,1.0195754703834974,0.0011721216189995419,56.90745153809243,4.5983304747984945,472.13247254778463,38.482990263615704,337.5806874393762,67.7088814689321,5.896708861670215,1.7101381995509077,0.17703613836310092,0.4643565789819739
WOŁOŻYŃSKI,0.770160801792843,0.0,44.77638641557694,3.154222293538471,401.52557443309723,22.0059769684022,349.46041290269295,57.3082398573231,2.5369479875001355,0.770160801792843,0.0,0.3850804008964215
SZCZUCZYŃSKI (WOJ. NOWOGRÓDZKIE),1.325847812042455,0.0,69.29382064396819,5.627933144026573,426.1709693464173,37.82818298613313,284.6339821301871,61.13735132387682,5.753738026151894,5.290794987217936,11.05215386089837,3.185083087913308
BRZESKI (BRZEŚĆ N.BUG.),2.0,0.0,100.25234125269253,10.0,577.5108348200699,55.21942717625437,550.7460523992648,113.28525532913068,1.0658281528763114,2.0,1.5595392994486463,1.0329140764381557
DROHICKI,0.0,0.0,34.0,6.0,351.0,25.0,147.0,38.0,3.0,1.0,1.0,0.0
KOBRYŃSKI,0.39267252245586737,0.0,53.633626122793366,7.963362612279337,463.69701394483394,35.79849436753635,254.98494367536352,60.18599751875651,3.1963362612279336,1.3926725224558674,1.1963362612279336,0.19633626122793368
KOSZYRSKI,1.6073274775441329,0.0,80.36637387720664,8.036637387720663,461.3029860551661,44.20150563246365,442.01505632463653,90.8140024812435,0.8036637387720664,1.6073274775441329,0.8036637387720664,0.8036637387720664
ŁUNINIECKI,1.0,0.0,73.0,11.0,678.0,99.0,617.0,51.0,2.0,0.0,4.0,1.0
PIŃSKI,2.0,0.0,118.0,11.0,835.0,71.0,409.0,116.0,8.0,2.0,11.0,10.0
PRUŻAŃSKI,0.0,0.0,39.0,3.0,415.0,32.0,132.0,23.0,0.0,0.0,0.0,0.0
STOLIŃSKI,0.0,0.0,0.0,0.0,0.0,0.0,0.0,0.0,0.0,0.0,0.0,0.0
IWACEWICKI,0.0,0.0,39.0,3.0,415.0,32.0,132.0,23.0,0.0,0.0,0.0,0.0
BRODNICKI,1.0976789950808157,0.05841776184211132,145.8987919455949,8.097678995080816,505.02321377338353,39.8480546818195,138.31719803880856,20.349297578559902,6.058417761842112,2.0,11.851160026376046,0.03926123323870437
CHEŁMIŃSKI,2.896317254227176,0.9644363888855376,103.63688248362533,3.869777905824404,337.9491150242126,17.53131599146179,69.18489227752612,20.385520019701076,1.9469213031944552,0.0030080875705633396,1.9499293907650186,1.9288727777710752
CHOJNICKI,4.929902034677739,0.0,123.26391481040997,5.916262998438088,414.22137127847316,28.5957151420797,264.269388036463,15.778350408742382,1.9734830411703053,0.0,34.526058743035485,1.9731024843455027
DZIAŁDOWSKI,1.0,0.0,48.0,1.0,186.0,19.0,20.0,2.0,1.0,0.0,9.0,0.0
GRUDZIĄDZ (MIASTO),12.0,0.0,288.0,15.0,823.0,69.0,190.0,22.0,3.0,1.0,3.0,3.0
GRUDZIĄDZKI,0.0,0.0,0.0,0.0,0.0,0.0,0.0,0.0,0.0,0.0,0.0,0.0
KARTUSKI,0.9779652856566665,0.0,42.98050007291699,2.938893106567633,456.91668161380494,36.141406072783845,212.14367835791853,25.340478434047686,0.05663549543984533,0.9779652856566665,7.900346779083711,1.9509333217156997
KOŚCIERSKI,0.9843867338482204,0.0,79.792504277314,2.953160201544661,264.88014034485695,22.982497788386997,234.75602502490779,8.314297612057384,18.239743993996143,0.02440020784842339,16.514972604783935,0.04880041569684678
LUBAWSKI,0.9607387667612955,0.0,75.89836257414235,0.9607387667612955,359.31629876872455,15.371820268180729,104.72052557698122,17.29329780170332,0.0,0.0,3.842955067045182,0.9607387667612955
SĘPOLEŃSKI,0.0,0.0,38.0,1.0,273.0,13.0,76.0,6.0,1.0,0.0,8.0,0.0
STAROGARDZKI,3.259259544449712,0.0,95.80787670478527,4.138656716529127,636.0230756591383,41.88264088292383,93.94972580315226,16.423788492013383,6.27295274627429,5.0000217148952215,108.09938766660584,14.713261371505757
ŚWIECKI,1.0253793762942613,0.0,136.0211066901607,3.648090310190654,730.7690299781792,53.44620044108353,220.50900292636783,41.1447508988229,5.706483980482609,0.9113863344057107,8.88553701348322,0.34961404336908447
TCZEWSKI,5.666782602557162,0.0,137.33530424347174,7.0,541.3593029728042,31.668173833243106,80.67199971762945,26.00104342301446,17.333565205114326,0.0,26.0024346537004,4.000347807671486
TORUŃ (MIASTO),20.0,1.0,343.0,28.0,1016.0,88.0,184.0,34.0,21.0,14.0,76.0,30.0
TORUŃSKI,0.10669083334338741,0.03556361111446247,3.8053063892474843,0.14225444445784988,12.37613666783294,0.6401450000603245,2.525016389126835,0.7468358334037118,0.07112722222892494,0.0,0.07112722222892494,0.07112722222892494
TUCHOLSKI,0.15568182845076523,0.0,56.41071354631612,1.4049980465604852,353.86552555541317,11.156118611152387,92.45319513578303,10.839818716303709,4.455722507538949,0.08558386312850429,44.14575436818457,2.9636742931081694
WĄBRZESKI,0.9415822381578888,0.9415822381578888,61.20284548026277,0.9415822381578888,440.6604874578919,35.780125049999775,48.96227638421021,10.357404619736776,0.9415822381578888,0.0,27.305884906578775,0.0
MORSKI,3.897899709998907,0.0,128.61357426639944,18.544967159769712,579.0698497224365,206.69752502820683,52.45857731088009,36.12652576237977,38.891258898287006,5.868566427243325,96.49419533874803,2.9151981074692417
GDYNIA (MIASTO),0.09973479649600284,0.0,3.3323165153529324,0.44293911011738446,13.569771182848099,4.258261208617672,1.0784990202450755,0.8985903995135369,1.0521056062731466,0.12906807925158492,2.410256219380882,0.0850681551182118
BYDGOSKI,0.0,0.0,0.0,0.0,0.0,0.0,0.0,0.0,0.0,0.0,0.0,0.0
BYDGOSZCZ (MIASTO),13.0,3.0,511.0,26.0,1330.0,77.0,867.0,97.0,9.0,7.0,246.0,6.0
CHODZIESKI,0.0,0.0,87.0,3.0,555.0,54.0,72.0,12.0,9.0,1.0,11.0,0.0
CZARNKOWSKI,1.0,0.0,61.20726349090489,2.0,437.13759177644545,20.58983753475843,83.85227786843939,10.377859196790642,1.2119783379677909,0.10598916898389549,12.013794210694014,0.10598916898389549
GNIEŹNIEŃSKI,0.02041958583722732,0.0,5.065221668367951,1.7683986792023745,163.80568819421978,6.97821115020357,106.75143128158707,9.295216601191688,1.1406100317152585,0.037490699206889855,5.330955931990209,0.1258958096148854
GOSTYŃSKI,0.029681322843333986,0.0,36.50620867973482,1.0552026476868637,439.0596055532296,16.700837586236915,237.89012394907013,28.668749297823545,0.3553151216789869,0.0,3.2373694253037257,4.954244667313764
INOWROCŁAWSKI,0.0,0.0,0.0,0.0,0.0,0.0,0.0,0.0,0.0,0.0,0.0,0.0
JAROCIŃSKI,1.8432834925147394,0.0,84.32089113322223,3.686566985029479,652.7537020523198,15.432834925147395,228.36566384878233,34.33581937275057,3.0,0.0,16.059700955088438,2.0
KĘPIŃSKI,0.0,0.0,76.81805993773753,9.0,602.6512303064607,53.909029968868765,249.9617350287054,39.29070189415379,4.0,0.7818059937737525,29.727089906606288,0.0
KOŚCIAŃSKI,1.92911914493042,0.0,63.84472691880009,0.986286594716299,589.0467602125298,32.08057458717695,311.5945377346692,52.15525496594284,6.536327337842197,0.0,88.59631440488869,2.89367871739563
KROTOSZYŃSKI,2.0,0.0,95.06429352707515,3.0,762.0311539178064,38.54848501018921,250.79578675972687,40.81844359375288,2.952150955052103,1.0,32.087130246833944,3.0
LESZCZYŃSKI,6.041199532226246,0.0,159.65508509424606,4.020599766113123,540.0107548046789,19.654134778003524,250.0484439421243,35.58129567000811,4.404310016471135,3.0,57.1552901360866,0.0617992983393693
MIĘDZYCHODZKI,0.0,0.0,20.0,0.0,307.0,31.0,87.0,5.0,0.0,0.0,14.0,0.0
MOGILEŃSKI,1.0001334864202402,0.0,130.2320488224362,1.0139501094788268,756.3506963744486,35.8161205732306,160.8664299644551,18.5478660802007,0.00724202757989407,1.0,43.34429927126195,1.870905559230833
NOWOTOMYSKI,1.9759552262219862,0.0,125.4710149768837,1.987977613110993,1071.3735229359447,66.72348510155284,207.72562698976526,44.69944032777482,13.891798517998938,0.9879776131109931,38.85573135733192,8.96393283933298
OBORNICKI,0.03518428017882833,0.0,61.35568499195636,0.03518428017882833,381.10270551118043,14.395322310248762,155.48256431933655,13.310986251793118,2.280601584535806,0.9643793913737613,18.956525479320373,0.8940108310161046
OSTROWSKI (OSTRÓW WIELKOPOLSKI),4.15671650748526,0.0,143.6129454979958,3.313433014970521,828.4311611345845,29.665721381806158,418.523119277158,48.22324899737732,8.751896568955578,2.2181940062262475,31.386197701490538,4.0
POZNAŃ (MIASTO),125.0,8.0,1169.0,46.0,2097.0,171.0,1353.0,256.0,9.0,4.0,163.0,48.0
RAWICKI,4.0,0.0,101.63194121865865,4.018055463390247,478.04163072219643,26.288887414243955,195.02636833602512,60.487497511536674,1.0,0.0,6.018055463390247,0.09027731695123598
SZAMOTULSKI,1.0,0.0,94.0,3.0,558.0,31.0,132.0,15.0,2.0,1.0,19.0,2.0
SZUBIŃSKI,0.0,0.0,65.0,2.0,418.0,24.0,44.0,7.0,4.0,5.0,8.0,3.0
ŚREDZKI,1.0,0.0,70.0,1.0,387.0,18.0,141.0,38.0,0.0,0.0,9.0,2.0
ŚREMSKI,0.0,0.0,33.545847992529644,5.919855528093467,518.9740012961939,20.719494348327135,236.79422112373868,41.43898869665427,0.0,0.0,19.732851760311554,0.0
WĄGROWIECKI,2.0,0.0,34.0,0.0,486.0,11.0,111.0,13.0,2.0,0.0,21.0,0.0
WOLSZTYŃSKI,0.0,0.0,38.0,3.0,463.0,29.0,188.0,18.0,4.0,2.0,23.0,2.0
WRZESIŃSKI,0.0,0.0,31.0,1.2357391164543108,469.85534682648324,25.70721734936293,101.3763036138513,14.060826024044399,2.1178695582271554,0.0,14.353608674681466,7.0
WYRZYSKI,1.0,1.0,154.0,0.0,661.0,29.0,174.0,20.0,2.0,0.0,15.0,1.0
ŻNIŃSKI,0.9981922773459774,0.0,64.00265510285097,0.0,337.1264826310791,5.021348382695559,66.07580680524566,10.992909575422877,1.9963845546919547,0.0,12.019889533157386,0.003198631154281344
POZNAŃSKI,0.9701151439957407,0.0,15.666110946599936,0.9580927571067338,469.2009584707414,26.766485264543512,359.83504332275317,45.71193744267606,13.353186665049238,1.9041631273244606,53.12420937486078,0.036067160667020974
GNIEZNO (MIASTO),3.0,0.0,150.0,1.0006574444679328,526.0470072794571,19.0019723334038,202.03451583456646,45.0029585001057,2.0003287222339665,0.0,23.0009861667019,2.0
INOWROCŁAW (MIASTO),10.0,1.0,192.0,8.0,730.0,38.0,203.0,32.0,13.0,2.0,26.0,2.0
DOLIŃSKI,1.8937749934171777,0.0,21.778412424297542,1.8937749934171777,483.8595108180889,12.309537457211656,445.98401094974537,16.09708744404601,2.8406624901257667,0.0,9.468874967085888,0.0
HORODEŃSKI,0.0,0.0,3.8973155253901774,0.0,292.2986644042633,15.58926210156071,613.827195248953,30.204195321773874,0.0,0.0,1.9486577626950887,0.0
KAŁUSKI,0.0,0.0,17.120470092382373,0.9511372273545763,222.56611120097085,4.755686136772882,529.783435636499,32.338665730055595,0.0,0.0,3.804548909418305,0.0
KOŁOMYJSKI,3.0,1.0,133.10268447460982,6.0,751.7013355957367,21.41073789843929,935.172804751047,62.795804678226126,2.0,1.0,29.05134223730491,8.0
KOSOWSKI (KOSÓW HUCULSKI),0.0,0.0,18.0,2.0,268.0,12.0,471.0,42.0,58.0,43.0,20.0,3.0
NADWÓRNIAŃSKI,1.0,0.0,53.999306953305975,10.03123106111636,963.9525213838135,182.2572336037476,307.1904844133858,73.49079526603066,2.0,5.0,13.56207209767694,6.0
ROHATYŃSKI,0.0,0.0,8.0,0.0,204.0,5.0,890.0,28.0,0.0,0.0,0.0,0.0
STANISŁAWOWSKI,10.0,0.0,259.56471161131543,11.025049313079508,1352.5617664494564,51.272526434556205,1044.6852275223137,79.75637174486035,1.0148352031008874,0.007417601550443713,5.6853022037578596,0.04450560930266228
STRYJSKI,2.1062250065828225,2.0,148.22158757570247,8.106225006582822,1006.1404891819111,45.690462542788346,707.742410447324,51.74587564144984,1.1593375098742338,0.0,30.851915244186138,0.0
ŚNIATYŃSKI,1.0,0.0,33.0,6.0,450.0,26.0,387.0,39.0,0.0,0.0,5.0,0.0
TŁUMACKI,0.0,0.0,45.37485215539974,0.0,570.1448814308924,14.796147441978178,379.76778434410653,17.755376930373814,0.0,0.0,0.0,0.0
ŻYDACZOWSKI,0.0,0.0,0.0,0.0,0.0,0.0,780.2735786029307,58.15703691450415,0.0,0.0,41.679209788727974,0.0
BIELSKI (BIELSKO),0.0,0.0,0.0,0.0,0.0,0.0,0.0,0.0,0.0,0.0,0.0,0.0
BIELSKO (MIASTO),0.0,0.0,521.0,11.0,832.0,41.0,451.0,35.0,3.0,0.0,51.0,0.0
CIESZYŃSKI,5.0,0.0,191.0,3.0,672.0,38.0,244.0,40.0,4.0,0.0,30.0,1.0
TARNOGÓRSKI,4.0,0.0,137.0,1.0,394.0,22.0,184.0,50.0,4.0,0.0,12.0,0.0
KATOWICE (MIASTO),91.0,0.0,913.0,7.0,2600.0,78.0,1862.0,254.0,48.0,7.0,520.0,27.0
KATOWICKI,0.0,0.0,0.0,0.0,0.0,0.0,0.0,0.0,0.0,0.0,0.0,0.0
LUBLINIECKI,0.0,0.0,107.0,3.0,240.0,16.0,90.0,15.0,2.0,0.0,14.0,0.0
PSZCZYŃSKI,7.0,0.0,203.0,6.0,752.0,37.0,432.0,57.0,4.0,1.0,60.0,8.0
RYBNICKI,5.0,0.0,176.0,8.0,1255.0,121.0,543.0,77.0,12.0,2.0,92.0,12.0
ŚWIĘTOCHŁOWICKI,2.953087292999169,0.0,150.60745194295762,5.906174585998338,821.9426298847687,44.29630939498753,881.0043757447521,211.63792266494045,2.953087292999169,0.984362430999723,53.15557127398504,15.749798895995568
CHORZÓW,25.046912707000832,0.0,365.3925480570424,7.093825414001662,787.0573701152313,51.70369060501247,703.9956242552479,106.36207733505955,10.046912707000832,5.015637569000277,147.84442872601497,12.250201104004432
BORSZCZOWSKI,0.0,0.0,6.890143294383287,0.9843061849118981,300.21338639812893,4.921530924559491,735.2767201291879,40.35655358138782,0.0,0.0,0.0,0.0
BRODZKI,1.0,2.0,26.20589825967499,3.0484466493352915,394.81674935007345,6.060558311669114,852.5350296865571,62.27856823367792,0.0,3.0,27.060558311669116,19.0
BRZEŻAŃSKI,0.0,0.0,15.616826998319604,0.0182293896721065,473.46632130015024,19.539263137571613,500.5929072410045,37.582157642155934,0.036458779344213,0.0182293896721065,7.863101668176122,0.109376338032639
BUCZACKI,0.0,0.0,0.0,0.0,531.7852679576076,28.506049483864366,760.8166310521041,44.23352506116885,2.94890167074459,0.0,0.9829672235815299,0.9829672235815299
CZORTKOWSKI,0.0,0.0,24.30415863126847,1.0211518899324707,318.65963779211353,4.193524968932286,553.4404409532812,38.41090320515977,0.05109832925541033,0.0,1.0224908512628388,0.05196307072048777
KAMIONECKI,0.0,0.0,18.78476025108372,0.017686056860956624,257.5755481360084,6.39374503284242,509.03712232836784,28.108873759885938,0.0,0.0,5.209809419113284,1.144141985791984
PODHAJECKI,0.0,0.0,7.794824070219598,0.9743530087774498,292.30590263323495,10.717883096551947,450.1510900551818,44.82023840376269,1.9487060175548996,0.9743530087774498,6.820471061442149,5.846118052664699
PRZEMYŚLAŃSKI,0.0,0.0,6.0,0.0,229.0,4.0,565.0,22.0,0.0,0.0,2.0,0.0
RADZIECHOWSKI,0.0,0.0,16.79410174032501,3.951553350664709,148.18325064992658,4.939441688330886,451.464970313443,22.721431766322077,0.0,0.0,4.939441688330886,0.0
SKAŁACKI,0.0,0.0,30.385202495719902,1.8990751559824939,373.16826815056004,4.747687889956235,750.1346866130851,40.83011585362362,0.0,12.34398851388621,0.0,0.9495375779912469
TARNOPOLSKI,2.9532537132208674,0.0,85.18894789805546,2.9532537132208674,781.8796252300933,31.17821518543719,1001.2469751944644,59.33705064277135,9.84417904406956,1.9688358088139117,24.87495166970252,0.9844179044069559
TREMBOWELSKI,0.04674628677913241,0.0,12.319322940761854,1.087245535750483,340.467581503716,6.082407248105651,596.4474689405879,52.2179050953153,0.15582095593044137,0.32988679598826487,2.2796731764384326,0.12385398240154176
ZALESZCZYCKI,0.0,0.0,3.8602788227919294,0.0,221.00096260483795,16.4061849968657,458.4081102065416,20.26646381965763,0.0,0.0,0.0,0.9650697056979823
ZBARASKI,0.0,0.0,23.0,1.0,278.0,12.0,338.0,25.0,0.0,0.0,0.0,0.0
ZBOROWSKI,0.0,0.0,28.0,0.0,270.0,8.0,596.0,21.0,0.0,0.0,2.0,0.0
ZŁOCZOWSKI,0.0,0.0,33.269302400129384,0.0,469.61182042526474,0.09504790592801873,757.5087845683134,0.4118742590214145,4.0,0.0,17.079206588273347,0.015841317654669788
KOPYCZYNIECKI,0.0,0.0,7.58095403607635,0.05496752020178643,391.8277659644241,11.625659451100638,620.0580376982563,36.6038770236766,0.0,0.3572888813116118,20.1044211385433,1.9421905352002553
BŁOŃSKI,3.0,0.0,78.0,5.0,983.0,64.0,754.0,82.0,1.0,1.0,15.0,0.0
CIECHANOWSKI,2.0,0.0,48.0,1.0,377.0,19.0,228.0,39.0,0.0,0.0,0.0,1.0
GOSTYNIŃSKI,0.0,0.0,44.0,7.0,410.0,29.0,330.0,65.0,1.0,0.0,25.0,2.0
GRÓJECKI,3.0,0.0,67.0,7.0,1187.0,75.0,723.0,110.0,0.0,2.0,11.0,1.0
KUTNOWSKI,5.0,0.0,157.0,6.0,915.0,49.0,635.0,78.0,12.0,0.0,20.0,3.0
LIPNOWSKI,1.9900596787288622,0.0,62.68687987995916,2.9850895180932935,532.3409640599707,34.82604437775509,332.33996634772,55.721671004408144,0.9950298393644311,0.0,24.87574598411078,4.975149196822156
ŁOWICKI,3.0,0.0,62.0,4.0,636.0,27.0,318.0,48.0,1.0,0.0,3.0,4.0
MAKOWSKI (MAKÓW MAZOWIECKI),0.0,0.0,31.0,2.0,467.0,15.0,226.0,22.0,1.0,0.0,9.0,0.0
MIŃSKI,1.0,0.0,44.0,1.0,748.0,48.0,831.0,72.0,0.0,0.0,29.0,4.0
MŁAWSKI,2.0,0.0,73.0,3.0,634.0,38.0,386.0,94.0,0.0,0.0,40.0,5.0
NIESZAWSKI,1.0,0.0,42.0,41.0,502.0,213.0,434.0,173.0,3.0,0.0,89.0,26.0
PŁOCKI,7.0,1.0,146.0,5.0,964.0,60.0,756.0,224.0,2.0,1.0,42.0,3.0
PŁOŃSKI,1.0,0.0,40.0,2.0,453.0,30.0,355.0,40.0,6.0,0.0,17.0,5.0
PRZASNYCKI,1.0,0.0,29.0,5.0,368.0,20.0,168.0,18.0,0.0,0.0,3.0,9.0
PUŁTUSKI,2.0,0.0,82.0,4.0,890.0,36.0,677.0,42.0,1.0,0.0,9.0,1.0
RADZYMIŃSKI,4.0,0.0,42.0,4.0,516.0,34.0,457.0,56.0,1.0,0.0,2.0,0.0
RAWSKI (RAWA MAZOWIECKA),1.0,0.0,47.0,3.0,567.0,34.0,503.0,62.0,2.0,0.0,0.0,2.0
RYPIŃSKI,0.0,0.0,66.0,1.0,488.0,36.0,477.0,110.0,0.0,0.0,25.0,6.0
SIERPECKI,1.0099403212711378,0.0,56.313120120040836,8.014910481906707,622.6590359400293,41.17395562224491,440.66003365228,78.27832899559185,2.004970160635569,0.0,3.1242540158892216,1.0248508031778443
SKIERNIEWICKI,2.0,0.0,68.0,3.0,479.0,13.0,244.0,32.0,0.0,0.0,8.0,2.0
SOCHACZEWSKI,2.0,0.0,35.0,0.0,330.0,16.0,287.0,69.0,0.0,0.0,7.0,0.0
WARSZAWSKI,2.0,0.0,125.0,10.0,2152.0,208.0,1071.0,167.0,17.0,2.0,337.0,33.0
WŁOCŁAWSKI,14.0,0.0,205.0,6.0,1133.0,56.0,634.0,216.0,22.0,1.0,41.0,6.0
DUBIEŃSKI,2.0,0.0,130.0,7.0,897.0,63.0,516.0,115.0,43.0,19.0,41.0,7.0
HOROCHOWSKI,0.0,0.0,37.0,6.0,344.0,35.0,391.0,46.0,4.0,10.0,45.0,6.0
KOWELSKI,4.0,0.0,119.0,26.0,784.0,170.0,746.0,136.0,65.0,22.0,180.0,73.0
KRZEMIENIECKI,2.0,0.0,127.0,16.0,920.0,71.0,852.0,135.0,69.0,11.0,136.0,28.0
LUBOMELSKI,0.0,0.0,33.0,0.0,166.0,11.0,180.0,30.0,32.0,11.0,13.0,9.0
ŁUCKI,0.0,0.0,180.0,13.0,1568.0,171.0,704.0,131.0,83.0,44.0,141.0,46.0
RÓWIEŃSKI,4.0,1.0,208.0,14.0,1523.0,134.0,1517.0,238.0,75.0,15.0,235.0,38.0
WŁODZIMIERSKI,2.0,0.0,96.0,9.0,820.0,97.0,397.0,163.0,4.0,0.0,59.0,2.0
KOSTOPOLSKI,0.0,0.0,31.0,9.0,453.0,48.0,396.0,96.0,58.0,13.0,90.0,32.0
ZDOŁBUNOWSKI,3.0,0.0,87.0,3.0,497.0,50.0,809.0,135.0,10.0,1.0,125.0,57.0
SARNEŃSKI,3.0,0.0,80.0,11.0,871.0,94.0,192.0,53.0,5.0,1.0,1.0,0.0
OSZMIAŃSKI,0.9113121418157647,0.0,37.36379781444635,3.645248567263059,510.3347994168282,24.605427829025647,308.0235039337285,66.52578635255082,3.645248567263059,0.0,45.565607090788234,4.556560709078823
ŚWIĘCIAŃSKI,0.7383479817289601,0.0,73.10385627820294,3.1507784611792897,606.8723465517087,38.17491989048575,309.0688807714231,63.21295575784924,21.726471671149277,1.6740824977213693,21.60947800440329,2.2150439451868804
WILNO (MIASTO),48.0,7.0,900.0,55.0,3599.0,254.0,1311.0,246.0,26.0,9.0,152.0,23.0
DZIŚNIEŃSKI,1.1766298118504537,0.0,58.14768951789095,7.173034798347467,695.5419874729878,40.790860003728135,345.5692552789088,70.2096848787267,24.672500599357022,3.1754314740161247,0.7015708331699717,0.23385694438999055
WILEJSKI,0.8576596312624305,0.0,70.90124410295827,4.972781060769043,689.9836309384866,42.33303212753045,427.8779086423855,130.05108386326003,56.92305024191282,1.7735169387743972,9.31990300519591,1.263627063066116
WILEŃSKO-TROCKI,0.2786910461683815,0.0,56.03453696965422,4.009127725078017,736.251299191636,67.58899573959654,422.812896609479,73.14382422267539,15.970285927267192,4.1788645857556475,4.167405544647874,0.2007042601586902
POSTAWSKI,0.08776714049396528,0.0,54.35432800535746,2.4749047000572806,389.5261197637894,22.44386832609471,207.2369670334926,80.64769069300644,20.156114417842858,0.8834796603484038,4.669083212406413,0.971246800842369
MOŁODECZAŃSKI,0.7025983227775267,0.0,37.841273746371485,2.99148869196809,380.8203337714849,23.203880379016127,255.83757643159217,69.93983439250042,24.093415390704127,0.9335765332724977,6.159703280071526,0.893023446734615
