District,Kategoria IR,Kategoria IPR,Kategoria IIR,Kategoria IIPR,Kategoria IIIR,Kategoria IIIPR,Kategoria IVR,Kategoria IVPR,Kategoria VR,Kategoria VPR,Kategoria VIR,Kategoria VIPR,Kategoria VIIR,Kategoria VIIPR,Kategoria VIIIR,Kategoria VIIIPR,R,PR
AUGUSTOWSKI,0.0,0.0,0.0,0.0,1.0,0.0,3.0,0.0,5.0,0.0,5.0,0.0,18.0,3.0,306.0,13.0,338.0,16.0
BIAŁOSTOCKI,0.0,0.0,0.9858240887164814,0.9858240887164814,5.914944532298889,2.9574722661494444,37.46131537122629,7.886592709731851,52.248676701973515,7.886592709731851,41.40461172609222,10.844064975881295,86.75251980705036,8.872416798448333,1605.9074405191482,128.15713153314258,1830.675332746506,167.59009508180185
BIELSKI (BIELSK PODLASKI),0.0,0.0,0.0,1.0,1.0,0.0,9.0,0.0,9.0,2.0,21.0,1.0,48.0,2.0,1015.0,50.0,1103.0,56.0
GRODZIEŃSKI,0.0,0.0,0.0,0.0,0.0,0.0,13.943333626583417,0.0,26.957111678061274,2.7886667253166837,28.816222828272398,1.8591111502111224,65.06889025738928,6.5068890257389285,1122.903134727518,69.71666813291709,1257.6886931178242,80.87133503418383
ŁOMŻYŃSKI,0.0,0.0,0.0,0.0,1.0,0.0,6.1634840304022065,0.0,8.581742015201103,0.0,23.81742015201103,3.5817420152011032,36.14438821281544,4.0,811.9068600738957,35.14438821281544,887.6138944843254,42.72613022801655
OSTROŁĘCKI,0.0,0.0,0.0,0.0,0.0,0.0,2.8365159695977935,0.0,2.4182579847988968,0.0,16.18257984798897,1.4182579847988968,23.855611787184557,1.0,504.09313992610436,17.855611787184557,549.3861055156746,20.273869771983453
OSTROWSKI (OSTRÓW MAZOWIECKA),0.0,0.0,0.0,0.0,0.0,0.0,7.0,0.0,8.0,1.0,19.0,21.0,18.0,0.0,487.0,24.0,539.0,46.0
SOKÓLSKI,0.0,0.0,0.0,0.0,0.0,0.0,1.0,0.0,3.0,0.0,9.0,1.0,20.0,1.0,450.0,22.0,483.0,24.0
SUWALSKI,0.0,0.0,0.0,0.0,0.0,0.0,2.0,0.0,6.0,0.0,10.0,0.0,36.0,1.0,408.0,24.0,462.0,25.0
SZCZUCZYŃSKI (WOJ. BIAŁOSTOCKIE),0.0,0.0,0.0,0.0,0.0,0.0,2.0,0.0,1.0,1.0,16.0,0.0,11.0,1.0,428.0,25.0,458.0,27.0
WOŁKOWYSKI,0.0,0.0,0.0,1.0,1.0,0.0,4.0,0.0,14.0,0.0,33.0,9.0,81.0,10.0,525.0,22.0,658.0,42.0
WYSOKOMAZOWIECKI,0.0,0.0,0.0,0.0,0.0,0.0,0.0,0.0,1.0,1.0,12.0,3.0,15.0,1.0,474.0,10.0,502.0,15.0
BIAŁYSTOK (MIASTO),0.0,0.0,0.014175911283518609,0.014175911283518609,0.08505546770111165,0.042527733850555825,0.5386846287737072,0.11340729026814887,0.7513232980264862,0.11340729026814887,0.5953882739077816,0.1559350241187047,1.2474801929496375,0.12758320155166747,23.092559480851815,1.8428684668574191,26.324667253494056,2.4099049181981633
BĘDZIŃSKI,18.76869916936287,0.0,5.630609750808861,0.0,15.014959335490296,0.0,37.53739833872574,0.9384349584681435,49.737052798811604,2.8153048754044305,55.36766254962047,4.692174792340717,119.18123972545422,14.076524377022153,1534.3411570954147,161.4108128565207,1835.5787787636887,183.93325185975613
CZĘSTOCHOWSKI,7.795202751836091,0.0,0.9744003439795114,0.0,6.820802407856579,0.0,46.77121651101655,1.9488006879590227,72.10562545448384,3.8976013759180455,64.31042270264776,4.872001719897557,180.2640636362096,16.564805847651694,1266.7204471733648,115.95364093356186,1645.7621809813947,143.23685056498817
IŁŻECKI,0.0,0.0,0.0,0.0,0.0,0.0,3.0,0.0,9.0,0.0,21.0,1.0,53.0,4.0,268.0,13.0,354.0,18.0
JĘDRZEJOWSKI,0.0,0.0,0.0,0.0,0.0,0.0,3.031862315833611,0.0,7.087621368542431,1.0079655789584028,17.20710505291847,0.007965578958402796,48.366416632086526,1.0238967368752083,289.99505768835945,18.08762136854243,365.6880630577405,20.127449263334444
KIELECKI,1.0,0.0,1.0,0.0,4.0,0.0,23.0,1.0,33.0,1.0,35.0,3.0,89.0,5.0,840.0,91.0,1026.0,101.0
KONECKI,1.0,0.0,2.0,0.0,5.0,0.0,14.0,0.0,31.0,2.0,29.0,1.0,75.0,3.0,795.0,41.0,952.0,47.0
KOZIENICKI,1.0,0.0,0.0,0.0,0.0,0.0,2.0,0.0,5.0,0.0,18.0,0.0,43.0,2.0,528.0,19.0,597.0,21.0
MIECHOWSKI,0.0,0.0,0.0,0.0,0.0,0.0,3.968137684166389,0.0,10.91237863145757,0.9920344210415972,25.79289494708153,0.9920344210415972,45.633583367913474,2.9761032631247915,373.00494231164055,10.91237863145757,459.31193694225954,15.872550736665556
OLKUSKI,2.0,0.0,1.0,0.0,1.0,0.0,9.0,0.0,16.0,1.0,27.0,2.0,63.0,2.0,590.0,28.0,709.0,33.0
OPATOWSKI,1.0,0.0,1.0,0.0,8.0,3.0,3.0,2.0,8.0,2.0,24.0,3.0,98.0,6.0,532.0,39.0,675.0,55.0
OPOCZYŃSKI,0.0,0.0,0.0,0.0,2.0,0.0,7.0,0.0,9.0,0.0,42.0,2.0,60.0,8.0,366.0,23.0,486.0,33.0
PIŃCZOWSKI,1.0,0.0,0.0,0.0,1.0,0.0,2.0,0.0,3.0,0.0,23.0,0.0,23.0,2.0,495.0,29.0,548.0,31.0
RADOMSKI,0.9864979285205192,0.0,0.0,0.0,4.932489642602596,0.0,23.675950284492462,3.945991714082077,30.581435784136094,2.9594937855615577,54.257386068628556,2.9594937855615577,91.74430735240828,7.891983428164154,859.2396957413722,53.270888140108035,1065.4177628021607,71.02785085347739
SANDOMIERSKI,1.0,0.0,0.0,0.0,0.0,0.0,2.0,0.0,6.0,0.0,23.0,0.0,51.0,2.0,604.0,20.0,687.0,22.0
STOPNICKI,0.0,0.0,0.0,0.0,0.0,0.0,0.0,0.0,5.0,1.0,15.0,0.0,60.0,3.0,474.0,44.0,554.0,48.0
WŁOSZCZOWSKI,1.0,0.0,0.0,0.0,3.0,0.0,2.0,0.0,8.0,0.0,32.0,1.0,49.0,0.0,724.0,49.0,819.0,50.0
ZAWIERCIAŃSKI,5.0,2.0,5.0,0.0,3.0,1.0,15.0,1.0,11.0,3.0,21.0,3.0,48.0,11.0,488.0,31.0,596.0,52.0
CZĘSTOCHOWA (MIASTO),0.20479724816390943,0.0,0.02559965602048868,0.0,0.17919759214342074,0.0,1.2287834889834566,0.05119931204097736,1.8943745455161622,0.10239862408195471,1.6895772973522527,0.1279982801024434,4.7359363637904055,0.43519415234830755,33.27955282663528,3.0463590664381526,43.23781901860538,3.7631494350118357
SOSNOWIEC,1.2313008306371305,0.0,0.36939024919113916,0.0,0.9850406645097044,0.0,2.462601661274261,0.061565041531856525,3.2629472011883958,0.18469512459556958,3.632337450379535,0.3078252076592826,7.818760274545778,0.9234756229778479,100.65884290458541,10.589187143479322,120.42122123631137,12.06674814024388
RADOM (MIASTO),0.013502071479480772,0.0,0.0,0.0,0.06751035739740385,0.0,0.3240497155075385,0.05400828591792309,0.4185642158639039,0.040506214438442316,0.7426139313714425,0.040506214438442316,1.2556926475917118,0.10801657183584618,11.760304258627752,0.7291118598919617,14.582237197839234,0.9721491465226155
BIALSKI (BIAŁA KRAKOWSKA),0.5220681913840887,0.0,6.0,0.0,9.0,3.0,43.566204574152266,6.0,36.17654553107271,3.5220681913840886,45.264818296609064,3.0882727655363547,98.48550021044996,8.522068191384088,899.2976399604173,38.007568401834035,1138.3127767640854,62.13997755013857
BOCHEŃSKI,0.0,0.0,0.0,0.0,0.0,0.0,3.0,0.0,7.0,0.0,11.0,0.0,22.0,0.0,469.0,13.0,512.0,13.0
BRZESKI (BRZESKO),2.0,0.0,0.0,0.0,0.0,0.0,0.0,0.0,5.0,1.0,10.0,2.0,11.0,0.0,274.0,10.0,302.0,13.0
CHRZANOWSKI,6.0,0.0,4.0,0.0,9.0,0.0,20.0,1.0,23.0,1.0,23.0,1.0,51.0,2.0,838.0,40.0,974.0,45.0
DĄBROWSKI,0.0,0.0,0.0,0.0,0.0,0.0,1.0,0.0,0.0,0.0,3.0,1.0,9.0,0.0,175.0,3.0,188.0,4.0
GORLICKI,0.0,0.0,3.0,0.0,0.0,0.0,2.2810840457110495,0.0,9.967588319977345,0.0,52.84325213713315,0.0,25.810840457110494,0.2810840457110494,317.6652621252806,5.405420228555247,411.56802708521263,5.686504274266296
JASIELSKI,0.0,0.0,1.0,0.0,0.0021600327712497937,0.0,2.0021600327712497,0.0,6.42520994527291,2.0,30.378687027331605,4.410089715874162,23.580107923295778,5.830979595604574,312.28080686315593,16.736168131063707,375.66913182459876,28.977237442542442
KRAKOWSKI,0.0,0.40949368862409713,3.0,0.0,6.409493688624097,0.0,8.228481065872291,0.0,18.047468443120486,0.0,21.22848106587229,0.0,24.551899017985555,0.0,376.7354474015279,25.703165497077148,458.20127068300263,26.112659185701244
KRAKÓW (MIASTO),1.0,0.0,2.0,1.0,9.0,0.0,78.0,2.0,112.0,14.0,165.0,5.0,326.0,15.0,2700.0,95.0,3393.0,132.0
LIMANOWSKI,0.0,0.0,1.0,0.0,0.0,0.0,2.0,0.0,8.0,1.0,10.0,0.0,14.0,0.0,195.0,4.0,230.0,5.0
MIELECKI,0.0,0.0,0.0,0.0,0.0,0.0,3.9791825899034317,0.0,2.984386942427574,0.0,15.916730359613727,0.9947956474758579,7.958365179806863,0.9947956474758579,227.80820327197145,5.968773884855148,258.64686834372304,7.958365179806863
MYŚLENICKI,0.0,0.5905063113759029,0.0,0.0,0.5905063113759029,0.0,3.8824630302808165,0.0,8.804105050468026,0.0,8.363721825151625,0.37031469871770245,20.26219206534458,2.8515734935885124,366.2885067971322,78.69861907341081,408.19149507975317,82.51101357709291
NOWOSĄDECKI,0.0,0.0,0.0,0.0,1.0,0.0,5.556408347700225,0.0,18.894858433901575,0.0,18.669225043100674,0.0,59.56408347700225,9.556408347700225,736.5587185918301,116.78204173850112,840.2432938935349,126.33845008620135
NOWOTARSKI,0.0,0.0,0.0,0.0,4.0,0.0,1.3796813487613577,0.0,9.632802247935597,0.0,14.885923147109835,1.1265604495871193,43.645285844632554,1.6328022479355964,671.741705652973,68.78260540829905,745.2853982414124,71.54196810582177
ROPCZYCKI,0.0,0.0,0.0,0.0,0.9978399672287503,0.0,0.9978399672287503,0.0,7.5747900547270905,0.0,29.6213129726684,0.5899102841258378,38.41989207670423,6.169020404395427,358.71919313684407,26.263831868936297,436.3308681754013,33.02276255745756
TARNOWSKI,0.0,0.0,0.0,0.0,1.0,0.0,8.162507606588726,1.0,24.13755324612108,1.0,23.487522819766177,3.0,39.62507606588726,11.162507606588726,631.7760192828893,83.81253803294364,728.1886790212525,99.97504563953235
WADOWICKI,1.4779318086159114,0.0,0.0,0.0,2.0,0.0,9.396139656919285,1.0,10.42736152071321,0.47793180861591145,17.980651575891226,2.23250864482083,75.68465812419345,5.081838860401831,811.085991473521,63.391354044241545,928.052734159854,72.18363335808012
ŻYWIECKI,1.0,0.0,3.0,0.0,4.0,0.0,18.547030324013985,1.0,20.91171720668997,3.0,25.27640408936596,0.18234344133799443,21.370464737393927,0.9117172066899721,505.8507087144287,38.41668757513744,599.9563250718925,43.51074822316541
BIALSKI (BIAŁA PODLASKA),0.0,0.0,0.0,0.0,1.0,0.0,2.017220951815307,0.0,4.641745127932487,0.004305237953826805,24.49751924674078,0.004305237953826805,40.09786555748214,0.051662855445921654,555.5906556328295,22.86396393918434,627.8450065168001,22.924237270537915
BIŁGORAJSKI,0.0,0.0,0.0,0.0,1.0,0.0,0.0,0.0,10.0,1.0,8.0,2.0,41.0,5.0,234.0,23.0,294.0,31.0
CHEŁMSKI,1.0,0.0,0.0,0.0,1.0,0.0,9.0,1.0,19.0,3.0,34.0,1.0,42.0,3.0,630.0,44.0,736.0,52.0
GARWOLIŃSKI,0.0,0.0,0.0,0.0,0.0,0.0,1.0,0.0,10.0,0.0,29.0,1.0,47.0,2.0,626.0,51.0,713.0,54.0
HRUBIESZOWSKI,2.010161633213797,0.0,0.0,0.0,0.0,0.0,2.010161633213797,0.0,9.091454698924172,0.0,22.16258613142075,0.0,36.17274776463454,4.050808166068984,413.75980428910486,20.213394297489735,485.2069161505119,24.264202463558718
JANOWSKI,0.0,0.0,1.0,0.0,0.0,0.0,1.0,0.0,6.0,0.0,34.0,1.0,45.0,4.0,419.0,39.0,506.0,44.0
KRASNOSTAWSKI,0.0,0.0,0.0,0.0,0.0,0.0,3.0,0.0,6.0,2.0,33.0,1.0,36.0,2.0,437.0,29.0,515.0,34.0
LUBARTOWSKI,0.0,0.0,0.0,0.0,0.0,0.0,1.0,0.0,7.0,0.0,19.0,0.0,18.0,1.0,412.0,6.0,457.0,7.0
LUBELSKI,2.947391253617592,0.0,3.9298550048234557,0.0,5.894782507235184,0.0,19.64927502411728,0.9824637512058639,30.456376287381783,0.9824637512058639,71.71985383802807,2.947391253617592,168.00130145620273,7.8597100096469115,1438.3269317653849,95.2989838669688,1740.925767136791,108.07101263264504
ŁUKOWSKI,0.0,0.0,0.0,0.0,1.0,0.0,0.0,0.0,7.0,0.0,23.0,1.0,21.0,5.0,477.0,34.0,529.0,40.0
PUŁAWSKI,2.0,0.0,0.0,0.0,0.0,0.0,1.0,0.0,10.0,1.0,27.0,2.0,65.0,5.0,662.0,31.0,767.0,39.0
RADZYŃSKI,0.0,0.0,0.0,0.0,0.0,0.0,3.982779048184693,0.0,7.965558096369386,0.9956947620461732,23.89667428910816,0.9956947620461732,38.832095719800755,11.94833714455408,480.9205700683017,42.81487476798545,555.5976772217647,56.75460143663187
SIEDLECKI,0.0,0.0,0.0,0.0,0.0,0.0,1.0,2.0,5.359782699259972,0.0,33.3315224938331,1.0,43.78478339358642,1.0,615.184788948198,25.26630449876662,698.6608775348775,29.26630449876662
SOKOŁOWSKI,0.0,0.0,0.0,0.0,0.0,0.0,2.0,0.0,3.0,0.0,11.0,1.0,14.0,0.0,332.0,22.0,362.0,23.0
TOMASZOWSKI,0.9898383667862032,0.0,0.0,0.0,0.0,0.0,0.9898383667862032,0.0,8.90854530107583,0.0,15.837413868579251,0.0,16.827252235365453,4.949191833931016,366.2401957108952,20.78660570251027,409.79308384948814,25.735797536441282
WĘGROWSKI,0.0,0.0,0.0,0.0,2.0,0.0,1.0,0.0,6.0,0.0,18.0,0.0,23.0,1.0,336.0,20.0,386.0,21.0
WŁODAWSKI,0.0,0.0,0.0,0.0,1.0,0.0,6.0,0.0,4.0,1.0,12.0,0.0,23.0,4.0,656.0,36.0,702.0,41.0
ZAMOJSKI,1.0,0.0,0.0,0.0,2.0,0.0,11.0,0.0,24.0,0.0,33.0,2.0,49.0,2.0,516.0,46.0,636.0,50.0
LUBLIN (MIASTO),0.05260874638240837,0.0,0.07014499517654449,0.0,0.10521749276481673,0.0,0.35072497588272245,0.017536248794136122,0.5436237126182197,0.017536248794136122,1.280146161971937,0.05260874638240837,2.998698543797277,0.14028999035308898,25.673068234615283,1.701016133031204,31.074232863209208,1.9289873673549733
BÓBRECKI,1.0,0.0,0.0,0.0,0.0,0.0,2.0,1.0,6.0,0.0,26.0,2.0,16.0,2.0,305.0,4.0,356.0,9.0
BRZOZOWSKI,0.0,0.0,0.0,0.0,0.0,0.0,0.0,0.0,2.0,0.0,20.0,2.0,24.0,2.0,203.0,9.0,249.0,13.0
DOBROMILSKI,0.0,0.0,0.0,0.0,0.0,0.0,3.0,0.0,8.476662771426305,0.0,13.271100723803482,2.0,23.542201447606963,0.0,191.08537507608548,3.3177751809508704,239.37534001892226,5.31777518095087
DROHOBYCKI,2.0,0.0,2.0,0.0,2.113263483919139,0.0,22.05663174195957,0.0,34.45305393567656,3.0,227.79284438743397,5.0,49.79284438743397,9.0,581.0267829745582,65.73621264547441,921.2354209109814,82.73621264547441
GRÓDECKI,0.0,0.0,0.0,0.0,0.0,0.0,1.0180825432394607,0.0,6.0,0.0,16.360149760393647,1.0473415839706204,11.382502755377045,2.06755935308205,218.7718826255725,32.39845007274454,253.53261768458262,35.513351009797205
JAROSŁAWSKI,0.0,0.0,0.0,0.0,0.0,0.0,4.871884407693808,0.0,5.00022713508343,1.9487537630775233,17.07777789571744,0.02566854547792441,18.334508777513367,2.077096490467145,240.01398602387175,6.616317653570302,285.2983842398798,10.667836452592894
JAWOROWSKI,0.0,0.0,0.0,0.0,0.0,0.0,0.0,0.0,0.052841898433250614,0.0,11.565973962087918,0.9567855770495598,13.574660533366888,1.94527629315907,192.03842868429317,12.61787495631733,217.23190507818123,15.519936826525958
KOLBUSZOWSKI,0.0,0.0,0.0,0.0,0.0,0.0,0.020817410096568442,0.0,9.015613057572427,0.0,5.083269640386273,0.0052043525241421106,10.041634820193137,2.0052043525241423,276.1917967280285,2.0312261151448525,300.35313165627696,4.041634820193137
KROŚNIEŃSKI,0.0,0.0,1.0,0.0,1.0,0.0,3.172726899815522,0.39090896660517405,15.86363449907761,0.0,45.69090759926209,4.563635866420697,29.72726899815522,5.736362766236218,341.7090677885624,26.127271732841393,438.1636057848728,36.81817933210348
LESKI,0.0,0.0,1.0,0.0,1.0,0.0,1.0,0.0,10.0,3.0,22.0,3.0,24.0,2.0,234.0,10.0,293.0,18.0
LWOWSKI,1.0,0.0,0.0,0.0,3.0,1.0,7.0,0.0,23.0,1.0,37.0,1.0,59.0,1.0,542.0,25.0,672.0,29.0
LWÓW (MIASTO),2.0,1.0,0.0,0.0,9.0,0.0,27.0,1.0,65.0,2.0,129.0,3.0,237.0,7.0,2807.0,36.0,3276.0,50.0
ŁAŃCUCKI,0.0,0.0,0.0,0.0,1.0,0.0,7.109730009590978,0.0,8.219460019181955,1.0274325023977444,20.932705081523313,3.0274325023977444,26.20703010550076,6.109730009590978,330.344626078985,18.35662253117068,393.81355129478203,28.521217545557146
MOŚCISKI,0.0,0.0,0.0,0.0,0.0,0.0,3.0,0.0,3.0,0.0,14.0,0.0,11.0,0.0,193.0,2.0,224.0,2.0
NIŻAŃSKI,0.0,0.0,0.0,0.0,0.0,0.0,4.0,0.0,6.0,0.0,15.0,0.0,5.0,1.0,165.0,5.0,195.0,6.0
PRZEMYSKI,0.0,0.0,0.0,0.0,2.0,0.0,4.0,0.0,15.0,1.0,37.0,2.0,82.0,3.0,746.0,30.0,886.0,36.0
PRZEWORSKI,1.0,0.0,0.0,1.0,0.0,0.0,1.0,0.0,5.0,0.0,11.0,0.0,3.0,1.0,141.0,2.0,162.0,4.0
RAWSKI (RAWA RUSKA),0.0,0.0,0.0,0.0,0.0,0.0,1.0,0.0,6.0,0.0,42.0,0.0,20.0,0.0,488.0,0.0,557.0,0.0
RUDECKI,0.0,0.0,0.0,0.0,0.0,0.0,1.9819174567605393,0.0,0.0,0.0,12.882463468943506,2.9728761851408088,10.900546012182966,2.9728761851408088,301.251453427602,14.864380925704046,327.016380365489,20.81013329598566
RZESZOWSKI,0.0,0.0,0.0,0.0,0.0,0.0,5.7175430905935,0.609091033394826,16.916905481740432,0.9725674976022555,40.376387319214594,3.4089316311815594,61.065700896344026,8.153907224172803,550.9463061324526,17.516105735987928,675.022842920345,30.660603122339374
SAMBORSKI,0.0,0.0,0.0,0.0,1.8867365160808607,0.0,0.9433682580404303,0.0,8.52346384164206,0.0,15.811203018749005,0.0,18.415250424931983,0.0,312.21854070787106,12.91479920607134,357.7985627673154,12.91479920607134
SANOCKI,1.0,0.0,0.0,0.0,0.0,0.0,2.0,0.0,14.0,0.0,30.0,0.0,18.0,0.0,354.0,9.0,419.0,9.0
SOKALSKI,0.0,0.0,0.0,0.0,0.0,0.0,2.9867354573542824,0.0,7.964627886278087,0.9955784857847608,55.752395203946605,1.9911569715695216,31.858511545112346,3.9823139431390433,342.4789991099577,17.920412744125695,441.04126920264906,24.88946214461902
TARNOBRZESKI,0.0,0.0,0.0,0.0,2.0,0.0,5.0,0.0,8.0,1.0,19.0,3.0,10.0,2.0,307.0,26.0,351.0,32.0
ŻÓŁKIEWSKI,0.0,0.0,0.0,0.0,0.0,0.0,2.786554130121454,0.0,10.217365143778665,0.9288513767071513,21.36358166426448,0.9288513767071513,39.94060919840751,1.8577027534143027,358.53663140896043,14.861622027314422,432.84474154553254,18.577027534143028
LUBACZOWSKI,0.0,0.0,0.0,0.0,0.0,0.0,0.12811559230619188,0.0,4.946930966483319,0.05124623692247675,20.113634912857496,0.9973281083610864,30.80778192155973,4.937191678150927,353.92424923866065,29.50297639166379,409.9207126318674,35.48874241509828
TURCZAŃSKI,0.0,0.0,0.0,0.0,0.0,0.0,2.0,0.0,10.546819451255077,2.0,16.124851870013536,1.0,23.249703740027076,2.0,251.66930124148524,13.031212967503384,303.59067630278093,18.031212967503386
BRZEZIŃSKI,2.0,0.0,2.0,0.0,6.0,1.0,11.0,2.0,26.0,1.0,42.0,2.0,69.0,9.0,783.0,50.0,941.0,65.0
KALISKI,4.0,0.0,1.0,0.0,1.0,0.0,28.0,0.0,50.0,4.0,76.0,7.0,116.0,10.0,1014.0,118.0,1290.0,139.0
KOLSKI,0.0,0.0,0.0,0.0,0.0,0.0,8.0,0.0,11.0,2.0,30.0,2.0,31.0,1.0,654.0,20.0,734.0,25.0
KONIŃSKI,1.0,0.0,0.0,0.0,0.0,0.0,8.0,0.0,23.0,0.0,47.0,2.0,41.0,2.0,1166.0,72.0,1286.0,76.0
ŁASKI,2.0,0.0,2.0,0.0,1.0,0.0,29.0,0.0,41.0,0.0,68.0,0.0,144.0,7.0,856.0,29.0,1143.0,36.0
ŁĘCZYCKI,4.0,0.0,3.0,0.0,1.0,0.0,6.0,0.0,8.0,2.0,28.0,0.0,39.0,0.0,513.0,59.0,602.0,61.0
ŁÓDZKI,4.0,0.0,4.0,0.0,4.0,0.0,40.0,1.0,73.0,4.0,79.0,6.0,180.0,9.0,854.0,112.0,1238.0,132.0
ŁÓDŹ (MIASTO),26.0,0.0,29.0,0.0,45.0,4.0,293.0,11.0,348.0,25.0,331.0,28.0,862.0,82.0,6266.0,702.0,8200.0,852.0
PIOTRKOWSKI,4.0,0.0,3.0,0.0,1.0,0.0,15.0,1.0,23.0,2.0,70.0,4.0,104.0,4.0,744.0,23.0,964.0,34.0
RADOMSZCZAŃSKI,2.0,0.0,2.0,0.0,0.0,0.0,12.0,0.0,25.0,0.0,51.0,0.0,56.0,6.0,722.0,34.0,870.0,40.0
SIERADZKI,0.0,0.0,1.0,0.0,1.0,0.0,27.0,4.0,42.0,3.0,86.0,5.0,122.0,10.0,948.0,76.0,1227.0,98.0
TURECKI,0.0,0.0,1.0,0.0,0.0,0.0,3.0,0.0,4.0,0.0,20.0,1.0,21.0,3.0,378.0,64.0,427.0,68.0
WIELUŃSKI,1.0,0.0,0.0,0.0,0.0,0.0,1.0,0.0,6.0,1.0,24.0,0.0,47.0,5.0,509.0,44.0,588.0,50.0
POŁUDNIOWO-WARSZAWSKI,3.75103469208922,0.0,2.387022076784049,1.023009461478878,19.09617661427239,0.6820063076525854,123.44314168511796,6.138056768873269,180.73167152793513,9.889091460962488,184.48270622002434,7.843072538004733,618.2387178870687,46.035425766549515,4654.693049728896,424.20792335990814,5786.823520432187,495.8185856634296
PÓŁNOCNO-WARSZAWSKI,3.2498108883428336,0.0,2.0680614743999852,0.8863120604571364,16.544491795199882,0.5908747069714243,106.9483219618278,5.317872362742818,156.58179734742745,8.567683251085652,159.83160823577026,6.79505913017138,535.6279218695961,39.88404272057114,4032.7198750799707,367.5240677362259,5013.571888652536,429.56591196822546
PRASKO-WARSZAWSKI,3.0826690089040785,0.0,1.9616984602116863,0.8407279115192942,15.69358768169349,0.5604852743461961,101.4478346566615,5.044367469115765,148.52859770174197,8.127036478019843,151.61126671064605,6.4455806549812555,508.0799011948268,37.83275601836824,3825.3119974127885,348.621840643334,4755.717552827474,407.47279444968456
ŚRÓDMIEJSKO-WARSZAWSKI,0.9164854106638698,0.0,0.5832179886042808,0.24995056654469178,4.665743908834246,0.16663371102979452,30.160701696392806,1.4997033992681508,44.157933422895546,2.4161888099320206,45.07441883355942,1.916287676842637,151.05345904850873,11.24777549451113,1137.2750777783476,103.64616826053219,1413.8870380878066,121.14270791866062
BARANOWICKI,0.0,0.0,0.0,0.0,0.0,0.0,4.896002389721822,0.0,2.9376014338330934,0.0,11.750405735332373,1.958400955888729,67.56483297816115,9.792004779443644,536.6018619135117,85.19044158115972,623.7507044505602,96.94084731649208
BRASŁAWSKI,0.0,0.0,0.0,0.0,0.0,0.0,2.0,0.0,9.0,0.0,25.0,0.0,44.0,1.0,216.0,26.0,296.0,27.0
LIDZKI,0.0,0.0,0.6768571650517,0.0,0.6768571650517,0.0,6.0917144854653005,0.0,12.8602861359823,0.6768571650517,27.7511437671197,2.0305714951551,88.6682886217727,7.4454288155687,621.3548775174606,31.135429592378202,758.080024857904,41.2882870681537
NIEŚWIESKI,0.0,0.0,0.0,0.0,1.0,0.0,3.0,0.0,1.0,0.0,20.0,3.0,42.0,5.0,657.0,42.0,724.0,50.0
NOWOGRÓDZKI,0.012892860456145601,0.0,0.0,0.0,0.012892860456145601,0.0,2.0515714418245823,0.012892860456145601,6.077357162736874,1.0257857209122911,26.283642930035203,3.012892860456146,91.58017872052655,5.103142883649165,664.6873580904577,75.91539309238634,790.7058940664931,85.07010741786009
SŁONIMSKI,0.0,0.0,0.0,0.0,0.0,0.0,5.0,1.0,13.0,2.0,24.0,9.0,101.0,21.0,515.0,34.0,658.0,67.0
STOŁPECKI,0.1473851302130497,0.0,0.0,0.0,1.1473851302130498,0.0,2.693538131130376,0.1473851302130497,6.946709347445204,0.2947702604260994,17.49206712935472,0.18898417432432058,55.06749788142608,7.387076262260752,342.55028532742045,34.27390266396681,426.0448680772029,42.29211849119103
WOŁOŻYŃSKI,0.8397220093308047,0.0,0.0,0.0,0.8397220093308047,0.0,3.3588880373232186,0.8397220093308047,5.038332055984828,1.6794440186616093,18.473884205277702,0.8397220093308047,37.78749041988621,6.717776074646437,240.16049466861014,59.62026266248713,306.4985334057437,69.69692677445678
SZCZUCZYŃSKI (WOJ. NOWOGRÓDZKIE),0.0,0.0,0.32314283494830004,0.0,0.32314283494830004,0.0,3.964951887951284,0.0,8.18260218595643,0.5344761096316168,15.432633404607907,1.110317354633778,47.262821120838026,4.047682158692373,381.7419877550216,20.14790227470472,457.2312820242719,25.84037789766249
BRZESKI (BRZEŚĆ N.BUG.),0.0,0.0,0.0,0.0,0.0,0.0,7.0,1.0,16.032914076438157,0.0,20.274283970317963,7.0,84.28525532913068,3.0,1006.3039853506709,76.0548567940636,1133.8964387265578,87.0548567940636
DROHICKI,0.0,0.0,0.0,0.0,0.0,0.0,0.0,0.0,3.0,0.0,9.0,0.0,25.0,3.0,276.0,22.0,313.0,25.0
KOBRYŃSKI,0.0,0.0,0.0,0.0,0.0,0.0,1.0,0.0,4.0,0.0,6.0,1.0,23.0,5.0,407.0,25.0,441.0,31.0
KOSZYRSKI,0.0,0.0,0.0,0.0,0.0,0.0,1.0,0.0,6.0,0.0,9.0,0.0,19.0,2.0,132.0,11.0,167.0,13.0
ŁUNINIECKI,0.0,0.0,0.0,0.0,2.0,0.0,6.0,0.0,10.0,1.0,12.0,6.0,40.0,2.0,149.0,14.0,219.0,23.0
PIŃSKI,0.0,0.0,0.0,0.0,2.0,0.0,5.0,0.0,22.0,1.0,41.0,14.0,75.0,9.0,657.0,61.0,802.0,85.0
PRUŻAŃSKI,0.0,0.0,0.0,0.0,0.0,0.0,1.0,0.0,1.0,1.0,8.0,0.0,28.0,1.0,405.0,23.0,443.0,25.0
STOLIŃSKI,0.0,0.0,0.0,0.0,0.0,0.0,4.0,0.0,9.0,0.0,20.0,1.0,64.0,1.0,432.0,48.0,529.0,50.0
IWACEWICKI,0.0,0.0,0.0,0.0,0.0,0.0,3.0,0.0,12.0,1.0,13.0,0.0,30.0,3.0,295.0,29.0,353.0,33.0
BRODNICKI,0.010262074741022427,0.0,0.0,0.0,0.05841776184211132,0.0,5.274299901485787,0.0,14.164092376800898,1.0,36.35607573866218,3.0392612332387046,55.367495328887976,2.198932121612402,517.0552061571024,34.55759294092891,628.2858493395224,40.79578629578002
CHEŁMIŃSKI,1.0059483562302856,0.0,0.9644363888855376,0.0,1.0552985069052696,0.0,4.38003964247749,0.0,4.415464875579708,0.03028737267324401,16.259964930580704,4.831206207139378,25.38818562673571,4.0566594533249045,272.9923750976555,37.10870087871325,326.4617134250502,46.02685391185077
CHOJNICKI,0.0,0.0,0.0,0.0,0.9859804069355478,0.0,6.904907303147254,0.0,14.792750558631635,1.9727219275207004,38.458944222858406,1.9738635979951076,49.306631483273435,5.916643555262891,416.159081978112,17.753736234036698,526.6082959529583,27.6169653148154
DZIAŁDOWSKI,0.0,0.0,0.0,0.0,0.0,0.0,1.0,0.0,3.0,1.0,23.0,0.0,23.0,1.0,173.0,10.0,223.0,12.0
GRUDZIĄDZ (MIASTO),3.0,0.0,1.0,0.0,2.0,0.0,10.0,0.0,22.0,1.0,14.0,1.0,77.0,6.0,405.0,26.0,534.0,34.0
GRUDZIĄDZKI,0.9785133305874737,0.0,0.0,0.0,0.0,0.0,1.9570266611749474,0.0,4.892566652937369,0.0,19.570266611749474,0.0,15.65621328939958,7.82810664469979,216.2514460598317,14.677699958812106,259.3060326056805,22.505806603511896
KARTUSKI,0.0,0.0,0.0,0.0,0.0,0.0,4.692500950886813,0.0,5.631001141064175,0.0,13.139002662483076,0.0,24.401004944611426,0.9385001901773625,255.27205172824262,12.200502472305713,303.1355614272881,13.139002662483076
KOŚCIERSKI,0.0,0.0,0.0,0.0,0.9599865259997971,0.0,2.9975326628005914,0.0,6.86099338376002,0.9599865259997971,24.328867787438288,0.9599865259997971,29.410975820960154,0.9835011429600372,231.03282289713783,12.785514858480482,295.5911790780967,15.688989053440114
LUBAWSKI,0.0,0.0,0.0,0.0,0.0,0.0,1.921477533522591,0.0,8.64664890085166,0.0,26.900685469316276,0.9607387667612955,29.782901769600162,0.0,348.7481723343503,25.93994670255498,415.99988600764095,26.900685469316276
SĘPOLEŃSKI,0.0,0.0,0.0,0.0,0.0,0.0,0.0,0.0,13.0,1.0,26.0,0.0,22.0,0.0,244.0,2.0,305.0,3.0
STAROGARDZKI,2.1714895221581455e-05,0.0,1.0,0.0,2.259302974240155,0.0,14.926209546987184,0.0,22.744609671402728,0.07709405879068804,41.00617816340352,0.13272579342402627,43.71064291287773,0.5155210550040417,402.0817120562027,17.51754339544208,527.7286770400093,18.242884302660837
ŚWIECKI,0.9113863344057107,0.0,0.0,0.0,2.848152045105683,0.0,11.298974919076668,0.0,39.89393041131935,0.9164762795413326,47.54537302090806,2.746883866056187,60.66004369179541,0.233076028912723,553.9579036547401,47.662469036067115,717.1157640773511,51.55890521057735
TCZEWSKI,1.0,0.0,0.0,0.0,0.6667826025571619,0.0,10.000347807671485,0.0,14.000695615342972,3.0,30.335304243471754,1.0,55.66991287160053,1.3335652051143239,418.024346537004,36.33634766648621,529.697389677648,41.66991287160053
TORUŃ (MIASTO),0.0077497779806728955,0.0,0.0,0.0,0.023249333942018686,0.0,0.13174622567143923,0.0,0.37973912105297186,0.0077497779806728955,0.4029884549949906,0.0,0.8059769099899812,0.030999111922691582,6.486564169823214,0.58898312653114,8.238013993455288,0.6277320164345045
TORUŃSKI,1.000534548031109,0.0,0.03556361111446247,0.0,2.9304764218644017,0.0,16.54676037204084,0.0,47.390266742259065,0.9649709369166465,50.71194288638255,0.17781805557231234,101.17494049496386,4.002138192124436,816.749395033421,74.61808120578577,1036.5398801100773,79.76300839039918
TUCHOLSKI,0.08558386312850429,0.0,0.0,0.0,0.270771182449965,0.0,8.953503794271256,0.0,11.718760295770506,2.0707131205769187,19.504132820835174,5.177515953813192,25.663663743513478,2.041207629706223,249.3924098114913,20.10268253901293,315.5888255114602,29.392119243109263
WĄBRZESKI,0.0,0.0,0.0,0.0,0.9415822381578888,0.0,2.824746714473666,0.0,12.240569096052553,0.0,16.948480286842,0.0,32.01379609736822,1.8831644763157775,395.4645400263133,21.65639147763144,460.43371445920764,23.539555953947218
MORSKI,0.0,0.0,0.0,0.0,1.953794223037897,0.0,8.005102856463576,0.0,23.67344183362915,4.884485557594743,33.74629449171781,3.907588446075794,100.63112038935509,11.76075053108978,512.4570877793117,133.35181467378817,680.4668415735152,153.90463920854847
GDYNIA (MIASTO),0.0,0.0,0.0,0.0,0.04620577696210284,0.0,0.18482310784841136,0.0,0.554469323545234,0.1155144424052571,0.7854982083557482,0.09241155392420568,2.3564946250672447,0.277234661772617,11.874884679260429,3.141992833422993,15.802375721039171,3.627153491525073
BYDGOSKI,0.0,0.0,0.0,0.0,0.0,0.0,13.964087575035926,0.0,19.94869653576561,1.9948696535765609,23.93843584291873,0.0,28.925609976860134,0.0,319.17914457224975,11.969217921459364,405.95597450283014,13.964087575035926
BYDGOSZCZ (MIASTO),0.0,0.0,2.0,0.0,9.0,1.0,48.035912424964074,0.0,79.0513034642344,3.005130346423439,58.061564157081264,2.0,156.07439002313987,4.0,1026.8208554277503,84.03078207854064,1379.0440254971697,94.03591242496407
CHODZIESKI,0.0,0.0,1.0,0.0,1.0,0.0,6.0,0.0,14.0,0.0,23.0,1.0,25.0,1.0,414.0,18.0,484.0,20.0
CZARNKOWSKI,0.0,0.0,0.0,0.0,0.10598916898389549,0.0,9.16588085882285,0.10598916898389549,13.90780504171012,0.10598916898389549,25.921599252404132,2.0,28.239566759355817,3.0,339.35428496147614,21.37785919679064,416.695126042753,26.58983753475843
GNIEŹNIEŃSKI,1.0726478579837844,0.0,0.037490699206889855,0.0,1.026771066546004,0.0,8.333053557077928,0.10043860401433255,24.53081094899356,0.08169325441088762,41.00665479758802,1.0930674438210115,57.604454822627034,0.18884371442232809,681.7139370392587,28.1599415875272,815.3258207892818,29.62398460419576
GOSTYŃSKI,0.9967851980314197,0.0,0.0,0.0,0.009736241609240668,0.0,2.224540986745351,0.0,13.340944530357453,1.0065214396406603,21.579583711814777,0.029208724827722004,24.199329982707297,0.009736241609240668,408.0965453638954,13.558061877444622,470.447466015161,14.603528283522245
INOWROCŁAWSKI,4.951250836393541,0.0,0.0,0.0,0.0,0.0,11.8830020073445,0.0,14.853752509180625,0.0,32.678255520197375,0.0,84.17126421869021,0.9902501672787083,562.4620950143063,29.70750501836125,710.9996201061125,30.697755185639956
JAROCIŃSKI,1.0,0.0,0.0,0.0,1.6865669850294789,0.0,11.059700955088436,0.8432834925147394,27.962685402691612,1.8432834925147394,48.86566985029479,1.8432834925147394,39.492535880235835,3.8432834925147397,530.1268480254037,28.64925238772109,660.1940070987438,37.02238635778005
KĘPIŃSKI,0.0,0.0,0.0,0.0,0.7818059937737525,0.0,3.0,0.0,25.599865931511278,2.0,36.03625394396377,2.7818059937737525,44.07250788792754,3.3454179813212575,552.4337066426781,24.690835962642517,661.9241403998544,32.81805993773752
KOŚCIAŃSKI,0.96455957246521,0.0,0.0,0.0,0.8963175197023007,0.0,8.275205005984615,0.0,13.11248754981139,0.9681807428403915,46.82024370786567,0.010863511125544522,52.985023110223295,0.8963175197023007,590.2785854751673,11.925095967181546,713.33242194122,13.800457740849783
KROTOSZYŃSKI,1.0,0.0,2.0,0.0,0.0,0.0,6.017426049366788,1.0,25.081719576441934,2.082701143681474,35.60736786687235,2.0,57.411542583928295,6.165402287362948,720.5104134635736,36.28197396253846,847.628469540183,47.53007739358288
LESZCZYŃSKI,1.0205997661131232,0.0,1.0,0.0,0.10730365067288085,0.0,5.705621202376654,0.0,23.80862003294227,0.0205997661131231,42.85076988141107,2.0,70.54084905529102,2.107303650672881,659.1631787058236,34.048131920508425,804.1969422946305,38.17603533729443
MIĘDZYCHODZKI,0.0,0.0,0.0,0.0,0.0,0.0,7.0,0.0,10.0,0.0,28.0,1.0,32.0,2.0,292.0,10.0,369.0,13.0
MOGILEŃSKI,1.9394159706252618,0.0,0.0,0.0,0.0038297045896051444,0.0,7.8373964348238125,0.9354527796154165,17.705964452045425,1.9354527796154164,47.62992250286936,0.9395494570455024,55.89067143835001,2.8063583388462496,683.3137135089966,34.07451760395297,814.3209140123002,40.69133095907556
NOWOTOMYSKI,0.9879776131109931,0.0,0.0,0.0,0.0,0.0,8.96393283933298,0.0,19.91584329177695,1.0,59.71146271466384,0.0,57.57921645888476,8.96393283933298,823.5036273035114,36.73550748844185,970.6620602212809,46.69944032777482
OBORNICKI,0.03518428017882833,0.0,0.07036856035765666,0.0,0.9643793913737613,0.0,10.256330503323092,0.9643793913737613,16.831064842045276,0.9291951111949329,34.83761475653729,0.07036856035765666,37.41409440904911,0.0,319.0657659416503,12.361010686964754,419.4748026845153,14.324953749891106
OSTROWSKI (OSTRÓW WIELKOPOLSKI),1.0,0.0,1.0,0.0,2.531627021196769,0.0,9.774896757548616,1.1567165074852606,26.023942947389745,1.0740153638037868,39.271064768926706,0.3749105137115082,62.359841363977466,4.645896238801056,648.3430674173202,40.75019906914018,790.3044402763594,48.001737692941795
POZNAŃ (MIASTO),2.0,0.0,3.0,0.0,8.0,0.0,91.0,2.0,130.0,5.0,132.0,8.0,361.0,18.0,2003.0,102.0,2730.0,135.0
RAWICKI,1.0180554633902472,0.0,0.0,0.0,0.0,0.0,10.036110926780495,2.0,11.216665560682966,0.018055463390247196,15.343053804414696,1.0,22.379164731195193,0.0,391.64441052761094,21.216665560682966,451.6374610140746,24.234721024073213
SZAMOTULSKI,1.0,0.0,1.0,0.0,0.0,0.0,6.0,0.0,22.0,0.0,47.0,1.0,26.0,1.0,497.0,14.0,600.0,16.0
SZUBIŃSKI,0.0,0.0,2.0,0.0,0.0,0.0,7.0,0.0,9.0,1.0,22.0,0.0,23.0,0.0,323.0,20.0,386.0,21.0
ŚREDZKI,1.0,0.0,0.0,0.0,0.0,0.0,4.0,1.0,11.0,1.0,34.0,2.0,36.0,1.0,354.0,24.0,440.0,29.0
ŚREMSKI,0.0,0.0,0.0,0.0,0.9866425880155778,0.0,6.906498116109045,0.0,10.853068468171356,0.9866425880155778,27.62599246443618,2.9599277640467334,32.55920540451407,0.9866425880155778,413.4032443785271,8.8797832921402,492.3346514197733,13.81299623221809
WĄGROWIECKI,0.0,0.0,0.0,0.0,1.0,0.0,6.0,1.0,12.0,1.0,23.0,0.0,18.0,0.0,375.0,15.0,435.0,17.0
WOLSZTYŃSKI,0.0,0.0,0.0,0.0,0.0,0.0,5.0,1.0,8.0,2.0,23.0,2.0,26.0,3.0,462.0,22.0,524.0,30.0
WRZESIŃSKI,1.0,0.0,0.0,0.0,0.0,1.0,5.0,1.0,13.0,0.0,15.0,1.0,27.0,0.0,317.0,24.0,378.0,27.0
WYRZYSKI,1.0,0.0,0.0,0.0,2.0,0.0,5.0,0.0,13.0,0.0,55.0,0.0,37.0,2.0,512.0,14.0,625.0,16.0
ŻNIŃSKI,1.003200767460308,0.0,0.0,0.0,0.0034091745371900356,0.0,3.0266481750668746,0.001599315577140672,10.073338855815178,0.001599315577140672,13.168421545419413,2.0013930448062855,28.194463726009882,0.004797946731422016,333.30956429693134,29.065212804771726,388.7790465412402,31.074602427463713
POZNAŃSKI,0.9580927571067338,0.0,1.8921407404354535,0.0,1.8921407404354535,0.0,11.388911603279741,1.8921407404354535,19.95163448279531,0.9460703702177268,47.59205579622251,1.8921407404354535,44.8860909413484,0.036067160667020974,338.45921338334614,20.131970286130414,467.0202804449697,24.89838929788607
GNIEZNO (MIASTO),0.0034807535340906732,0.0,0.0,0.0,0.0034807535340906732,0.0,0.027846028272725386,0.0,0.08353808481817615,0.0,0.13226863429544558,0.0034807535340906732,0.19144144437498703,0.0,2.2798935648293908,0.09398034542044818,2.7219492636589067,0.09746109895453885
INOWROCŁAW (MIASTO),0.0487491636064584,0.0,0.0,0.0,0.0,0.0,0.11699799265550018,0.0,0.14624749081937521,0.0,0.3217444798026255,0.0,0.8287357813097929,0.00974983272129168,5.537904985693674,0.29249498163875043,7.000379893887427,0.3022448143600421
DOLIŃSKI,0.0,0.0,1.8937749934171777,0.9468874967085888,2.8406624901257667,0.0,3.7875499868343554,2.8406624901257667,3.7875499868343554,0.0,20.831524927588955,2.8406624901257667,46.39748733872085,2.8406624901257667,357.9234737558466,30.300399894674843,437.46202347936804,39.769274861760735
HORODEŃSKI,0.9743288813475444,0.0,0.0,0.0,0.0,0.0,0.0,0.0,0.9743288813475444,0.0,9.743288813475443,1.9486577626950887,28.255537559078785,0.9743288813475444,393.6288680644079,4.871644406737722,433.57635219965726,7.794631050780355
KAŁUSKI,0.9511372273545763,0.0,0.9511372273545763,0.0,0.0,0.0,1.9022744547091526,0.0,4.755686136772882,0.0,10.462509500900339,0.9511372273545763,30.43639127534644,2.853411682063729,447.9856340840054,32.338665730055595,497.4447699064434,36.1432146394739
KOŁOMYJSKI,0.025671118652455638,0.0,0.0,0.0,2.0,0.0,6.0,0.0,21.025671118652454,2.0,19.256711186524555,0.051342237304911276,46.74446244092121,2.025671118652456,747.3711319355921,62.12835559326228,842.4236478003428,66.20536894921965
KOSOWSKI (KOSÓW HUCULSKI),0.0,0.0,0.0,0.0,1.0,0.0,1.0,0.0,6.0,1.0,12.0,5.0,39.0,13.0,479.0,20.0,538.0,39.0
NADWÓRNIAŃSKI,0.03123106111635942,0.0,1.0312310611163593,0.0,0.554643481651438,0.0,10.726392567187032,1.0,34.37472923218755,7.0,57.11675908053714,13.03123106111636,67.6469070704037,8.093693183349078,549.0017959830709,68.14651704584793,720.4836895372705,97.27144129031336
ROHATYŃSKI,0.0,0.0,0.0,0.0,0.0,0.0,1.0,0.0,7.0,0.0,31.0,2.0,18.0,5.0,299.0,23.0,356.0,30.0
STANISŁAWOWSKI,1.017631711529064,0.0,0.017631711529064172,0.0,1.4453565183485622,0.0,14.412103489708178,0.0,26.961033320930937,0.014835203100887427,36.6728246835853,2.0522296541490848,91.31828679515532,4.1072558167263455,993.5623390256386,55.76934796040531,1165.407207256425,61.94366863438163
STRYJSKI,0.0,0.0,0.10622500658282245,0.05311250329141123,2.1900535612991647,0.0,11.243166064590575,1.1593375098742338,9.366030270290299,3.061432102849862,29.782796100909664,3.2207696127240952,36.339697895477485,4.220769612724095,664.3731198537689,29.406069288098568,753.401088752919,41.12149062956227
ŚNIATYŃSKI,0.0,0.0,0.0,0.0,0.0,0.0,1.0,1.0,4.0,2.0,10.0,1.0,24.0,2.0,387.0,23.0,426.0,29.0
TŁUMACKI,0.0,0.0,0.0,0.0,0.0,0.0,2.9592294883956356,0.0,3.9456393178608473,0.0,11.836917953582542,1.9728196589304237,22.68742607769987,3.9456393178608473,430.07468564683234,15.78255727144339,471.50389848437123,21.70101624823466
ŻYDACZOWSKI,0.0,0.0,0.0,0.0,0.9692839485750692,0.0,0.9692839485750692,0.0,4.846419742875346,1.9385678971501383,19.385678971501385,1.9385678971501383,23.26281476580166,1.9385678971501383,482.70340639038443,22.29353081722659,532.136887767713,28.109234508677005
BIELSKI (BIELSKO),7.0,0.0,13.0,0.0,14.0,1.0,72.0,6.0,73.0,6.0,52.0,10.0,155.0,14.0,972.0,50.0,1358.0,87.0
BIELSKO (MIASTO),0.0,0.0,0.0,0.0,0.0,0.0,0.0,0.0,0.0,0.0,0.0,0.0,0.0,0.0,0.0,0.0,0.0,0.0
CIESZYŃSKI,0.0,0.0,3.0,0.0,2.0,0.0,27.0,6.0,36.0,1.0,37.0,5.0,102.0,5.0,750.0,36.0,957.0,53.0
TARNOGÓRSKI,1.0,0.0,2.0,0.0,3.0,0.0,17.0,0.0,19.0,1.0,10.0,6.0,38.0,4.0,350.0,31.0,440.0,42.0
KATOWICE (MIASTO),0.0,0.0,0.0,0.0,0.0,0.0,0.0,0.0,0.0,0.0,0.0,0.0,0.0,0.0,0.0,0.0,0.0,0.0
KATOWICKI,18.59261222391926,0.0,8.853624868532982,0.8853624868532982,18.59261222391926,1.7707249737065964,89.42161117218312,10.624349842239578,134.57509800170132,10.624349842239578,97.3898735538628,14.165799789652771,254.09903372689658,19.47797471077256,1614.901176020416,88.53624868532982,2236.425641791431,146.0848103307942
LUBLINIECKI,1.0,0.0,1.0,0.0,1.0,0.0,7.0,2.0,16.0,2.0,14.0,2.0,23.0,2.0,264.0,12.0,327.0,20.0
PSZCZYŃSKI,7.0,0.0,3.0,0.0,5.0,0.0,20.0,4.0,35.0,1.0,33.0,1.0,58.0,8.0,690.0,26.0,851.0,40.0
RYBNICKI,11.0,0.0,2.0,0.0,3.0,0.0,32.0,2.0,53.0,4.0,36.0,1.0,62.0,2.0,1294.0,65.0,1493.0,74.0
ŚWIĘTOCHŁOWICKI,14.765436464995844,0.0,2.953087292999169,0.0,4.921812154998615,0.984362430999723,21.655973481993904,0.984362430999723,21.655973481993904,2.953087292999169,21.655973481993904,0.0,51.1868464119856,5.906174585998338,559.1178608078427,42.32758453298809,697.9129635788036,53.15557127398504
CHORZÓW,6.641951311084891,0.0,2.1932878384678482,0.11463751314670172,5.485575621082121,5.24491259529368,33.92241534582297,7.391287726760698,62.768928516304754,1.4225628647612516,34.95415296414328,7.834200210347228,131.7141198611178,8.6158507032291,968.9809631717412,66.13616678168209,1246.661394629765,96.75961839522074
BORSZCZOWSKI,0.0,0.0,0.0,0.0,0.0,0.0,0.0,0.0,3.9372247396475926,0.0,17.717511328414165,0.0,31.49779791718074,1.9686123698237963,392.73816777984734,2.952918554735694,445.89070176508983,4.921530924559491
BRODZKI,0.0,0.0,0.0,0.0,0.0,0.0,4.024223324667646,0.0,8.096893298670583,0.0,23.387573194682332,0.06055831166911424,38.133228285672054,5.012111662333822,382.98631262274694,16.072669974002938,456.62823072643954,21.145339948005873
BRZEŻAŃSKI,0.0,0.0,0.0,0.0,0.0,0.0,0.0,0.0,6.859705896272987,0.036458779344213,20.52442951980264,1.9521033747899506,14.72280756444911,0.0,196.41269785741682,9.760516873949753,238.51964083794155,11.749079028083917
BUCZACKI,0.0,0.0,0.0,0.0,0.0,0.0,0.9829672235815299,0.0,5.89780334148918,0.0,25.557147813119776,0.0,40.301656166842726,0.0,358.7830366072584,8.84670501223377,431.52261115229163,8.84670501223377
CZORTKOWSKI,0.0,0.0,0.0,0.0,0.0,0.0,0.022490851262838882,0.005458074844368772,5.22719258738709,0.04038836914638643,9.411943133954628,0.04038836914638643,32.14694701524929,1.0717759993225904,297.5816905078139,14.545315685579103,344.39026409566776,15.703326498038834
KAMIONECKI,0.0,0.0,0.0,0.0,0.9841586823453302,0.0,1.2108690948695933,0.0,7.7071177463605585,1.0597288198534178,21.56719677869551,0.07999165172332684,15.994942126969434,1.144141985791984,250.42007300878112,10.075393369667854,297.8843574380215,12.359255827036582
PODHAJECKI,0.0,0.0,0.0,0.0,0.0,0.0,0.0,0.0,4.871765043887249,1.9487060175548996,11.692236105329398,0.9743530087774498,11.692236105329398,0.0,213.3833089222615,4.871765043887249,241.63954617680756,7.794824070219598
PRZEMYŚLAŃSKI,0.0,0.0,0.0,0.0,0.0,0.0,1.0,0.0,6.0,1.0,22.0,0.0,37.0,4.0,182.0,8.0,248.0,13.0
RADZIECHOWSKI,0.0,0.0,0.0,0.0,0.0,0.0,1.9757766753323545,0.0,7.903106701329418,0.0,31.61242680531767,4.939441688330886,10.86677171432795,0.9878883376661772,162.01368737725306,5.927330025997064,214.37176927356046,11.854660051994127
SKAŁACKI,0.0,0.0,0.0,0.0,0.0,0.0,0.0,0.0,0.0,0.0,18.99075155982494,0.0,22.788901871789925,2.8486127339737406,178.51306466235442,9.49537577991247,220.29271809396928,12.34398851388621
TARNOPOLSKI,0.0,0.0,0.0,0.0,0.0,0.0,2.9532537132208674,0.0,12.044455904971015,0.0,23.335934957622623,1.0505439192891117,45.77916871433614,4.92208952203478,498.7884906842524,14.11248073610816,582.9013039744032,20.085114177432054
TREMBOWELSKI,0.0,0.0,0.0,0.0,0.0,0.0,1.0412882119347637,0.9945419251556312,5.244987997795324,0.9945419251556312,18.45016657609836,1.0527706331989943,40.865685000694334,1.4399146759966637,191.99845904312883,12.510378896599747,257.60058682965166,16.992148056106668
ZALESZCZYCKI,0.0,0.0,0.0,0.0,0.0,0.0,0.0,0.0,0.9650697056979823,0.9650697056979823,16.4061849968657,0.9650697056979823,20.26646381965763,0.9650697056979823,169.8522682028449,7.720557645583859,207.48998672506622,10.615766762677806
ZBARASKI,0.0,0.0,0.0,0.0,0.0,0.0,0.0,0.0,4.0,0.0,21.0,1.0,30.0,14.0,226.0,0.0,281.0,15.0
ZBOROWSKI,0.0,0.0,0.0,0.0,0.0,0.0,0.0,0.0,7.0,1.0,11.0,0.0,26.0,2.0,202.0,7.0,246.0,10.0
ZŁOCZOWSKI,0.0,0.0,0.0,0.0,0.015841317654669788,0.0,2.0158413176546697,0.0,5.110889223582689,0.015841317654669788,27.316826353093397,0.0,34.20593712951071,1.01584131765467,278.5642964723007,8.142571858892028,347.22963181379686,9.174254494201367
KOPYCZYNIECKI,0.0,0.0,0.0,0.0,0.0,0.0,0.0,0.0,1.914706775099362,0.0,16.82468279036244,0.957353387549681,18.849324605865377,6.783924993150447,136.3243609932742,3.146897763657975,173.9130751646014,10.888176144358104
BŁOŃSKI,4.0,0.0,0.0,0.0,1.0,0.0,20.0,0.0,17.0,1.0,20.0,3.0,44.0,7.0,604.0,32.0,710.0,43.0
CIECHANOWSKI,3.0,0.0,0.0,0.0,0.0,0.0,5.0,0.0,4.0,0.0,10.0,1.0,20.0,0.0,340.0,28.0,382.0,29.0
GOSTYNIŃSKI,1.0,0.0,0.0,0.0,1.0,0.0,2.0,0.0,19.0,1.0,14.0,2.0,22.0,4.0,335.0,14.0,394.0,21.0
GRÓJECKI,0.0,0.0,0.0,0.0,1.0,0.0,11.0,0.0,14.0,1.0,30.0,2.0,38.0,1.0,526.0,32.0,620.0,36.0
KUTNOWSKI,3.0,0.0,1.0,0.0,5.0,0.0,8.0,1.0,9.0,0.0,23.0,1.0,39.0,3.0,517.0,12.0,605.0,17.0
LIPNOWSKI,0.9950298393644311,0.0,0.0,0.0,0.0,0.0,2.9850895180932935,0.0,5.970179036186587,0.0,18.905566947924193,2.9850895180932935,23.880716144746348,2.9850895180932935,319.4045784359824,16.91550726919533,372.1411599222972,22.885686305381917
ŁOWICKI,1.0,0.0,0.0,0.0,0.0,0.0,6.0,0.0,1.0,2.0,37.0,1.0,26.0,0.0,306.0,14.0,377.0,17.0
MAKOWSKI (MAKÓW MAZOWIECKI),0.0,0.0,0.0,0.0,0.0,0.0,0.0,0.0,2.0,1.0,6.0,0.0,10.0,0.0,219.0,7.0,237.0,8.0
MIŃSKI,0.0,0.0,1.0,0.0,0.0,0.0,1.0,0.0,3.0,1.0,23.0,3.0,29.0,0.0,406.0,18.0,463.0,22.0
MŁAWSKI,0.0,0.0,0.0,0.0,0.0,0.0,4.0,0.0,6.0,1.0,11.0,0.0,21.0,0.0,387.0,24.0,429.0,25.0
NIESZAWSKI,1.0,0.0,0.0,0.0,0.0,0.0,3.0,0.0,9.0,0.0,22.0,1.0,18.0,11.0,299.0,83.0,352.0,95.0
PŁOCKI,2.0,0.0,0.0,0.0,1.0,0.0,6.0,0.0,13.0,1.0,23.0,3.0,64.0,7.0,533.0,25.0,642.0,36.0
PŁOŃSKI,0.0,0.0,0.0,0.0,0.0,0.0,1.0,0.0,11.0,0.0,13.0,6.0,40.0,5.0,344.0,21.0,409.0,32.0
PRZASNYCKI,0.0,0.0,0.0,0.0,0.0,0.0,0.0,0.0,2.0,0.0,12.0,2.0,14.0,0.0,188.0,13.0,216.0,15.0
PUŁTUSKI,0.0,0.0,0.0,0.0,1.0,0.0,4.0,0.0,9.0,1.0,13.0,0.0,19.0,0.0,452.0,7.0,498.0,8.0
RADZYMIŃSKI,0.0,0.0,0.0,0.0,3.0,0.0,8.0,0.0,13.0,0.0,10.0,1.0,25.0,3.0,364.0,20.0,423.0,24.0
RAWSKI (RAWA MAZOWIECKA),0.0,0.0,0.0,0.0,0.0,0.0,1.0,0.0,3.0,0.0,23.0,2.0,33.0,2.0,357.0,31.0,417.0,35.0
RYPIŃSKI,1.0,0.0,0.0,0.0,0.0,0.0,2.0,0.0,6.0,1.0,15.0,0.0,38.0,0.0,706.0,41.0,768.0,42.0
SIERPECKI,0.00497016063556886,0.0,1.0,0.0,0.0,0.0,2.0149104819067065,0.0,2.029820963813413,0.0,14.094433052075809,0.014910481906706581,31.119283855253652,0.014910481906706581,323.5954215640176,32.08449273080467,373.8588400777028,32.11431369461808
SKIERNIEWICKI,0.0,0.0,0.0,0.0,0.0,0.0,3.0,0.0,2.0,0.0,19.0,2.0,45.0,3.0,334.0,31.0,403.0,36.0
SOCHACZEWSKI,0.0,0.0,0.0,0.0,0.0,0.0,3.0,0.0,7.0,0.0,15.0,2.0,23.0,2.0,228.0,13.0,276.0,17.0
WARSZAWSKI,3.0,0.0,2.0,0.0,13.0,0.0,31.0,3.0,29.0,1.0,29.0,4.0,44.0,6.0,876.0,114.0,1027.0,128.0
WŁOCŁAWSKI,2.0,0.0,1.0,0.0,4.0,0.0,21.0,0.0,22.0,6.0,37.0,1.0,70.0,11.0,708.0,86.0,865.0,104.0
DUBIEŃSKI,0.0,0.0,0.0,0.0,0.0,0.0,3.0,1.0,28.0,1.0,51.0,4.0,73.0,12.0,794.0,83.0,949.0,101.0
HOROCHOWSKI,0.0,0.0,0.0,0.0,0.0,0.0,0.0,1.0,2.0,0.0,21.0,2.0,31.0,2.0,359.0,39.0,413.0,44.0
KOWELSKI,0.0,0.0,0.0,0.0,0.0,0.0,6.0,0.0,13.0,2.0,19.0,2.0,71.0,9.0,725.0,67.0,834.0,80.0
KRZEMIENIECKI,0.0,0.0,0.0,0.0,0.0,0.0,2.0,0.0,8.0,1.0,20.0,5.0,101.0,10.0,619.0,92.0,750.0,108.0
LUBOMELSKI,0.0,0.0,0.0,0.0,0.0,0.0,0.0,0.0,3.0,0.0,9.0,1.0,32.0,1.0,320.0,18.0,364.0,20.0
ŁUCKI,0.0,0.0,0.0,0.0,2.0,0.0,12.0,2.0,8.0,0.0,17.0,3.0,73.0,6.0,1014.0,81.0,1126.0,92.0
RÓWIEŃSKI,2.0,0.0,1.0,0.0,4.0,0.0,11.0,2.0,18.0,1.0,24.0,4.0,90.0,9.0,1510.0,190.0,1660.0,206.0
WŁODZIMIERSKI,0.0,0.0,0.0,0.0,0.0,0.0,5.0,1.0,10.0,0.0,16.0,0.0,41.0,5.0,516.0,50.0,588.0,56.0
KOSTOPOLSKI,0.0,0.0,1.0,0.0,2.0,0.0,4.0,2.0,9.0,1.0,9.0,1.0,62.0,5.0,431.0,54.0,518.0,63.0
ZDOŁBUNOWSKI,1.0,0.0,1.0,0.0,1.0,1.0,3.0,0.0,8.0,1.0,28.0,3.0,55.0,6.0,572.0,80.0,669.0,91.0
SARNEŃSKI,0.0,0.0,1.0,0.0,2.0,0.0,9.0,0.0,16.0,0.0,32.0,4.0,56.0,9.0,590.0,43.0,706.0,56.0
OSZMIAŃSKI,0.0,0.0,0.0,0.0,0.9962385230766673,0.0,0.0,0.0,0.9962385230766673,1.9924770461533345,12.951100799996674,0.9962385230766673,60.7705499076767,2.988715569230002,305.8452265845369,28.89091716922335,381.55935433836356,34.868348307683355
ŚWIĘCIAŃSKI,0.0,0.0,0.0,0.0,0.0,0.0,5.0,0.0,15.0,2.0,25.0,16.0,63.0,10.0,357.0,24.0,465.0,52.0
WILNO (MIASTO),0.0,0.0,0.0,1.0,3.0,0.0,19.0,4.0,54.0,5.0,47.0,1.0,215.0,35.0,2100.0,87.0,2438.0,133.0
DZIŚNIEŃSKI,0.0,0.0,0.0,0.0,0.0,0.0,2.0,0.0,13.0,4.0,32.0,1.0,59.0,3.0,316.0,15.0,422.0,23.0
WILEJSKI,0.0,0.0,0.0,0.0,0.0,0.0,7.0,0.0,12.0,1.0,23.0,2.0,60.0,3.0,344.0,27.0,446.0,33.0
WILEŃSKO-TROCKI,0.0,0.0,1.0,0.0,1.0037614769233327,0.0,11.0,1.0,19.003761476923334,3.0075229538466655,36.048899200003326,4.003761476923333,85.22945009232329,8.011284430769997,267.1547734154631,29.109082830776646,420.4406456616364,45.131651692316645
POSTAWSKI,0.0,0.0,0.0,0.0,0.0,0.0,6.0,0.0,18.0,4.0,18.0,3.0,56.0,7.0,169.0,10.0,267.0,24.0
MOŁODECZAŃSKI,0.0,0.0,0.0,0.0,0.0,0.0,1.0,0.0,3.0,2.0,20.0,5.0,49.0,8.0,292.0,23.0,365.0,38.0
