District,year,rural_pop,city_pop_sum,pop_total,dist_makoszowy_min,dist_zbaszyn_min,dist_gdansk_min
KOŚCIAŃSKI,1913,66176.79999999999,15539.199999999999,81715.99999999999,2498.4642595057217,430.0195243975217,1633.7081640500865
ZBOROWSKI,1913,51189.59999999998,9343.400000000001,60532.99999999998,2826.800728449273,5165.391732279653,5229.876271054075
MIĘDZYCHODZKI,1913,23670.20000000001,5740.0,29410.20000000001,2976.19116175486,390.7930621981825,1884.2453174790626
KOŁOMYJSKI,1913,107218.40000000002,35661.6,142880.00000000003,2931.6830726073067,5270.274076437687,5547.069393417247
DZIŚNIEŃSKI,1913,114329.19999999995,8986.2,123315.39999999995,4859.0232954199455,5280.120116702599,4884.16869563395
STOLIŃSKI,1913,61275.19999999995,11882.0,73157.19999999995,3781.410755342394,4749.956096899191,4354.004675830543
STANISŁAWOWSKI,1913,84183.59999999998,51411.200000000004,135594.8,2695.683568541148,5034.274572371527,5311.069889351088
ŚREDZKI,1913,40614.0,10644.599999999999,51258.6,2409.7370222348964,665.559929095807,1583.0374829697894
WOŁKOWYSKI,1913,60260.40000000002,10147.8,70408.20000000003,2905.2903690706453,3574.9177763697257,3178.9663553010787
HORODEŃSKI,1913,63854.59999999998,8254.8,72109.39999999998,3289.2659987166576,5627.857002547038,5904.652319526599
KATOWICE,1913,95682.77990783729,174609.60000000003,270292.3799078373,190.85108690227415,2713.9257675456874,2990.72108452525
MIELECKI,1913,61790.79999999999,6955.0,68745.79999999999,1211.3943092068612,3549.9853130372403,3826.780630016804
PUŁAWSKI,1913,121249.6000000001,8946.0,130195.6000000001,1841.6616228181679,2962.578452089456,2611.9382720144827
RAWSKI (RAWA RUSKA),1913,81461.40000000002,12773.599999999999,94235.00000000003,2453.184791317399,4791.775795147778,5068.57111212734
MOGILEŃSKI,1913,68718.59999999998,19408.0,88126.59999999998,2559.5721041078946,944.182385824419,1135.200609911036
SOKALSKI,1913,78260.99999999988,12167.8,90428.79999999989,3041.7566734771576,5380.347677307538,5657.142994287098
BUCZACKI,1913,87122.40000000002,15751.0,102873.40000000002,3008.2513340186765,5346.842337849057,5623.637654828619
PRZEMYŚLAŃSKI,1913,63767.59999999998,7584.2,71351.79999999997,2463.3308109736176,4801.921814803997,5078.717131783558
GOSTYNIŃSKI,1913,63449.0,12222.0,75671.0,2063.416099458696,2065.501307676389,1806.7382176408787
BIŁGORAJSKI,1913,80355.59999999986,5342.0,85697.59999999986,2030.4028009512142,4368.993804781593,4645.789121761157
RUDECKI,1913,60190.40000000002,7850.200000000001,68040.60000000002,2237.899158641304,4576.490162471683,4853.285479451247
RADOMSZCZAŃSKI,1913,137888.19999999995,18645.6,156533.79999999996,797.4685754604278,2055.8512549563043,2332.646571935867
STRYJSKI,1913,81404.80000000005,29444.6,110849.40000000005,2431.01795940059,4769.6089632309695,5046.404280210531
PŁOŃSKI,1913,60380.40000000002,8519.2,68899.60000000002,2505.173115767209,2534.433534034907,1923.0254115307594
KRZEMIENIECKI,1913,168621.0,12924.8,181545.8,3165.0612971016976,4997.476453199234,4646.8362731242605
CHRZANOWSKI,1913,65617.19999999995,33936.4,99553.59999999995,360.95231160879655,2699.5433154391767,2976.33863241874
MYŚLENICKI,1913,77242.3999999999,9557.4,86799.7999999999,1000.2152689374275,3350.593987970895,3627.3893049504586
TARNOWSKI,1913,70351.79999999993,31452.0,101803.79999999993,960.8003318473542,3299.391335677734,3576.1866526572976
SOKOŁOWSKI,1913,63035.59999999998,6578.2,69613.79999999997,2143.7733681709374,2854.7775867355185,2458.826165666873
CZORTKOWSKI,1913,53006.59999999998,12608.6,65615.19999999998,3089.5090634895073,5428.100067319889,5539.0442850249365
SIERPECKI,1913,51748.40000000002,12150.6,63899.00000000002,3188.567275606238,2210.7277913547546,1621.7193254615668
SANDOMIERSKI,1913,94052.40000000002,8611.4,102663.80000000002,1609.4902018713715,3948.081205701751,4224.876522681315
RADZYŃSKI,1913,62894.179154810525,16576.800000000003,79470.97915481053,2029.7402479512477,2998.2855895080424,2602.334168439396
RYBNICKI,1913,121364.68421822131,17252.800000000003,138617.48421822133,367.62098766697665,2889.7832402884096,3166.578557267973
WOLSZTYŃSKI,1913,43505.59999999998,7462.6,50968.199999999975,2606.8128282678235,189.92965243642203,1748.0513589934526
ŻÓŁKIEWSKI,1913,64110.0,11717.599999999999,75827.6,2379.404367165383,4717.995370995763,4994.7906879753245
LIDZKI,1913,111213.6000000001,8529.8,119743.4000000001,3489.297993760327,4158.925401059407,3762.9739799907607
CIESZYŃSKI,1913,47471.677693813996,16039.6,63511.277693813994,520.7025703525363,3042.8648229739692,3319.660139953533
LESZCZYŃSKI,1913,38394.59999999998,18185.0,56579.59999999998,2406.952805798687,422.673847537237,1769.6692788489424
PIŃSKI,1913,77690.19999999995,18172.8,95862.99999999996,3164.4718811892817,4133.017222746075,3737.065801677429
DOLIŃSKI,1913,58704.40000000002,18689.8,77394.20000000003,2507.823463463387,4846.414467293766,5123.209784273327
NADWÓRNIAŃSKI,1913,74796.0,7638.200000000001,82434.2,3011.8359323976883,5350.4269362280675,5627.222253207629
ZBARASKI,1913,57466.79999999999,7772.0,65238.79999999999,2937.2705255161395,5275.861529346519,5340.346068120941
BŁOŃSKI,1913,58855.39999999991,34154.6,93009.99999999991,1534.8110369097592,1987.1956779971122,1921.7037208495444
SKIERNIEWICKI,1913,46247.79999999999,13811.8,60059.59999999999,1417.0789176365686,1875.4024694182979,1811.6540015309358
SZCZUCZYŃSKI (WOJ. BIAŁOSTOCKIE),1913,37958.20000000001,12190.2,50148.40000000001,3136.6824919550168,3543.0573719488907,3147.1059508802446
LWOWSKI,1913,96779.59999999998,5551.0,102330.59999999998,2206.0823379863887,4544.673341816768,4821.4686587963315
MOŚCISKI,1913,71088.79999999993,8680.0,79768.79999999993,1992.9019469946863,4331.492950825066,4608.28826780463
TORUŃSKI,1913,36785.59999999998,40008.4,76793.99999999997,2267.253097964886,1176.6703434121896,870.5761869317588
SIERADZKI,1913,109595.80000000005,35728.4,145324.20000000004,1601.98334838938,1215.2607354312672,2086.2932366677715
CZARNKOWSKI,1913,37607.20000000001,5800.0,43407.20000000001,2967.3562340182,905.0595058078782,1516.7935544772247
RADOMSKI,1913,114276.0,51235.0,165511.0,1324.4566384343389,2445.3734677056277,2611.7536930769843
KOWELSKI,1913,84663.99999999977,17296.0,101959.99999999977,2764.58851683944,3882.597196688481,3531.0922100719836
WILEJSKI,1913,88661.40000000002,1674.6,90336.00000000003,4388.198453312892,5057.825860611972,4661.874439543325
KROŚNIEŃSKI,1913,81979.80000000005,11139.2,93119.00000000004,1444.0489858535987,3782.6399896839785,4059.4353066635413
OSZMIAŃSKI,1913,45775.97424847877,6751.200000000001,52527.17424847877,4413.731705869003,5083.359113168085,4687.4076920994385
JAROSŁAWSKI,1913,107873.0,21766.2,129639.2,1588.748511443581,3927.33951527396,4204.134832253523
CHEŁMIŃSKI,1913,35078.79999999999,8349.6,43428.39999999999,2499.583634657076,1409.00088010438,865.0799143589707
ŚWIĘTOCHŁOWICKI,1913,127141.88345098807,35679.2,162821.08345098805,148.5390421167346,2699.3648698613383,2976.1601868409016
NOWOSĄDECKI,1913,98594.59999999998,38422.0,137016.59999999998,1101.7546943441653,3452.288023514693,3729.083340494256
KOŚCIERSKI,1913,39388.79999999999,7276.4,46665.19999999999,3220.3229068176674,1765.2545795572673,407.51592059728654
BARANOWICKI,1913,81486.19999999995,4815.799999999999,86301.99999999996,3351.2790449303902,4169.057515200144,3773.106094131497
ŚWIECKI,1913,68416.80000000005,8379.8,76796.60000000005,2643.4378984579025,1418.836940326169,533.6432931720851
LUBARTOWSKI,1913,78413.0,8847.4,87260.4,1983.61554324553,3104.5323725168187,2753.8921924418437
GRÓDECKI,1913,53431.79999999999,10675.4,64107.19999999999,2267.0921968182256,4605.683200648605,4882.478517628167
RAWSKI (RAWA MAZOWIECKA),1913,61870.59999999998,13564.4,75434.99999999997,1700.5337891399329,2164.6571945828173,2396.77710354488
BĘDZIŃSKI,1913,151512.3999999999,167459.6,318971.9999999999,308.44697255193245,2763.8016201690666,3040.5969371486294
DOBROMILSKI,1913,71699.19999999995,8460.8,80159.99999999996,1936.4914651637303,4275.082468994109,4551.877785973673
KOBRYŃSKI,1913,31737.79999999993,6693.6,38431.39999999993,2590.370380466118,3558.915722022913,3162.964300954267
BRZEŻAŃSKI,1913,62244.80000000005,12908.8,75153.60000000005,2680.4934662487617,5019.08447007914,5295.879787058702
PRZEWORSKI,1913,49531.59999999998,7651.599999999999,57183.199999999975,1541.726711354713,3880.317715185092,4157.113032164655
JASIELSKI,1913,88835.0,11842.800000000001,100677.8,1345.0549055313345,3683.6459093617136,3960.441226341277
ŁĘCZYCKI,1913,92783.80000000005,25063.2,117847.00000000004,1900.8256583150774,1808.7493673681138,1604.1412887266397
NIŻAŃSKI,1913,51294.19999999995,8926.8,60220.999999999956,1726.7810307242485,4065.372034554627,4342.167351534191
WĄGROWIECKI,1913,45657.20000000001,10147.0,55804.20000000001,2779.869735760209,1000.544046278743,1127.0514394895526
WŁOSZCZOWSKI,1913,76304.40000000002,12851.0,89155.40000000002,1034.8424459219568,2661.0058389936926,2937.801155973256
BORSZCZOWSKI,1913,76966.59999999998,7903.6,84870.19999999998,3522.38435218292,5860.9753560132995,5925.459894787723
ŁAŃCUCKI,1913,76427.0,11307.0,87734.0,1675.4448076819854,4014.035811512365,4290.831128491928
SOKÓLSKI,1913,67598.99999999988,12877.599999999999,80476.59999999989,2979.4717091625166,3385.84658915639,2989.8951680877435
BIELSKO,1913,51373.518477343954,18786.199999999997,70159.71847734395,451.21896249032,2973.3812151117536,3250.176532091317
ZDOŁBUNOWSKI,1913,66615.59999999998,19419.2,86034.79999999997,3325.3539239097704,4718.567162816059,4367.9269827410835
MŁAWSKI,1913,62505.0,14938.2,77443.2,2563.7193054850864,1912.060874059348,1300.652751555201
JAROCIŃSKI,1913,72460.0,15962.2,88422.2,2187.3354222296043,786.6132481722599,1543.153740406738
CZĘSTOCHOWSKI,1913,107125.19999999995,75496.40000000001,182621.59999999998,649.4799961280415,2298.4531012516272,2575.24841823119
RÓWIEŃSKI,1913,136723.80000000005,27928.0,164651.80000000005,3320.734448605977,4612.105326448193,4261.46514637322
KOPYCZYNIECKI,1913,76753.59999999998,9503.800000000001,86257.39999999998,3103.7469952948986,5442.33799912528,5506.8225378997
KRASNOSTAWSKI,1913,95667.40000000002,7749.4,103416.80000000002,2468.217304518167,3589.1341337894555,3238.4939537144824
ŻYDACZOWSKI,1913,53413.40000000002,12765.4,66178.80000000002,2590.857178538523,4929.448182368903,5206.243499348465
STOPNICKI,1913,120089.80000000005,10560.6,130650.40000000005,1413.858006437296,3702.1015474705496,3978.8968644501138
JAWOROWSKI,1913,62606.59999999998,8826.6,71433.19999999998,2410.0390617588323,4748.630065589212,5025.425382568772
SZAMOTULSKI,1913,50917.79999999999,15074.0,65991.79999999999,2765.9716387333174,517.9250243719939,1661.3409436372147
CHODZIESKI,1913,30853.0,10515.599999999999,41368.6,2852.3469525506835,852.5105573192243,1190.6252134766332
SZCZUCZYŃSKI (WOJ. NOWOGRÓDZKIE),1913,59808.59999999998,657.4,60465.99999999998,3447.9475248501826,4117.574932149263,3721.623511080617
MIECHOWSKI,1913,130161.31582580839,13867.400000000001,144028.71582580838,756.9419727381047,2921.2118535430322,3198.007170522595
WADOWICKI,1913,100220.0,15852.6,116072.6,582.5605831067999,2933.3273565964455,3210.1226735760083
KIELECKI,1913,111648.19999999995,36673.0,148321.19999999995,931.9160040100496,2390.306270080235,2667.101587059797
KAŁUSKI,1913,65640.99999999988,5949.8,71590.79999999989,2732.2532014432268,5070.844205273607,5347.639522253167
LUBELSKI,1913,120588.0,80146.2,200734.2,1881.3220892748134,3002.238918546102,2651.5987384711284
WŁODAWSKI,1913,42370.19999999995,14488.599999999999,56858.79999999995,2532.5978571712412,3626.63499551744,3236.627824828067
OPATOWSKI,1913,116467.0,27474.0,143941.0,1389.8171363580993,2510.733965629388,2787.5292826089512
NIEŚWIESKI,1913,78851.59999999998,12027.0,90878.59999999998,4074.2318519243872,4892.010322194142,4496.058901125495
JĘDRZEJOWSKI,1913,79829.08417419142,15075.2,94904.28417419142,715.9078256861441,2512.1416964531177,2788.9370134326805
GARWOLIŃSKI,1913,121910.19999999995,11620.4,133530.59999999995,1928.9147769487538,2660.7789551866567,2264.8275341180106
GORLICKI,1913,74605.19999999995,8083.200000000001,82688.39999999995,1288.6415830893625,3627.2325869197416,3904.0279038993053
JANOWSKI,1913,101882.59999999998,12646.599999999999,114529.19999999998,1940.4481479922715,4279.039151822651,4555.834468802214
BIALSKI (BIAŁA KRAKOWSKA),1913,63746.79999999993,31350.4,95097.19999999992,462.8687793646414,2973.3537926358777,3250.149109615441
ŁUCKI,1913,126629.80000000005,18947.6,145577.40000000005,3054.965775840379,4175.8826051116675,3825.242425036693
SARNEŃSKI,1913,85886.80000000005,6668.0,92554.80000000005,3320.5668823874503,4441.48371165874,4090.843531583764
LIMANOWSKI,1913,68719.0,2084.6,70803.6,1035.291792500645,3386.058565990291,3662.8538829698546
DUBIEŃSKI,1913,127771.3999999999,9610.8,137382.1999999999,2922.8137052666693,4764.995805017113,4414.355624942137
ŁOMŻYŃSKI,1913,93957.0,34046.6,128003.6,2753.998800922834,3111.379371949467,2715.42795088082
BRZESKI (BRZESKO),1913,88652.19999999995,4510.0,93162.19999999995,1160.6238364269684,3499.214840257348,3776.0101572369113
LUBACZOWSKI,1913,68983.79999999993,6602.0,75585.79999999993,2661.969850707674,5000.560854538055,5277.356171517616
KAMIONECKI,1913,63203.19999999995,11368.4,74571.59999999995,2422.377361883743,4760.968365714122,5020.726798722044
KOLSKI,1913,85949.19999999995,20207.0,106156.19999999995,2536.290954974087,1852.69859385505,1681.6754220701791
LUBOMELSKI,1913,30168.0,2701.6,32869.6,2574.635982460736,3695.5528117320246,3344.9126316570514
LIPNOWSKI,1913,72060.80000000005,9779.0,81839.80000000005,2321.4238661759114,1548.2758248098955,1289.5127347743853
TREMBOWELSKI,1913,66815.80000000005,10703.0,77518.80000000005,2923.6436294716577,5262.234633302039,5326.7191720764595
BRZESKI (BRZEŚĆ N.BUG.),1913,23710.05315481055,17865.0,41575.05315481055,2290.9727466249783,3249.6760962861435,2853.7246752174965
TŁUMACKI,1913,75387.0,16242.0,91629.0,2813.2023228816465,5151.793326712026,5428.588643691587
MOŁODECZAŃSKI,1913,61999.60000000002,7915.0,69914.60000000002,4068.4126522195875,4738.040059518669,4342.088638450023
MORSKI,1913,44994.0,-10757.999999999998,34236.0,3662.4120737092926,2192.999949280965,243.29343949166156
BYDGOSKI,1913,41196.19999999995,71006.0,112202.19999999995,2527.499165771578,1139.8148120461422,798.2346612792867
LWÓW (MIASTO),1913,1.0,316177.0,316178.0,2096.6952442380784,4435.286248068459,4712.081565048022
ROPCZYCKI,1913,83198.3999999999,11046.0,94244.3999999999,1122.277957015951,3460.868960846331,3737.664277825894
KOLBUSZOWSKI,1913,59342.0,6147.8,65489.8,1604.2157370223315,3942.8067408527104,4219.602057832276
WŁODZIMIERSKI,1913,59348.80000000005,5054.800000000001,64403.60000000005,2885.2276486492956,4006.1444779205835,3655.504297845611
ŁÓDZKI,1913,40927.59999999998,28421.4,69348.99999999997,1365.1575394021465,1518.4042243659374,1927.1500257762204
LESKI,1913,70900.79999999993,6476.0,77376.79999999993,2019.7730474669993,4358.36405129738,4635.159368276943
GOSTYŃSKI,1913,45675.40000000002,13146.2,58821.60000000002,2287.1883439281796,612.5509485993538,1696.2364206343188
OBORNICKI,1913,37786.19999999995,11101.0,48887.19999999995,2711.2947700775903,665.7852636845715,1398.3925713494687
WŁOCŁAWSKI,1913,59549.40000000002,49128.0,108677.40000000002,2089.998792522291,1527.8048624760615,1269.0417724405518
KRAKÓW (MIASTO),1913,1.0,153662.8,153663.8,636.7327183075425,2987.499491797188,3264.2948087767513
PRZEMYSKI,1913,88616.40000000002,46967.0,135583.40000000002,1694.0234036592733,4032.6144074896524,4309.409724469216
WILNO (MIASTO),1913,1.0,75010.8,75011.8,3786.3985032425867,4192.773383236459,3796.821962167814
WYSOKOMAZOWIECKI,1913,55653.59999999998,13022.999999999998,68676.59999999998,2788.989891509147,3195.3647715030206,2799.4133504343745
ZAMOJSKI,1913,98042.80000000005,14823.0,112865.80000000005,3108.7119271787556,5447.302931009137,5724.098247988697
ŚNIATYŃSKI,1913,53108.0,15508.400000000001,68616.4,3188.2635778543568,5526.854581684737,5803.649898664299
SAMBORSKI,1913,94443.0,22317.8,116760.8,1947.4858909264162,4286.076894756795,4562.872211736359
MIŃSKI,1913,71258.59999999998,16208.0,87466.59999999998,1957.7197074687729,2458.177754481629,2062.2263334129834
KARTUSKI,1913,58341.40000000002,2646.6,60988.00000000002,3368.3971701226064,1898.9850456942781,305.42816922127986
BÓBRECKI,1913,68655.59999999998,5557.6,74213.19999999998,2607.327939104476,4945.918942934855,5222.714259914417
BIELSKI (BIELSK PODLASKI),1913,78300.59999999986,16707.4,95007.99999999985,2590.333390916571,3301.337609481153,2905.3861884125067
STAROGARDZKI,1913,49642.19999999995,8154.0,57796.19999999995,2933.3270627666857,1716.3687980354246,426.96714097090745
SIEDLECKI,1913,86705.80000000005,31905.6,118611.40000000005,2040.7513073166801,2751.755525881262,2355.804104812616
KRAKOWSKI,1913,100131.0,7740.6,107871.6,631.955201453422,2982.0347376058317,3258.8300545853945
DZIAŁDOWSKI,1913,32049.20000000001,5099.4,37148.60000000001,2725.1315347843633,1882.067778864336,1270.6596563601888
CIECHANOWSKI,1913,49710.59999999998,10395.4,60105.99999999998,2298.380307762657,1964.802397833057,1353.3942753289095
HOROCHOWSKI,1913,59046.59999999998,8253.2,67299.79999999997,2855.983983874751,5187.002462338079,5416.360531419237
KUTNOWSKI,1913,68731.59999999998,23792.199999999997,92523.79999999997,1686.950503513562,1695.0218786189741,1436.2587885834637
PIŃCZOWSKI,1913,98391.19999999995,17454.0,115845.19999999995,1186.676442709942,3002.338011818454,3279.133328798018
CHOJNICKI,1913,51627.19999999995,13186.599999999999,64813.79999999995,3065.7690021307963,1568.0578764667919,777.3705834337143
IWACEWICKI,1913,15392.599999999977,5105.4,20497.999999999978,3072.1256190121107,4040.6709605689057,3644.719539500259
ŻYWIECKI,1913,83361.19999999995,9604.2,92965.39999999995,549.1507780331445,3063.075979862939,3339.8712968425025
TARNOGÓRSKI,1913,43352.433224487264,15355.0,58707.433224487264,231.76666200275562,2787.229950566883,3064.0252675464453
LUBAWSKI,1913,43367.20000000001,7048.0,50415.20000000001,2790.62827210842,1705.7438137117938,1029.7984229237202
TURECKI,1913,85095.79999999993,17367.2,102462.99999999993,2246.117309830353,1706.8382865292658,2501.517187537078
PRUŻAŃSKI,1913,28045.0,10185.8,38230.8,2736.202441114794,3704.7477826715894,3308.7963616029424
ŁOWICKI,1913,78897.40000000002,15521.4,94418.80000000002,1480.6010167018185,1783.2813996427813,1670.6126823953184
RZESZOWSKI,1913,129957.59999999986,36417.600000000006,166375.19999999987,1355.7961369101217,3694.387140740501,3971.182457720064
WARSZAWSKI,1913,37572.39999999991,28423.0,65995.3999999999,1860.9433347444117,2172.143406232763,1781.6620138685491
IŁŻECKI,1913,110928.59999999998,8041.0,118969.59999999998,1504.3300904232874,2625.2469196945767,2902.042236674139
BRZOZOWSKI,1913,71734.19999999995,4094.4,75828.59999999995,1774.9712528090204,4113.5622566393995,4390.357573618964
PIOTRKOWSKI,1913,133176.80000000005,44241.4,177418.20000000004,1094.955888247413,1932.9891146327695,2209.784431612333
SĘPOLEŃSKI,1913,23345.399999999994,3519.4,26864.799999999996,2758.4449707072704,1243.9308450095366,744.990059057349
POZNAŃSKI,1913,61976.40000000002,7771.200000000001,69747.60000000002,2542.577539689288,507.8812345572739,1428.060155785586
TARNOPOLSKI,1913,90222.80000000005,32222.399999999998,122445.20000000004,2767.2934222300914,5105.884426060472,5170.368964834894
WILEŃSKO-TROCKI,1913,119475.09177704455,14046.400000000001,133521.49177704455,3963.081867312392,4394.616877759698,3998.6654566910506
KROTOSZYŃSKI,1913,53255.0,22930.0,76185.0,2203.5597450692544,834.7113813157459,1652.9219457358386
GRODZIEŃSKI,1913,58536.40000000002,33032.600000000006,91569.00000000003,3258.3760098242137,3671.022215955357,3275.07079488671
KOSOWSKI (KOSÓW HUCULSKI),1913,65705.99999999988,9697.0,75402.99999999988,3424.0585309317175,5762.649534762098,6039.4448517416595
TURCZAŃSKI,1913,73371.80000000005,9984.8,83356.60000000005,2194.78377030028,4533.374774130661,4810.1700911102225
PŁOCKI,1913,70812.40000000002,27820.600000000002,98633.00000000003,2259.3010379196658,2490.3918944404954,2344.471958722776
RADZYMIŃSKI,1913,48149.0,4676.8,52825.8,2020.6156175561557,2371.82381091505,1975.8723898464045
WYRZYSKI,1913,46434.20000000001,12623.199999999999,59057.40000000001,2659.5047435265515,1135.221973729052,988.9866155515153
DROHOBYCKI,1913,89088.40000000002,53050.600000000006,142139.00000000003,2135.425720397004,4474.016724227383,4750.812041206947
KONIŃSKI,1913,151919.80000000005,34807.4,186727.20000000004,2923.136336679831,1122.946159729983,1611.994129316039
ŁASKI,1913,94943.40000000002,36475.8,131419.2,1638.764280063764,1460.0583518642268,2230.9245309078606
RYPIŃSKI,1913,59517.40000000002,6342.8,65860.20000000003,2873.196893192256,1782.6141386395605,1171.2060161354127
KOSZYRSKI,1913,34475.19999999995,6439.0,40914.19999999995,3985.185064859943,5082.121955396182,4724.350777262874
WĘGROWSKI,1913,66394.0,7806.8,74200.8,2378.565186404553,3089.569404969135,2693.617983900489
WOŁOŻYŃSKI,1913,68158.3999999999,2838.8,70997.19999999991,4565.797943151541,5235.425350450622,4839.473929381974
GRÓJECKI,1913,100738.19999999995,22080.6,122818.79999999996,2276.870109694537,2577.0550746786967,2240.7064561131565
PSZCZYŃSKI,1913,89569.15238155903,12544.199999999999,102113.35238155903,273.7870437261208,2794.594181507219,3071.389498486783
BRZEZIŃSKI,1913,69759.59999999998,34554.2,104313.79999999997,1259.5009178965597,1707.3079159590695,1984.5751190280407
ŁÓDŹ (MIASTO),1913,1.0,329179.6,329180.6,1291.6813835748735,1551.795857884634,1992.7666857772535
STOŁPECKI,1913,65688.27632497228,298.4000000000001,65986.67632497227,3827.49356150172,4645.272031771476,4249.320610702828
WĄBRZESKI,1913,30174.599999999977,14140.6,44315.199999999975,2441.6335243822246,1351.0507698295285,873.9153428061229
BRODNICKI,1913,42819.0,7178.8,49997.8,2559.1688415148446,1469.6170603927014,858.2089378885537
KOSTOPOLSKI,1913,82261.19999999995,2367.2,84628.39999999995,3446.1840439475454,4733.908967698234,4383.26878762326
GRUDZIĄDZKI,1913,35859.59999999998,23288.6,59148.199999999975,2524.490737486458,1433.9079829337613,665.4453915941862
OSTROWSKI (OSTRÓW MAZOWIECKA),1913,63504.80000000005,14521.0,78025.80000000005,2392.7192679480586,2799.0941479419325,2403.1427268732864
NIESZAWSKI,1913,73324.59999999998,15952.8,89277.39999999998,2223.8807303306553,1426.3669750555025,1167.6038850199925
SZUBIŃSKI,1913,37244.40000000002,8161.799999999999,45406.200000000026,2558.2582061387184,1024.0657067091759,898.4609347019341
KONECKI,1913,96397.0,22394.2,118791.2,1245.1653906388176,2076.637571875294,2353.4328888548566
RAWICKI,1913,35196.59999999998,14694.4,49890.99999999998,2258.7450086337667,604.835192055664,1802.362238450387
NOWOTOMYSKI,1913,62772.79999999999,21840.199999999997,84612.99999999999,2810.156015490708,258.80255896708775,1759.4174177461084
BIALSKI (BIAŁA PODLASKA),1913,45167.367690378785,14055.0,59222.367690378785,2147.248899211987,3115.7942407687815,2719.8428197001363
OLKUSKI,1913,111958.0,11889.0,123847.0,537.675243397918,2833.8620514256813,3110.6573684052446
KOZIENICKI,1913,95966.0,13211.0,109177.0,1636.6308733907665,2757.5477026620556,2517.3071206815303
SANOCKI,1913,78395.19999999995,14149.400000000001,92544.59999999995,1731.1321019553113,4069.7231057856907,4346.518422765254
WRZESIŃSKI,1913,36023.0,7946.799999999999,43969.8,2449.5591406078693,847.8950813932897,1358.3874127590002
BRODZKI,1913,63037.59999999998,9639.8,72677.39999999998,2563.385772464143,4901.210482465095,4550.570302390121
CHEŁMSKI,1913,70362.80000000005,18420.2,88783.00000000004,2210.2767145731414,3331.19354384443,2980.5533637694566
DROHICKI,1913,34583.19999999995,1334.2,35917.39999999995,2945.352651320511,3913.8979928773065,3517.946571808661
OSTROWSKI (OSTRÓW WIELKOPOLSKI),1913,78612.19999999995,19388.399999999998,98000.59999999995,1994.6834395252895,909.1477991412977,1785.000727185701
TOMASZOWSKI,1913,73580.40000000002,5403.8,78984.20000000003,2741.688350355895,5080.279354186276,5357.074671165835
KĘPIŃSKI,1913,76965.19999999995,13028.6,89993.79999999996,2193.635860124271,1108.1002197402784,1983.9531477846817
BOCHEŃSKI,1913,90460.40000000002,17734.4,108194.80000000002,720.1426381644217,3058.7336419948015,3335.5289589743647
GNIEŹNIEŃSKI,1913,57420.19999999995,27892.199999999997,85312.39999999995,2520.7437450456,708.1391237129741,1197.1870932990303
LUBLINIECKI,1913,22053.53972179623,6139.2,28192.73972179623,489.6876303557222,3032.645219758156,3309.44053673772
ZŁOCZOWSKI,1913,83496.80000000005,16107.8,99604.60000000005,2526.5296290011283,4865.1206328315075,4929.605171605929
BRASŁAWSKI,1913,108443.40000000002,292.5999999999999,108736.00000000003,5523.692984218299,5930.067864212174,5534.116443143525
ŁUKOWSKI,1913,87792.0,17347.4,105139.4,1953.5923148092863,2927.145915755461,2532.683818257483
SŁONIMSKI,1913,37038.0,4330.2,41368.2,3222.177165136891,3891.804572435971,3495.8531513673247
PRZASNYCKI,1913,39032.99999999994,7372.6,46405.59999999994,2952.9288209658325,2328.1374604600246,1716.7293379558778
ŻNIŃSKI,1913,33819.59999999998,8442.0,42261.59999999998,2636.992230892361,914.7207651798149,1019.7940808452618
TARNOBRZESKI,1913,63269.79999999999,6778.2,70047.99999999999,1447.6258668779349,3786.216870708314,4063.0121876878775
AUGUSTOWSKI,1913,46436.40000000002,6054.0,52490.40000000002,3543.83275273197,3950.2076327258433,3554.256211657197
HRUBIESZOWSKI,1913,72233.40000000002,10659.0,82892.40000000002,3343.53774505438,4464.454574325669,4113.814394250693
PUŁTUSKI,1913,67838.59999999998,29243.6,97082.19999999998,2329.6349401179323,2396.430837555974,1804.6584776296233
SOCHACZEWSKI,1913,51762.59999999998,1143.3999999999996,52905.99999999998,1673.3426972917082,1973.5276622758674,1863.3543629852077
NOWOGRÓDZKI,1913,71645.92367502768,6354.2,78000.12367502767,3707.273619829757,4525.052090099513,4129.100669030866
TUCHOLSKI,1913,33712.79999999999,5667.8,39380.59999999999,2844.724822156416,1516.437770420035,745.5689024348998
POSTAWSKI,1913,75605.09999999989,-359.5999999999999,75245.49999999988,,,
INOWROCŁAWSKI,1913,47435.99999999994,21904.6,69340.59999999995,2487.7412736891006,1061.3136796830443,1059.8760603164587
BIAŁOSTOCKI,1913,69639.59999999998,83295.2,152934.8,2753.894799141098,3160.2696791349713,2764.318258066326
DĄBROWSKI,1913,54598.79999999999,6749.4,61348.19999999999,1050.1720175779956,3388.763021408375,3665.558338387939
ROHATYŃSKI,1913,83346.19999999995,9936.2,93282.39999999995,2728.8905090573576,5067.481512887738,5344.276829867299
ŚWIĘCIAŃSKI,1913,104344.60000000003,5646.4,109991.00000000003,4312.512771705373,4718.887651699246,4322.936230630599
ŚREMSKI,1913,44355.79999999999,12789.0,57144.79999999999,2661.2751161302335,640.0714193950741,1710.1508432466044
SKAŁACKI,1913,64360.40000000002,11469.8,75830.20000000003,3009.8853416937613,5348.476345524141,5412.9608842985635
ŁUNINIECKI,1913,51637.79999999993,7908.6,59546.39999999993,3573.620195945839,4542.165537502635,4146.214116433988
MAKOWSKI (MAKÓW MAZOWIECKI),1913,43819.19999999995,8339.0,52158.19999999995,2795.574965508881,3074.5054592541283,2654.428333712093
ZALESZCZYCKI,1913,54171.19999999995,3934.0,58105.19999999995,3323.257279377321,5661.848283207702,5878.116236714289
OPOCZYŃSKI,1913,100942.59999999998,7716.8,108659.39999999998,1331.8415266184816,1909.436645089386,2186.2319620689495
KALISKI,1913,124727.80000000005,43239.4,167967.20000000004,1953.5814732032238,1084.360555064237,1960.2134831086396
WIELUŃSKI,1913,137006.3999999999,18004.2,155010.59999999992,2625.6163922177743,1540.0807518337815,2415.933679878184
NOWOTARSKI,1913,76583.19999999995,9986.8,86569.99999999996,849.3449793531412,3200.111752842787,3476.90706982235
M. ST. WARSZAWA,1913,1.0,743514.6,743515.6,1826.328357222004,2126.5133222061636,1790.164623477137
TCZEWSKI,1913,34310.79999999999,16947.6,51258.39999999999,3034.4220606607787,1817.463795929517,435.9111447844366
CHORZÓW,1913,25091.53092395245,70072.6,95164.13092395246,152.60389539834728,2671.191602877974,2947.9869198575366
PODHAJECKI,1913,63942.40000000002,4070.8,68013.20000000003,2673.235737603641,5011.826741434021,5288.622058413582
POZNAŃ (MIASTO),1913,1.0,107601.2,107602.2,2503.1209429227606,440.82421471243805,1411.1750986469629
OSTROŁĘCKI,1913,72525.19999999995,5710.6,78235.79999999996,2577.6917675168943,2933.855939908852,2537.904518840206
RADZIECHOWSKI,1913,53204.59999999998,7554.799999999999,60759.39999999998,2710.6960968180533,5049.287100648434,5326.082417627993
SUWALSKI,1913,59886.79999999993,14222.8,74109.59999999993,3613.3062959864883,4019.6811759803622,3623.7297549117156
KOŚCIAŃSKI,1924,62034.2,17960.3,79994.5,2309.386500101194,403.5203112225277,1547.0802437894808
ZBOROWSKI,1924,60262.4,13030.599999999999,73293.0,2641.8167438558157,4141.092406668499,4186.535768956242
MIĘDZYCHODZKI,1924,23192.8,7208.5,30401.3,2753.6238760482106,371.11655770748916,1781.7470915447236
KOŁOMYJSKI,1924,124666.6,38453.4,163120.0,2712.9127485712925,4212.188411383975,4321.387071123969
DZIŚNIEŃSKI,1924,132628.8,13035.3,145664.09999999998,4359.906231845127,4762.411912574563,4560.405437384608
STOLIŃSKI,1924,89056.8,15638.5,104695.3,3502.530720479659,4275.707860577976,4073.701385388021
STANISŁAWOWSKI,1924,112528.4,61422.299999999996,173950.69999999998,2497.4181983986637,3996.6938612113468,4104.527184484921
ŚREDZKI,1924,39288.5,11956.900000000001,51245.4,2226.637825793791,626.0151244854095,1502.955019885271
WOŁKOWYSKI,1924,116588.1,15492.7,132080.80000000002,2686.828596624179,3185.2971171673566,2983.2906419774017
HORODEŃSKI,1924,74082.4,10728.7,84811.09999999999,3054.1848975107464,4553.460560323428,4662.659220063422
KATOWICE,1924,99996.74774193668,213629.89999999997,313626.6477419366,170.92680716952822,2498.117072248321,2786.190041335852
MIELECKI,1924,65590.2,8484.0,74074.2,1122.4887214386354,2633.2828274844746,2921.3557965720056
PUŁAWSKI,1924,144050.4,11855.5,155905.9,1765.9882023455064,2721.641707405206,2519.635232215251
RAWSKI (RAWA RUSKA),1924,95400.6,15845.899999999998,111246.5,2274.5579683065757,3507.955627584956,3311.7967150396244
MOGILEŃSKI,1924,66818.9,22719.0,89537.9,2354.0522834948006,879.431219177805,1087.960723797131
SOKALSKI,1924,86703.5,15142.2,101845.7,2342.207392916984,3758.6536524895737,3556.6471772996197
BUCZACKI,1924,104735.6,21680.0,126415.6,2787.08341574978,4286.359078562462,4395.557738302456
PRZEMYŚLAŃSKI,1924,73764.4,8927.3,82691.7,2285.881581966518,3785.157244779202,3830.6006070669428
GOSTYNIŃSKI,1924,66287.0,12986.5,79273.5,1769.6958032327946,1515.812603802145,1578.4236137646535
BIŁGORAJSKI,1924,97722.4,7074.5,104796.9,2377.5452256404365,3333.1987307001373,3131.192255510182
RUDECKI,1924,66138.09999999999,8703.8,74841.9,2089.7159801372914,3588.9916429499744,3864.0981338051647
RADOMSZCZAŃSKI,1924,153498.3,21294.4,174792.69999999998,741.9937081753089,1906.6143765132101,2194.687345600741
STRYJSKI,1924,101572.19999999998,34810.4,136382.59999999998,2274.0599782187214,3773.335641031405,4046.7125661742857
PŁOŃSKI,1924,66889.09999999999,9664.3,76553.4,2116.7767462603733,2146.0007237994796,1614.193594902047
KRZEMIENIECKI,1924,201874.0,17246.7,219120.7,2942.3277116049553,4441.603374417637,4345.726253227732
CHRZANOWSKI,1924,78785.29999999999,44300.600000000006,123085.9,336.796444382177,2498.5324890288503,2786.6054581163808
MYŚLENICKI,1924,85153.59999999999,11358.099999999999,96511.69999999998,945.3223319453327,3114.3472528804277,3402.420221967959
TARNOWSKI,1924,85035.7,42826.0,127861.7,891.8335106804085,2936.7694493890954,3224.842418476626
SOKOŁOWSKI,1924,69765.4,8608.8,78374.2,1981.290033799908,2516.7369065207963,2314.7304313308405
CZORTKOWSKI,1924,60209.4,18353.9,78563.3,2858.4762081722142,4357.751870984896,4446.081090747063
SIERPECKI,1924,59335.09999999999,16339.4,75674.49999999999,2520.8298657913265,2496.731271784299,1964.9241428868663
SANDOMIERSKI,1924,105098.6,10214.1,115312.70000000001,1225.4585734444427,2835.664962607422,3123.7379316949527
RADZYŃSKI,1924,71229.86861799996,19969.199999999997,91199.06861799996,1882.7904498835076,2655.967589981823,2453.961114791867
RYBNICKI,1924,159589.26608486386,24379.699999999997,183968.96608486387,343.65918628800995,2674.8456144341176,2962.918583521648
WOLSZTYŃSKI,1924,42155.9,7927.9,50083.8,2409.866816528581,181.95735464950485,1653.2138419924718
ŻÓŁKIEWSKI,1924,72244.5,15609.4,87853.9,2185.2215366705013,3681.195526407167,3508.049131573296
LIDZKI,1924,143468.9,15227.7,158696.6,3223.7528949811717,3722.2214155243487,3520.214940334395
CIESZYŃSKI,1924,54469.09688092769,19782.9,74251.99688092769,483.8709936261788,2815.0574217722865,3103.1303908598165
LESZCZYŃSKI,1924,37941.4,21468.5,59409.9,2226.116425436057,397.5204318448274,1673.8769545484272
PIŃSKI,1924,123341.3,28181.7,151523.0,2923.41695161143,3696.594091709746,3494.5876165197915
DOLIŃSKI,1924,80503.1,21933.699999999997,102436.8,2329.087579782746,3828.36324259543,4095.15088298525
NADWÓRNIAŃSKI,1924,104358.5,13683.8,118042.3,2793.06388866015,4292.339551472832,4401.538211212827
ZBARASKI,1924,57735.2,7711.5,65446.7,2723.9082821396623,4223.183944952345,4268.627307240086
BŁOŃSKI,1924,77827.1,46235.9,124063.0,1424.6916875683157,1752.734522269599,1815.3455322321072
SKIERNIEWICKI,1924,49062.7,17710.2,66772.9,1314.509663380648,1651.7280638456575,1714.339073808166
SZCZUCZYŃSKI (WOJ. BIAŁOSTOCKIE),1924,46319.3,14869.8,61189.100000000006,2898.2391792212466,3153.7053668673097,2951.6988916773553
LWOWSKI,1924,119904.9,7157.0,127061.9,2046.9935647245838,3546.2692275372665,3593.5529762627
MOŚCISKI,1924,76488.7,9202.5,85691.2,1863.4253237178089,3362.7009865304917,3625.892177600114
TORUŃSKI,1924,41298.9,58358.600000000006,99657.5,2090.5012728912975,1086.846155953593,841.3582209026866
SIERADZKI,1924,117217.69999999998,41995.100000000006,159212.8,1481.2640212787976,1129.800048430608,1966.2251943442257
CZARNKOWSKI,1924,36084.8,7230.0,43314.8,2747.8941570342395,847.272295181803,1444.519478136826
RADOMSKI,1924,133619.5,70292.5,203912.0,1225.3166645821989,2263.789158785631,2447.620662304037
KOWELSKI,1924,170090.0,25452.5,195542.5,2567.2390227558662,3520.4811904998414,3318.4747153098865
WILEJSKI,1924,111158.6,4070.4,115229.0,4080.372603072592,4578.841123615769,4376.834648425815
KROŚNIEŃSKI,1924,92445.2,13059.8,105505.0,1340.5051165460663,3309.9088388713917,3597.981807958923
OSZMIAŃSKI,1924,74509.5204375784,9606.8,84116.3204375784,4088.1814958734385,4586.6500164166155,4384.643541226662
JAROSŁAWSKI,1924,116222.0,24654.8,140876.8,1475.3691907477057,2970.912935563189,3239.250012316619
CHEŁMIŃSKI,1924,38229.2,10904.9,49134.1,2313.972875089427,1310.317758151722,839.6329452949477
ŚWIĘTOCHŁOWICKI,1924,143264.8991198287,42995.3,186260.1991198287,138.5698691905005,2480.4423001528753,2768.515269240406
NOWOSĄDECKI,1924,119574.9,46072.5,165647.4,1028.631431561668,3199.25297647892,3487.3259455664515
KOŚCIERSKI,1924,40300.7,9451.1,49751.799999999996,2978.5083836000267,1639.916203236499,387.86608649176077
BARANOWICKI,1924,113332.3,18641.7,131974.0,3288.9218561273206,3924.1452040280446,3722.1387288380893
ŚWIECKI,1924,72194.2,11447.7,83641.9,2449.2975543354873,1320.199196986721,536.5798562612413
LUBARTOWSKI,1924,89358.0,10571.1,99929.1,1830.6389290893476,2786.2924341490475,2584.285958959092
GRÓDECKI,1924,63231.7,13647.6,76879.3,2098.505245349498,3597.780908162181,3677.1602342337533
RAWSKI (RAWA MAZOWIECKA),1924,71465.9,15040.6,86506.5,1391.7267565300115,1805.6455579310166,1991.626909036886
BĘDZIŃSKI,1924,195393.6,216693.4,412087.0,286.1545617008256,2552.1143400248952,2840.187309112426
DOBROMILSKI,1924,82947.8,9031.7,91979.5,1804.6904003970028,3398.7961011135926,3673.9025919687842
KOBRYŃSKI,1924,75819.2,8775.9,84595.09999999999,2403.2329736597644,3176.4101137580797,2974.403638568125
BRZEŻAŃSKI,1924,76785.7,15888.7,92674.4,2488.2077818915,3987.483444704183,4032.926806991925
PRZEWORSKI,1924,51690.9,8061.900000000001,59752.8,1430.062792285934,2929.338455098616,3204.4449459538073
JASIELSKI,1924,99345.5,11638.199999999999,110983.7,1250.4871541065386,3219.8908764318644,3507.9638455193954
ŁĘCZYCKI,1924,95098.2,28699.8,123798.0,1725.8611394781833,1351.3974178294625,1425.4709486252616
NIŻAŃSKI,1924,53451.3,10751.7,64203.0,1616.5926762380554,2754.2707340783813,3029.3772249335734
WĄGROWIECKI,1924,44305.3,11313.0,55618.3,2475.100116626244,931.8699165862977,1081.6468147592032
WŁOSZCZOWSKI,1924,81647.1,14506.5,96153.6,969.055230762561,2473.1657885551012,2761.238757642632
BORSZCZOWSKI,1924,86198.9,9919.900000000001,96118.79999999999,3273.9707378707667,4773.246400683448,4818.689762971189
ŁAŃCUCKI,1924,81388.0,12423.5,93811.5,1558.8595883726227,2867.5452394210333,3142.651730276225
SOKÓLSKI,1924,81558.0,14574.900000000001,96132.9,2755.135701920453,3010.601889566516,2808.5954143765603
BIELSKO,1924,56864.64607452265,22312.800000000003,79177.44607452265,424.7994786550328,2755.9859068011406,3044.058875888671
ZDOŁBUNOWSKI,1924,84053.9,21719.300000000003,105773.2,3087.6812066097245,4287.669069092073,4085.662593902119
MŁAWSKI,1924,75364.0,17777.3,93141.3,2380.6028496134054,1781.2863505124164,1249.479221614984
JAROCIŃSKI,1924,70161.0,18889.3,89050.3,2021.5967180051177,732.2806139299547,1463.6341710896327
CZĘSTOCHOWSKI,1924,144102.8,110033.09999999999,254135.89999999997,646.2160387609243,2097.5245121382927,2397.272155247614
RÓWIEŃSKI,1924,180271.7,38240.5,218512.2,3073.958440362498,4178.652057354285,3976.6455821643303
KOPYCZYNIECKI,1924,82388.9,10569.7,92958.59999999999,2875.5634777833457,4374.839140596027,4420.28250288377
KRASNOSTAWSKI,1924,112813.1,9390.6,122203.70000000001,2190.8798083727306,3146.533313432431,2944.5268382424765
ŻYDACZOWSKI,1924,61979.1,14978.6,76957.7,2411.5167334970733,3910.792396309757,3956.235758597498
STOPNICKI,1924,132265.7,12098.400000000001,144364.1,1284.307548413747,2947.105188186503,3235.1781572740338
JAWOROWSKI,1924,69792.9,11007.9,80800.79999999999,2232.934501775215,3732.2101645878975,3777.65352687564
SZAMOTULSKI,1924,50069.7,18077.0,68146.7,2556.1798906189665,488.5286575423665,1570.8137011287786
CHODZIESKI,1924,30809.0,13670.400000000001,44479.4,2638.7330476647217,797.8577752622627,1141.2401980597524
SZCZUCZYŃSKI (WOJ. NOWOGRÓDZKIE),1924,87157.9,1869.6,89027.5,3212.392963531956,3710.8614840751334,3508.85500888518
MIECHOWSKI,1924,135235.01251997676,14485.599999999999,149720.61251997677,642.9689947396456,2650.8622653660077,2938.935234453538
WADOWICKI,1924,113920.5,20954.399999999998,134874.9,545.380609355704,2718.355825995546,3006.4287950830767
KIELECKI,1924,138428.8,53266.5,191695.3,859.4424070533977,2215.701637546473,2503.774606634004
KAŁUSKI,1924,80601.0,9727.2,90328.2,2559.712665628327,4058.9883284410107,4308.805636945805
LUBELSKI,1924,146658.0,99941.8,246599.8,1737.6236372506928,2693.2771423103927,2491.2706671204373
WŁODAWSKI,1924,71691.8,19821.4,91513.20000000001,2370.078586901202,3269.832530657779,3067.8260554678236
OPATOWSKI,1924,137598.0,32380.0,169978.0,1279.4354431412862,2357.031193620668,2645.1041627081986
NIEŚWIESKI,1924,92494.9,12797.0,105291.9,3627.0528003835484,4262.276148284272,4060.2696730943167
JĘDRZEJOWSKI,1924,85939.08748002324,18046.3,103985.38748002324,661.0803610010666,2329.3553747930096,2617.42834388054
GARWOLIŃSKI,1924,136128.8,13542.1,149670.9,1793.0967028336227,2347.7989229452687,2145.7924477553133
GORLICKI,1924,86469.79999999999,9734.3,96204.09999999999,1201.7091702831879,3246.645108991874,3534.718078079405
JANOWSKI,1924,121531.9,16334.900000000001,137866.8,1691.1812620760697,2828.8593199163956,2741.069889938732
BIALSKI (BIAŁA KRAKOWSKA),1924,83182.7,38821.6,122004.29999999999,440.53945576877487,2763.501825837903,3051.5747949254337
ŁUCKI,1924,198827.2,35500.399999999994,234327.6,2823.5077000007077,3779.161205060409,3577.154729870454
SARNEŃSKI,1924,135369.19999999998,11409.0,146778.19999999998,3071.0589232696566,4026.7124283293574,3824.7059531394025
LIMANOWSKI,1924,78707.0,2164.9,80871.9,969.8355061919646,3142.8107228318063,3430.8836919193373
DUBIEŃSKI,1924,177169.09999999998,14801.7,191970.8,2711.934340031039,4211.210002843722,4118.71235365425
ŁOMŻYŃSKI,1924,111733.0,40814.899999999994,152547.9,2461.607303140641,2670.725145308013,2468.718670118058
BRZESKI (BRZESKO),1924,94703.3,5258.0,99961.3,1094.575670979043,3143.370309703131,3431.4432787906626
LUBACZOWSKI,1924,74713.7,8010.0,82723.7,2466.482775016212,3702.7302882852405,3500.7238130952855
KAMIONECKI,1924,69908.8,13554.1,83462.90000000001,2248.910517265957,3748.186180078641,3793.6295423663823
KOLSKI,1924,92792.3,21439.0,114231.3,1820.8999997420633,1121.528023427473,1425.9225119053094
LUBOMELSKI,1924,61474.0,3562.9,65036.9,2396.670631516006,3352.3241365757062,3150.317661385751
LIPNOWSKI,1924,83785.7,11902.0,95687.7,2477.9575246994073,2490.0822678583863,1968.8704270039889
TREMBOWELSKI,1924,69790.2,11885.5,81675.7,2705.4225985907324,4204.698261403416,4250.141623691156
BRZESKI (BRZEŚĆ N.BUG.),1924,108535.01155513756,40052.0,148587.01155513758,2105.9331562120988,2875.443714365958,2673.4372391760025
TŁUMACKI,1924,88691.5,17848.0,106539.5,2603.741264309869,4103.016927122551,4212.215586862546
MOŁODECZAŃSKI,1924,74678.56666666667,10423.0,85101.56666666667,3758.6586296319915,4257.12715017517,4055.120674985215
MORSKI,1924,61433.5,24304.5,85738.0,3311.235752980182,1957.8919869265092,208.1923501116959
BYDGOSKI,1924,42627.3,108158.5,150785.8,2313.105735755811,1054.7352493787396,767.9610282646764
LWÓW (MIASTO),1924,1.0,316177.0,316178.0,1937.6109997828416,3436.8866625955247,3482.330024883266
ROPCZYCKI,1924,90163.6,14274.5,104438.1,1043.2677597826146,2799.58793046806,3087.6608995555907
KOLBUSZOWSKI,1924,61465.0,6515.2,67980.2,1515.8302045901537,3035.5146038648427,3322.9101441703165
WŁODZIMIERSKI,1924,112059.7,19920.2,131979.9,2559.523356488556,3520.464840743021,3318.4583655530655
ŁÓDZKI,1924,76378.4,49389.59999999999,125767.99999999999,1262.1053292534682,1408.7821558818443,1824.433961805201
LESKI,1924,90925.2,7350.5,98275.7,1885.2125264945946,3786.58286761678,4061.68935847197
GOSTYŃSKI,1924,43461.1,14742.300000000001,58203.4,2116.06520631756,573.2431640656962,1605.837173286888
OBORNICKI,1924,37154.8,13493.5,50648.3,2505.395407939677,628.5090472938462,1330.6352635168175
WŁOCŁAWSKI,1924,66696.09999999999,65881.0,132577.09999999998,1834.8292275440033,1245.752892137458,1204.9692135502373
KRAKÓW (MIASTO),1924,1.0,194972.2,194973.2,594.4498254863886,2767.425042126231,3055.4980112137614
PRZEMYSKI,1924,102396.1,50894.0,153290.1,1570.4179651181814,3069.693627930864,3344.8001187860555
WILNO (MIASTO),1924,1.0,149182.7,149183.7,3490.764647332437,3746.2308349785008,3544.2243597885463
WYSOKOMAZOWIECKI,1924,63873.9,17285.5,81159.4,2582.507168365667,2837.973356011731,2635.9668808217757
ZAMOJSKI,1924,114684.7,20598.0,135282.7,2147.65429945428,3103.3078045139805,2901.301329324025
ŚNIATYŃSKI,1924,57667.5,16698.6,74366.1,2956.704468029864,4455.980130842546,4565.17879058254
SAMBORSKI,1924,102016.5,25869.699999999997,127886.2,1802.6483999184945,3301.9240627311774,3577.030553586369
MIŃSKI,1924,82278.4,19651.0,101929.4,1810.1087524374186,2151.2053129567125,1949.198837766758
KARTUSKI,1924,61566.59999999999,4118.4,65684.99999999999,3120.0789969608777,1766.7352309072053,294.46562199521
BÓBRECKI,1924,82727.9,10158.9,92886.79999999999,2420.0873285188436,3919.3629913315262,3964.8063536192676
BIELSKI (BIELSK PODLASKI),1924,140464.9,23144.6,163609.5,2403.141581879759,2940.3036166640504,2738.2971414740955
STAROGARDZKI,1924,55038.79999999999,11333.0,66371.79999999999,2718.0458805878125,1598.203416095963,434.87976178470024
SIEDLECKI,1924,98601.2,40054.4,138655.6,1888.5884100360167,2431.2867489280948,2229.280273738139
KRAKOWSKI,1924,146133.0,10405.9,156538.9,590.0963900305148,2762.5212825693798,3050.5942516569103
DZIAŁDOWSKI,1924,32985.3,7565.6,40550.9,2524.456867840799,1745.6919633469956,1213.884834449563
CIECHANOWSKI,1924,58937.4,12570.1,71507.5,2127.1305411659505,1821.4268311383196,1289.619702240887
HOROCHOWSKI,1924,90025.9,10729.3,100755.2,2665.4519368862643,4164.727599698947,4210.17096198669
KUTNOWSKI,1924,71193.4,30789.299999999996,101982.69999999998,1563.791385778647,1306.277101490552,1368.4138587668367
PIŃCZOWSKI,1924,105602.8,16508.0,122110.8,779.6995506265876,2756.9791391001386,3045.05210818767
CHOJNICKI,1924,53641.29999999999,18579.9,72221.19999999998,2835.2986238313792,1457.0063410574485,746.8507971278517
IWACEWICKI,1924,52707.9,6411.1,59119.0,2817.9576609291667,3591.1348010274837,3389.1283258375292
ŻYWIECKI,1924,104757.3,11420.3,116177.6,518.1641552756158,2841.9870325921593,3130.0600016796902
TARNOGÓRSKI,1924,45221.557365078406,17082.0,62303.557365078406,218.34806896208312,2562.219245363276,2850.292214450807
LUBAWSKI,1924,43527.8,8846.5,52374.3,2581.306976720249,1582.595696325662,991.2157043969135
TURECKI,1924,85622.7,16394.8,102017.5,2122.8026640501666,1316.4494688986326,2139.0871820896164
PRUŻAŃSKI,1924,69603.0,13792.699999999999,83395.7,2482.42789893228,3255.605039030597,3053.598563840642
ŁOWICKI,1924,83954.09999999999,16799.6,100753.69999999998,1372.9075225707077,1521.2981523887627,1583.909162351271
RZESZOWSKI,1924,138738.9,39082.899999999994,177821.8,1258.0348731716008,3007.1630165326674,3294.873187494225
WARSZAWSKI,1924,176433.09999999998,48498.0,224931.09999999998,1707.1885549532208,1876.1775793577756,1679.1245449093274
IŁŻECKI,1924,133118.9,10752.5,143871.4,1401.9377170437992,2446.6830058763544,2734.7559749638854
BRZOZOWSKI,1924,76151.79999999999,4184.6,80336.4,1655.3043049371734,3179.068218129965,3454.8501129715323
PIOTRKOWSKI,1924,147079.69999999998,57702.1,204781.8,1019.4665350859686,1796.0723236295437,2084.145292717075
SĘPOLEŃSKI,1924,23930.6,4583.1,28513.699999999997,2549.3055159110486,1154.3291333010006,717.3406673350788
POZNAŃSKI,1924,73451.59999999999,9394.8,82846.4,2344.3320070555524,477.50940934880504,1359.0521414434634
TARNOPOLSKI,1924,98185.7,36344.1,134529.8,2559.1441401034767,4058.4198029161594,4103.863165203901
WILEŃSKO-TROCKI,1924,171905.61635012517,11326.099999999999,183231.71635012518,3641.925578580168,3909.6124556449868,3707.605980455032
KROTOSZYŃSKI,1924,49558.99999999999,26180.5,75739.5,2036.7225371242055,775.9477124864499,1569.3891978024283
GRODZIEŃSKI,1924,114077.6,51763.399999999994,165841.0,3032.5288696239113,3292.653306535918,3090.6468313459623
KOSOWSKI (KOSÓW HUCULSKI),1924,76211.0,10527.5,86738.5,3198.05449689228,4697.330159704962,4806.528819444957
TURCZAŃSKI,1924,92279.7,10082.7,102362.4,2033.4824058155657,3532.7580686282486,3807.8645594834393
PŁOCKI,1924,83035.59999999999,33631.9,116667.5,1885.165728503879,1646.3635522747895,1708.9745622372982
RADZYMIŃSKI,1924,66051.5,13976.2,80027.7,1860.0008535465138,2058.5131720609934,1851.0591066903758
WYRZYSKI,1924,47128.3,16705.300000000003,63833.600000000006,2456.193873684912,1051.3468743584478,949.7833962329821
DROHOBYCKI,1924,108071.09999999998,66039.4,174110.49999999997,1977.506847951636,3476.782510764319,3751.8890016195105
KONIŃSKI,1924,162891.19999999998,37081.1,199972.3,2001.676165451711,1031.6343987667597,1524.5399288253122
ŁASKI,1924,110114.6,46033.7,156148.3,1524.7295025255862,1365.3616146920633,2106.9452209067017
RYPIŃSKI,1924,70970.59999999999,7568.2,78538.79999999999,2477.5726726228495,2506.796650161956,1974.989521264523
KOSZYRSKI,1924,61288.8,12670.5,73959.3,3075.715204114258,3880.1536836552577,3678.1472084653033
WĘGROWSKI,1924,74325.0,8790.2,83115.2,2217.999825910799,2753.4466986316875,2551.440223441732
WOŁOŻYŃSKI,1924,93675.1,4531.7,98206.8,3925.0777416086294,4553.990611506441,4351.984136316487
GRÓJECKI,1924,103071.3,25576.4,128647.70000000001,1971.6032500017236,2119.993879819778,1974.6499678090277
PSZCZYŃSKI,1924,120542.61481505077,18177.3,138719.91481505075,263.42717323874797,2593.1454302838247,2881.218399371355
BRZEZIŃSKI,1924,83237.9,49559.3,132797.2,1198.4236438574176,1582.713390133361,1859.371233342782
ŁÓDŹ (MIASTO),1924,1.0,498021.9,498022.9,1195.9821500304536,1439.1244751196318,1878.7440696653687
STOŁPECKI,1924,81398.28285987781,3952.6,85350.88285987782,3539.811366651937,4175.034714552661,3973.028239362706
WĄBRZESKI,1924,29660.899999999998,18037.9,47698.8,2255.648583541661,1251.9934666039562,847.7740436409028
BRODNICKI,1924,44738.5,9102.699999999999,53841.2,2367.0208766816545,1364.311723816683,832.5045949192505
KOSTOPOLSKI,1924,123792.8,6652.799999999999,130445.6,3195.1133372472214,4297.727370355173,4095.720895165218
GRUDZIĄDZKI,1924,39558.9,42607.9,82166.8,2326.36244425129,1322.7073273135852,639.0138410518135
OSTROWSKI (OSTRÓW MAZOWIECKA),1924,73117.7,18178.5,91296.2,2210.992950488083,2466.4591381341465,2264.452662944191
NIESZAWSKI,1924,87853.4,18899.7,106753.09999999999,1896.9214623445616,1180.3896769392347,1119.4228554578146
SZUBIŃSKI,1924,36240.1,11064.7,47304.8,2368.2606091561615,951.8937539346005,875.800620224625
KONECKI,1924,120828.0,34863.8,155691.8,1142.851476582723,1931.818120240167,2219.891089327698
RAWICKI,1924,32455.4,17430.100000000002,49885.5,2091.619135595904,562.9538045101248,1705.982281733668
NOWOTOMYSKI,1924,60274.7,25999.300000000003,86274.0,2595.2836867686087,247.1544889797566,1662.7408317694133
BIALSKI (BIAŁA PODLASKA),1924,73895.51982686247,19984.0,93879.51982686247,1978.4508851330102,2751.6280252313245,2549.6215500413696
OLKUSKI,1924,124745.5,16140.5,140886.0,503.5917656688396,2632.373762797289,2920.4467318848197
KOZIENICKI,1924,114660.5,15251.5,129912.0,1483.9560222901628,2528.7013111227175,2339.5103734778595
SANOCKI,1924,89346.79999999999,16428.6,105775.4,1840.462556950269,3759.2948989348847,4034.9784900134937
WRZESIŃSKI,1924,34235.5,9568.2,43803.7,2172.614469607085,790.8052395804144,1294.7090893970947
BRODZKI,1924,72698.9,11327.2,84026.09999999999,2371.8039964305626,3871.079659243247,3916.5230215309875
CHEŁMSKI,1924,108713.2,25021.3,133734.5,2041.621004824211,2997.2745098839114,2795.268034693956
DROHICKI,1924,71038.29999999999,2231.8,73270.09999999999,2734.1486036860747,3507.3257437843913,3305.3192685944364
OSTROWSKI (OSTRÓW WIELKOPOLSKI),1924,78904.8,22839.100000000002,101743.90000000001,1846.37335593632,847.3771136158803,1688.893308604717
TOMASZOWSKI,1924,96259.1,8477.2,104736.3,2527.1743612275072,3489.8836411690613,3287.877165979107
KĘPIŃSKI,1924,78616.29999999999,13708.4,92324.69999999998,2031.596820527738,1032.6005782072984,1874.1167731961357
BOCHEŃSKI,1924,94351.1,19683.6,114034.70000000001,669.0043665512726,2830.740411197946,3118.8133802854763
GNIEŹNIEŃSKI,1924,54775.8,32903.8,87679.6,2307.155869721774,775.3911215167772,1183.1383938564318
LUBLINIECKI,1924,29632.82100292075,8972.800000000001,38605.62100292075,462.61559206135854,2793.7990991391507,3081.872068226681
ZŁOCZOWSKI,1924,92609.2,18609.2,111218.4,2340.321951095758,3839.5976139084414,3885.0409761961832
BRASŁAWSKI,1924,127701.09999999998,2072.4,129773.49999999997,4377.3525222865555,4632.818709932618,4430.812234742663
ŁUKOWSKI,1924,99567.5,20204.1,119771.6,1814.2894467731037,2593.6684455662044,2391.661970376249
SŁONIMSKI,1924,81764.0,11635.3,93399.3,2975.069578366931,3473.5380989101086,3271.5316237201537
PRZASNYCKI,1924,50775.5,9509.9,60285.4,2581.6610613666726,2699.732246854195,2460.5833033670806
ŻNIŃSKI,1924,33564.4,9487.0,43051.4,2393.2883429368035,853.4287743904698,982.4416447054282
TARNOBRZESKI,1924,64038.7,7994.8,72033.5,1341.802581097744,2481.0134816693244,2768.567438815365
AUGUSTOWSKI,1924,56316.59999999999,9777.5,66094.09999999999,3275.9258621785975,3531.3920498246607,3329.3855746347067
HRUBIESZOWSKI,1924,97007.6,14646.5,111654.1,2393.6286340407537,3349.282139100454,3147.275663910499
PUŁTUSKI,1924,75651.9,34394.9,110046.79999999999,2236.3853079367623,2205.1248594181875,1710.3001286253218
SOCHACZEWSKI,1924,59460.4,7058.1,66518.5,1588.5214779687767,1736.9121077868322,1799.5231177493406
NOWOGRÓDZKI,1924,112158.01714012216,10606.8,122764.81714012216,3282.68514260907,3917.9084905097934,3715.902015319839
TUCHOLSKI,1924,34971.2,5551.2,40522.399999999994,2634.4288779451103,1326.1281703440757,726.0560240521287
POSTAWSKI,1924,88704.81666666665,1611.6,90316.41666666666,4347.888159637722,4603.354347283785,4401.347872093832
INOWROCŁAWSKI,1924,47920.0,29745.4,77665.4,2299.813889884313,987.1881442800368,1017.558155575243
BIAŁOSTOCKI,1924,96565.4,104185.3,200750.7,2546.744588542421,2802.210776188484,2600.2043009985287
DĄBROWSKI,1924,56814.2,7791.1,64605.299999999996,977.6246416954326,2976.909156861453,3264.9821259489845
ROHATYŃSKI,1924,100683.3,13358.3,114041.6,2535.684506749163,4034.960169561846,4080.4035318495876
ŚWIĘCIAŃSKI,1924,116451.56666666664,9724.1,126175.66666666664,3985.2137183549617,4240.679906001025,4038.673430811071
ŚREMSKI,1924,42820.2,15214.5,58034.7,2461.276709747592,599.3326390594661,1617.7359453927081
SKAŁACKI,1924,70396.1,13613.7,84009.8,2787.974216007365,4287.249878820048,4332.69324110779
ŁUNINIECKI,1924,81160.7,8401.4,89562.09999999999,3321.5045423808133,4094.6816824791294,3892.6752072891745
MAKOWSKI (MAKÓW MAZOWIECKI),1924,50436.8,9912.0,60348.8,2684.349230323606,2085.032731222617,1553.2256023251834
ZALESZCZYCKI,1924,62565.3,4044.0,66609.3,3085.58544626501,4584.861109077691,4694.059768817687
OPOCZYŃSKI,1924,113568.4,8452.7,122021.09999999999,1227.5505853681518,1770.7681411541976,2058.841110241728
KALISKI,1924,129792.2,55160.1,184952.3,1841.5619929510074,1031.5366358655956,1873.0528308544326
WIELUŃSKI,1924,170069.09999999998,21173.3,191242.39999999997,2541.4280681618075,1542.431825841368,2383.948020830206
NOWOTARSKI,1924,91736.8,22762.2,114499.0,793.506996195061,2966.482212834903,3254.5551819224333
M. ST. WARSZAWA,1924,1.0,1009162.4,1009163.4,1689.2580118929484,1837.6486417110036,1692.3046735521968
TCZEWSKI,1924,35860.7,25261.399999999998,61122.09999999999,2802.5763495495844,1682.7338850577344,418.1588328249486
CHORZÓW,1924,22739.6509148704,76587.9,99327.5509148704,107.12934548052705,2463.3773113821517,2751.4502804696826
PODHAJECKI,1924,79817.6,5092.7,84910.3,2473.88859482192,3973.1642576346035,4018.6076199223444
POZNAŃ (MIASTO),1924,1.0,192604.8,192605.8,2314.2405672679247,413.61870541548785,1342.3637827644375
OSTROŁĘCKI,1924,88795.29999999999,10432.9,99228.19999999998,2367.103605404984,2576.221447572356,2374.2149723824004
RADZIECHOWSKI,1924,57629.9,8356.7,65986.6,2522.5138177120834,4021.7894805247665,4067.2328428125074
SUWALSKI,1924,75280.2,20838.199999999997,96118.4,3337.94087929442,3593.4070669404846,3391.400591750529
KOŚCIAŃSKI,1939,56385.200000000004,22735.0,79120.20000000001,1246.6382302328038,342.06368427248066,1273.7625100388734
ZBOROWSKI,1939,72634.40000000001,16854.0,89488.40000000001,2212.9907475800815,3407.729197360952,3474.681345824617
MIĘDZYCHODZKI,1939,22541.800000000003,8509.0,31050.800000000003,1619.2886681336008,331.5428232718568,1477.1836430222786
KOŁOMYJSKI,1939,148459.59999999998,49993.0,198452.59999999998,2209.173351103318,3403.911800884189,3522.343382073275
DZIŚNIEŃSKI,1939,157582.80000000002,17247.0,174829.80000000002,3559.7416648268822,3870.001406082986,3667.8660963021384
STOLIŃSKI,1939,126940.79999999999,16894.0,143834.8,2871.637417957621,3482.8434193061,3354.4645075874437
STANISŁAWOWSKI,1939,151180.40000000002,78771.0,229951.40000000002,2036.4735437153722,3231.211993496243,3348.661452935401
ŚREDZKI,1939,37481.0,13904.0,51385.0,1195.2660041599916,532.8715872587412,1244.3995885788465
WOŁKOWYSKI,1939,193398.59999999998,21188.0,214586.59999999998,2192.4230087910855,2580.6777610919567,2378.542451311111
HORODEŃSKI,1939,88029.40000000001,13780.0,101809.40000000001,2514.053249827919,3708.7916996087897,3827.2232807978767
KATOWICE,1939,105879.43115207237,222820.0,328699.4311520724,157.99427202796994,1439.64867400781,1907.1924341209672
MIELECKI,1939,70771.20000000001,12740.0,83511.20000000001,919.6851560340369,2147.182089907745,2281.722377746316
PUŁAWSKI,1939,175142.40000000002,19673.0,194815.40000000002,1447.195195295233,2235.7316883293965,2077.36344917959
RAWSKI (RAWA RUSKA),1939,114408.59999999999,19476.0,133884.59999999998,1855.5412150322768,2860.855875800581,2707.8629622523554
MOGILEŃSKI,1939,64228.399999999994,26491.0,90719.4,1326.0641684374496,735.8939457777524,906.7659014923285
SOKALSKI,1939,98216.0,17032.0,115248.0,1912.4441544291597,3062.8316954448446,2904.4634562950387
BUCZACKI,1939,128753.59999999999,25038.0,153791.59999999998,2275.12839639437,3469.866846175241,3588.298427364327
PRZEMYŚLAŃSKI,1939,87396.40000000001,10989.0,98385.40000000001,1875.0785507103337,3069.8170004912054,3136.7691489548693
GOSTYNIŃSKI,1939,70157.0,15929.0,86086.0,1338.7811983477102,1265.6701945379898,1195.7249846175368
BIŁGORAJSKI,1939,121404.40000000001,8828.0,130232.40000000001,1940.1174228390346,2728.6539158731985,2570.285676723392
RUDECKI,1939,74248.59999999999,9630.0,83878.59999999999,1747.4050406189647,2942.1434903998356,3076.6837782384064
RADOMSZCZAŃSKI,1939,174784.80000000002,26350.0,201134.80000000002,610.5609494544149,1561.631681834024,1696.1719696725947
STRYJSKI,1939,129073.20000000001,41560.0,170633.2,1903.8213886316205,3098.5598384124924,3233.1001262510626
PŁOŃSKI,1939,75764.59999999999,12000.0,87764.59999999999,1599.2694172842841,1395.389570920801,1111.496770358812
KRZEMIENIECKI,1939,247219.0,22470.0,269689.0,2430.9541101477457,3625.6925599286164,3578.535001236417
CHRZANOWSKI,1939,96741.79999999999,59707.0,156448.8,282.30763142355966,1560.6633921335765,1999.1387277134422
MYŚLENICKI,1939,95941.59999999999,13585.0,109526.59999999999,822.6472945843368,2101.0030552943535,2548.2734401114553
TARNOWSKI,1939,105059.20000000001,57963.0,163022.2,732.9522038802987,2011.3079645903154,2449.783300170181
SOKOŁOWSKI,1939,78942.40000000001,13543.0,92485.40000000001,1616.046843034108,2035.2967278666508,1867.7770024175904
CZORTKOWSKI,1939,70031.40000000001,19038.0,89069.40000000001,2322.5198247213693,3517.2582745022414,3618.838755088111
SIERPECKI,1939,69680.59999999999,21998.0,91678.59999999999,1609.5243568410872,1330.0718393905306,1044.099335090786
SANDOMIERSKI,1939,120161.59999999999,13728.0,133889.59999999998,1035.820922880384,2272.3913041862597,2477.928818671733
RADZYŃSKI,1939,82596.71788598559,24980.0,107576.71788598559,1548.9946041973124,2160.20060554579,2031.8216938271366
RYBNICKI,1939,211713.69590301262,34698.0,246411.69590301262,288.76647801769053,1611.139132586362,2078.682892699519
WOLSZTYŃSKI,1939,40315.399999999994,7063.0,47378.399999999994,1324.2031177713297,159.34240172362644,1356.4881737240155
ŻÓŁKIEWSKI,1939,83337.0,19553.0,102890.0,1794.979359252917,2987.9375713104987,2877.063031980722
LIDZKI,1939,187453.40000000002,26257.0,213710.40000000002,2625.225401435803,3013.480153736674,2811.3448439558288
CIESZYŃSKI,1939,64011.03213608264,25598.0,89609.03213608265,382.6006852847767,1704.973339853448,2172.517099966605
LESZCZYŃSKI,1939,37323.399999999994,26587.0,63910.399999999994,1184.5332746232655,342.78000353351666,1380.8222839912478
PIŃSKI,1939,185592.80000000002,36700.0,222292.80000000002,2376.6691406379086,2987.875141986387,2859.4962302677327
DOLIŃSKI,1939,110228.59999999999,26554.0,136782.59999999998,1911.8019458854442,3106.5403956663154,3241.0806835048866
NADWÓRNIAŃSKI,1939,144671.0,19311.0,163982.0,2290.4399269625847,3485.178376743455,3603.609957932541
ZBARASKI,1939,58101.200000000004,8976.0,67077.20000000001,2228.370449946065,3423.108899726936,3490.0610481906
BŁOŃSKI,1939,103697.59999999999,60757.0,164454.59999999998,1162.1896497292958,1437.105625007201,1494.461971477596
SKIERNIEWICKI,1939,52901.200000000004,21214.0,74115.20000000001,1080.2141147162183,1363.1960593723743,1420.5524058427693
SZCZUCZYŃSKI (WOJ. BIAŁOSTOCKIE),1939,57720.799999999996,18026.0,75746.79999999999,2296.0070517519603,2553.1721538343822,2351.036844053537
LWOWSKI,1939,151439.40000000002,10818.0,162257.40000000002,1679.739035910524,2874.477485691395,2941.935324503859
MOŚCISKI,1939,83852.20000000001,10275.0,94127.20000000001,1563.466155209738,2758.2046049906094,2888.820743574938
TORUŃSKI,1939,47453.399999999994,94198.0,141651.4,1355.4673058848884,888.679350940097,698.7854597958188
SIERADZKI,1939,127611.20000000001,50387.0,177998.2,1103.200065052177,931.4768361629142,1494.3106488272672
CZARNKOWSKI,1939,34008.799999999996,9196.0,43204.799999999996,1612.465320233106,712.4721630467741,1201.522313796839
RADOMSKI,1939,159997.0,90129.0,250126.0,1002.4050131494195,1857.8224328852384,1836.6973767653549
KOWELSKI,1939,286580.0,38300.0,324880.0,2110.130400641152,2896.8656420668367,2738.8020224089137
WILEJSKI,1939,141836.59999999998,6322.0,148158.59999999998,3385.4698613779083,3773.72461367878,3571.589303897933
KROŚNIEŃSKI,1939,106716.20000000001,20038.0,126754.20000000001,1100.1860191770604,2378.5417798870776,2817.017115466943
OSZMIAŃSKI,1939,113691.62887725966,13500.0,127191.62887725966,3346.123029190626,3734.3777814914974,3532.2424717106505
JAROSŁAWSKI,1939,127607.0,28412.0,156019.0,1222.7056376129083,2412.572967186857,2539.4779094632736
CHEŁMIŃSKI,1939,42525.200000000004,13452.0,55977.200000000004,1534.853089821439,1068.0651348766476,711.7673411507516
ŚWIĘTOCHŁOWICKI,1939,165250.82957733862,47786.0,213036.82957733862,121.4477729551732,1372.403967136722,1839.9477272498793
NOWOSĄDECKI,1939,148184.40000000002,57429.0,205613.40000000002,854.9562060212846,2133.3119667313017,2580.7123451720136
KOŚCIERSKI,1939,41544.200000000004,13199.0,54743.200000000004,1859.119671224017,1353.0454716853803,341.76538511129434
BARANOWICKI,1939,156758.80000000002,34856.0,191614.80000000002,2668.9859954212816,3167.6639002468796,2965.528590466033
ŚWIECKI,1939,77345.20000000001,14095.0,91440.20000000001,1589.9524500314637,1093.4337740174924,466.4076904379688
LUBARTOWSKI,1939,104283.0,12316.0,116599.0,1487.435229254953,2256.4885353891736,2117.6034831393113
GRÓDECKI,1939,76595.20000000001,18015.0,94610.20000000001,1713.6436143765459,2908.382064157417,2986.0607084187254
RAWSKI (RAWA MAZOWIECKA),1939,84550.40000000001,16370.0,100920.40000000001,1139.0921652517475,1493.9891087647854,1620.3531916827721
BĘDZIŃSKI,1939,255231.59999999998,276201.0,531432.6,243.52540945663603,1519.0637767428557,1883.935151510076
DOBROMILSKI,1939,98286.79999999999,4314.0,102600.79999999999,1503.0264862670715,2777.8664354108205,2913.6433235453655
KOBRYŃSKI,1939,135930.19999999998,11020.0,146950.19999999998,1960.4453180294047,2571.6513193778824,2443.272407659229
BRZEŻAŃSKI,1939,96614.20000000001,18186.0,114800.20000000001,2043.8618253441052,3238.6002751249757,3305.552423588641
PRZEWORSKI,1939,54635.399999999994,9389.0,64024.399999999994,1171.294449334344,2366.032899115216,2500.5731869537867
JASIELSKI,1939,113678.0,12000.0,125678.0,1028.3302273718587,2306.6859880818756,2745.1613236617413
ŁĘCZYCKI,1939,98254.20000000001,33402.0,131656.2,1096.602303976045,1104.1178134139122,1171.703577444989
NIŻAŃSKI,1939,56392.799999999996,12182.0,68574.79999999999,1357.520759113324,2260.2859874879455,2394.826275326516
WĄGROWIECKI,1939,42461.799999999996,12375.0,54836.799999999996,1491.2976662548724,774.1945597200103,900.0336887075339
WŁOSZCZOWSKI,1939,88932.59999999999,15940.0,104872.59999999999,815.2207271095808,1856.2792938504663,2004.1426008556414
BORSZCZOWSKI,1939,98788.40000000001,16417.0,115205.40000000001,2701.1664771599285,3895.9049269407988,3962.857075404463
ŁAŃCUCKI,1939,88153.0,14822.0,102975.0,1288.352222715435,2326.0620278135766,2465.8537277824475
SOKÓLSKI,1939,100593.0,14098.0,114691.0,2176.3942982185413,2433.5594003009633,2231.424090520118
BIELSKO,1939,64352.547343402686,34057.0,98409.5473434027,359.0373836119926,1681.4100381806638,2148.953798293821
ZDOŁBUNOWSKI,1939,107833.40000000001,24384.0,132217.40000000002,2543.171373952974,3521.7650379619513,3363.396798812144
MŁAWSKI,1939,92899.0,19900.0,112799.0,1832.341703672943,1480.6637927930929,1058.0551824200572
JAROCIŃSKI,1939,67026.0,21344.0,88370.0,1001.3870894998582,607.3933154872535,1200.4839389534343
CZĘSTOCHOWSKI,1939,194526.80000000002,152686.0,347212.80000000005,507.84749030020856,1538.9103146612435,1696.0980169540571
RÓWIEŃSKI,1939,239655.19999999998,53183.0,292838.19999999995,2536.025757528658,3437.7405964438976,3279.37235729409
KOPYCZYNIECKI,1939,90073.40000000001,10985.0,101058.40000000001,2361.7241655106313,3556.462615291501,3623.414763755166
KRASNOSTAWSKI,1939,136193.59999999998,11680.0,147873.59999999998,1808.901867552313,2597.438360586477,2439.070121436671
ŻYDACZOWSKI,1939,73659.59999999999,16546.0,90205.59999999999,1995.9220805526265,3190.6605303334973,3257.6126787971625
STOPNICKI,1939,148869.19999999998,13820.0,162689.19999999998,1095.0920771509939,2373.44783786101,2587.096512046493
JAWOROWSKI,1939,79592.40000000001,12794.0,92386.40000000001,1824.127791561793,3018.8662413426646,3085.818389806329
SZAMOTULSKI,1939,48913.200000000004,20674.0,69587.20000000001,1448.1147698517332,413.7337238423641,1296.1105865042805
CHODZIESKI,1939,30749.0,15075.0,45824.0,1556.8527409904045,662.6895289874187,945.2888640488388
SZCZUCZYŃSKI (WOJ. NOWOGRÓDZKIE),1939,124452.40000000001,3524.0,127976.40000000001,2680.334495451279,3068.58924775215,2866.453937971305
MIECHOWSKI,1939,142153.68983020622,16681.0,158834.68983020622,542.876878429265,1821.2326391392817,2244.547823094841
WADOWICKI,1939,132603.0,25199.0,157802.0,460.1199644085641,1738.4757251185808,2186.0261685190176
KIELECKI,1939,174947.80000000002,74484.0,249431.80000000002,705.4750072967,1815.4236685998496,1949.9639564384204
KAŁUSKI,1939,101001.0,14699.0,115700.0,2147.002239730982,3341.7406895118534,3474.234461541947
LUBELSKI,1939,182208.0,122000.0,304208.0,1416.685574500614,2205.2220675347776,2046.8538283849714
WŁODAWSKI,1939,111675.79999999999,25152.0,136827.8,1971.747419053268,2688.1150381096086,2559.736126390955
OPATOWSKI,1939,166413.0,38600.0,205013.0,1060.2145035371946,1938.2944088799609,2076.539049656786
NIEŚWIESKI,1939,111099.40000000001,14485.0,125584.40000000001,3050.1073022115643,3548.785207037162,3346.6498972563154
JĘDRZEJOWSKI,1939,94270.91016979376,22307.0,116577.91016979376,540.2206649364392,1818.5764256464558,2036.7770239063032
GARWOLIŃSKI,1939,155517.80000000002,17283.0,172800.80000000002,1489.7311364660022,1954.518144759501,1796.1499056096952
GORLICKI,1939,102648.79999999999,11690.0,114338.79999999999,1001.3857226948885,2279.741483404905,2718.2168189847716
JANOWSKI,1939,148326.40000000002,20686.0,169012.40000000002,1396.7599231982338,2299.525151572855,2258.89802677874
BIALSKI (BIAŁA KRAKOWSKA),1939,109686.20000000001,53049.0,162735.2,384.08790367150294,1702.849627519512,2170.3933876326696
ŁUCKI,1939,297278.19999999995,55837.0,353115.19999999995,2269.368364342117,3090.9232660013477,2932.555026851541
SARNEŃSKI,1939,202845.19999999998,21526.0,224371.19999999998,2494.8785216054703,3283.415014639634,3125.046775489827
LIMANOWSKI,1939,92327.0,2587.0,94914.0,817.6166536174771,2095.972414327494,2543.522857727931
DUBIEŃSKI,1939,244529.59999999998,23481.0,268010.6,2225.8955714181097,3420.6340211989796,3375.7389811677076
ŁOMŻYŃSKI,1939,135973.0,48268.0,184241.0,1901.735657347007,2158.90075942943,1956.7654496485848
BRZESKI (BRZESKO),1939,102954.79999999999,3863.0,106817.79999999999,946.4559333799363,2224.811694089953,2663.287029669819
LUBACZOWSKI,1939,82527.20000000001,9909.0,92436.20000000001,2015.8616352306196,3023.7332781356727,2865.365038985866
KAMIONECKI,1939,79052.79999999999,9384.0,88436.79999999999,1852.4758334467795,3047.2142832276504,3114.166431691315
KOLSKI,1939,102123.79999999999,23932.0,126055.79999999999,1003.1710321548651,934.7466251924491,1103.5782734791414
LUBOMELSKI,1939,104164.0,7800.0,111964.0,1976.609011996505,2765.1455050306686,2606.7772658808617
LIPNOWSKI,1939,99774.20000000001,15225.0,114999.20000000001,1505.2973685478307,1046.8257585814313,870.3562232858472
TREMBOWELSKI,1939,73846.20000000001,12938.0,86784.20000000001,2201.436053723814,3396.174503504685,3463.1266519683495
BRZESKI (BRZEŚĆ N.BUG.),1939,224205.40937376503,65224.0,289429.409373765,1713.0168999609118,2321.6920439849396,2193.3131322662866
TŁUMACKI,1939,106834.0,15180.0,122014.0,2121.7678221552374,3316.506271936108,3434.937853125194
MOŁODECZAŃSKI,1939,91968.06666666664,8666.0,100634.06666666664,3052.9849422695333,3441.2396945704045,3239.104384789558
MORSKI,1939,83851.0,139769.0,223620.0,2023.8320890092841,1517.0652323284376,139.1433441613661
BYDGOSKI,1939,44578.799999999996,156981.0,201559.8,1397.21134612527,861.9847882167998,634.9408466884282
LWÓW (MIASTO),1939,1.0,318144.0,318145.0,1570.0374657988882,2764.7759155797594,2831.7280640434246
ROPCZYCKI,1939,99661.59999999999,17739.0,117400.59999999999,862.8111989649317,2141.166959674949,2423.099280324098
KOLBUSZOWSKI,1939,64360.0,6782.0,71142.0,1342.3285364631267,2303.1654158438246,2440.9423298087777
WŁODZIMIERSKI,1939,183938.19999999998,5141.0,189079.19999999998,2085.638200746024,2874.174693780187,2715.806454630381
ŁÓDZKI,1939,124720.40000000001,75022.0,199742.40000000002,1021.5076957932122,1158.5833573751588,1308.9822070525333
LESKI,1939,118231.20000000001,8322.0,126553.20000000001,1569.289615912956,2847.6453766229724,3223.4642023455494
GOSTYŃSKI,1939,40441.600000000006,16106.0,56547.600000000006,1094.4252845441877,475.3600207050955,1324.9405959151152
OBORNICKI,1939,36293.799999999996,15598.0,51891.799999999996,1412.6073600841025,525.5469116932034,1104.568875297695
WŁOCŁAWSKI,1939,76441.59999999999,89814.0,166255.59999999998,1197.6732805603417,1032.5447058465343,998.8491061152545
KRAKÓW (MIASTO),1939,1.0,259000.0,259001.0,496.75269520114506,1775.1084559111619,2222.658899311599
PRZEMYSKI,1939,121186.59999999999,58500.0,179686.59999999998,1282.7265811980585,2477.46503097893,2612.0053188175007
WILNO (MIASTO),1939,1.0,208770.0,208771.0,2752.8925808897075,3010.0576829721304,2807.922373191285
WYSOKOMAZOWIECKI,1939,75083.40000000001,23260.0,98343.40000000001,2064.8239135509843,2321.9890156334072,2119.853705852562
ZAMOJSKI,1939,137378.19999999998,28000.0,165378.19999999998,1739.0748401849917,2527.6113332191558,2369.2430940693494
ŚNIATYŃSKI,1939,63885.0,18000.0,81885.0,2421.5754382812015,3616.3138880620722,3734.7454692511583
SAMBORSKI,1939,112344.0,27893.0,140237.0,1466.075749648436,2660.8141994293073,2795.3544872678785
MIŃSKI,1939,97305.40000000001,23660.0,120965.40000000001,1478.870590376728,1741.1916516924564,1612.8127399738025
KARTUSKI,1939,65964.59999999999,5600.0,71564.59999999999,1971.0727834113495,1464.305926730503,274.30015056347634
BÓBRECKI,1939,101917.40000000001,5609.0,107526.40000000001,2020.975050814638,3215.7135005955097,3282.6656490591745
BIELSKI (BIELSK PODLASKI),1939,225234.40000000002,25953.0,251187.40000000002,1970.061592091446,2389.311476923989,2255.37376415439
STAROGARDZKI,1939,62397.799999999996,18731.0,81128.79999999999,1817.7030365563514,1321.1843605423805,384.8596817364997
SIEDLECKI,1939,114822.20000000001,49453.0,164275.2,1548.682176362911,1973.8809115951647,1845.5019998765106
KRAKOWSKI,1939,208863.0,16031.0,224894.0,492.35236042721385,1770.7081211372304,2217.789220851037
DZIAŁDOWSKI,1939,34261.799999999996,13642.0,47903.799999999996,1897.6375168266022,1430.8495618818106,1008.2409515087749
CIECHANOWSKI,1939,71519.40000000001,15200.0,86719.40000000001,1604.8655431273442,1490.266281809833,1067.6576714367973
HOROCHOWSKI,1939,132270.40000000002,12893.0,145163.40000000002,2245.1066331591473,3400.1690036790033,3250.0400102580084
KUTNOWSKI,1939,74550.40000000001,37418.0,111968.40000000001,1150.4237663936221,1077.3127625839018,1134.3079938330934
PIŃCZOWSKI,1939,115436.79999999999,15760.0,131196.8,828.4057835341252,2106.7615442441424,2333.860875499821
CHOJNICKI,1939,56387.799999999996,25475.0,81862.79999999999,1842.2249925824572,1216.728084691526,642.0835906879809
IWACEWICKI,1939,103592.40000000001,8203.0,111795.40000000001,2298.61454928113,2909.8205506296085,2781.441638910954
ŻYWIECKI,1939,133933.80000000002,13531.0,147464.80000000002,446.00257040273374,1766.5096571435804,2233.206040598345
TARNOGÓRSKI,1939,47770.36301133895,20348.0,68118.36301133895,187.644794629382,1345.6670068604803,1813.2107669736376
LUBAWSKI,1939,43746.799999999996,10749.0,54495.799999999996,1765.5339686297643,1298.7460136849727,828.0350915475203
TURECKI,1939,86341.20000000001,16839.0,103180.20000000001,1272.230649838699,1116.6589325739124,1783.451640985951
PRUŻAŃSKI,1939,126273.0,13579.0,139852.0,2006.727279510527,2617.933280859005,2489.5543691403514
ŁOWICKI,1939,90849.59999999999,19000.0,109849.59999999999,1120.9454687528964,1251.4577849363561,1308.8141314067511
RZESZOWSKI,1939,150713.40000000002,51802.0,202515.40000000002,1034.123113273098,2310.4111028746793,2588.698568365577
WARSZAWSKI,1939,365788.60000000003,70968.0,436756.60000000003,1270.2663201665691,1524.6583666194924,1371.4219609644883
IŁŻECKI,1939,163378.40000000002,18305.0,181683.40000000002,1172.7511252594438,2031.1667901907438,2165.7070780293157
BRZOZOWSKI,1939,82175.79999999999,4750.0,86925.79999999999,1378.0670776944978,2577.374737386735,2728.523344927525
PIOTRKOWSKI,1939,166038.19999999998,70187.0,236225.19999999998,850.7071429620843,1488.4739351350943,1623.0142229736653
SĘPOLEŃSKI,1939,24728.600000000002,5873.0,30601.600000000002,1599.901607310804,949.0101524039197,599.531777069746
POZNAŃSKI,1939,89099.59999999999,13981.0,103080.59999999999,1286.5201690331146,413.0919387721746,1125.756027643206
TARNOPOLSKI,1939,109044.20000000001,43158.0,152202.2,2079.6531016266217,3274.3915514074934,3341.3436998711572
WILEŃSKO-TROCKI,1939,243401.78622250765,12263.0,255664.78622250765,2896.1585148805893,3158.0731307615865,2955.93782098074
KROTOSZYŃSKI,1939,44519.0,30040.0,74559.0,1031.6530451294147,647.4578515953687,1302.0740656602104
GRODZIEŃSKI,1939,189815.59999999998,73343.0,263158.6,2435.6597848014817,2694.9230497663634,2492.7877399855183
KOSOWSKI (KOSÓW HUCULSKI),1939,90536.0,15724.0,106260.0,2669.0861879658764,3863.8246377467476,3982.256218935834
TURCZAŃSKI,1939,118063.20000000001,10145.0,128208.20000000001,1659.0609820529846,2853.799431833856,2988.3397196724263
PŁOCKI,1939,99703.59999999999,39987.0,139690.59999999998,1416.8454570704364,1350.7123374763137,1144.6782009990573
RADZYMIŃSKI,1939,90464.0,23279.0,113743.0,1391.119557518266,1648.2846596006889,1453.5995332381406
WYRZYSKI,1939,48074.799999999996,20801.0,68875.79999999999,1525.1035358553474,865.523724484385,788.990914517583
DROHOBYCKI,1939,133956.59999999998,48666.0,182622.59999999998,1616.0832356804922,2810.821685461363,2945.3619732999337
KONIŃSKI,1939,177852.19999999998,41459.0,219311.19999999998,1154.89446135162,868.9787151079796,1228.778956238144
ŁASKI,1939,130802.59999999999,59420.0,190222.59999999998,863.1132629082462,1235.0713624048387,1413.8542089912053
RYPIŃSKI,1939,86588.59999999999,9100.0,95688.59999999999,1529.02712593991,1186.1322475312256,763.5236371581904
KOSZYRSKI,1939,97852.79999999999,21168.0,119020.79999999999,2507.594896307294,3150.3393501615747,3016.626798582806
WĘGROWSKI,1939,85140.0,10103.0,95243.0,1857.455231227414,2276.705116059957,2109.185390610897
WOŁOŻYŃSKI,1939,128470.59999999999,6806.0,135276.59999999998,3270.35954344081,3763.4818682467785,3561.3465584659316
GRÓJECKI,1939,106252.79999999999,31055.0,137307.8,1322.6649705128928,1692.6831304444975,1616.3504637552626
PSZCZYŃSKI,1939,162779.15449708485,25830.0,188609.15449708485,238.15553567353805,1559.5946853129064,2027.1384454260635
BRZEZIŃSKI,1939,101617.40000000001,71666.0,173283.40000000002,973.7171098113901,1306.7830151448968,1436.232712087559
ŁÓDŹ (MIASTO),1939,1.0,672000.0,672001.0,971.7706936615,1178.7905898775439,1313.330877716115
STOŁPECKI,1939,102821.0190438399,6556.0,109377.0190438399,2908.4977296803218,3407.175634505919,3205.040324725073
WĄBRZESKI,1939,28960.399999999998,22234.0,51194.399999999994,1497.1189237744757,1030.3309688296843,713.1298366644395
BRODNICKI,1939,47356.0,13167.0,60523.0,1587.6404485714397,1120.852493626648,698.2438832536124
KOSTOPOLSKI,1939,180426.80000000002,17785.0,198211.80000000002,2627.0202627235376,3526.989095560641,3368.620856410833
GRUDZIĄDZKI,1939,44603.399999999994,63992.0,108595.4,1550.5537554807715,1083.7658005359801,535.3744652739746
OSTROWSKI (OSTRÓW MAZOWIECKA),1939,86226.20000000001,21728.0,107954.20000000001,1738.427798172622,1995.592900255045,1793.4575904742
NIESZAWSKI,1939,107665.40000000001,22847.0,130512.40000000001,1203.0096907995319,951.3722704866522,931.8634670831699
SZUBIŃSKI,1939,34870.600000000006,13441.0,48311.600000000006,1415.9742345123482,788.7878127774791,740.0927980161296
KONECKI,1939,154143.0,48862.0,203005.0,929.9231854468184,1588.164259360574,1722.704547199145
RAWICKI,1939,28717.399999999998,20519.0,49236.399999999994,1074.3402697771326,469.66298325956006,1404.9043095700454
NOWOTOMYSKI,1939,56868.200000000004,30770.0,87638.20000000001,1480.8888129379848,230.17917093268431,1372.2971251080298
BIALSKI (BIAŁA PODLASKA),1939,113070.2727402493,28570.0,141640.2727402493,1617.998255661668,2229.204257010146,2100.8253452914923
OLKUSKI,1939,142183.0,20992.0,163175.0,437.25757842697135,1715.613339136988,2140.9308588912627
KOZIENICKI,1939,140153.0,18190.0,158343.0,1217.7834066735015,2076.1990716048017,1930.2370752866402
SANOCKI,1939,104280.79999999999,21698.0,125978.79999999999,1524.1476840502432,2802.503444760259,3193.3904024644994
WRZESIŃSKI,1939,31798.0,12182.0,43980.0,1218.203505749358,661.4978965196004,1076.6441797009795
BRODZKI,1939,85873.40000000001,13628.0,99501.40000000001,1929.2350420612306,3123.9734918421027,3190.9256403057666
CHEŁMSKI,1939,161009.19999999998,30900.0,191909.19999999998,1661.107669260763,2449.644162294927,2291.275923145121
DROHICKI,1939,120749.79999999999,3457.0,124206.79999999999,2254.496198499239,2865.702199847717,2737.3232881290633
OSTROWSKI (OSTRÓW WIELKOPOLSKI),1939,79303.79999999999,37204.0,116507.79999999999,872.9974432364044,703.5581530203818,1391.0130260468536
TOMASZOWSKI,1939,127184.59999999999,11200.0,138384.59999999998,2052.1332725133284,2845.7813794825797,2687.4131403327733
KĘPIŃSKI,1939,80867.79999999999,7778.0,88645.79999999999,718.4073098332424,866.311095339817,1553.765968366289
BOCHEŃSKI,1939,99656.59999999999,20115.0,119771.59999999999,547.781346844204,1826.1371075542202,2264.612443134087
GNIEŹNIEŃSKI,1939,51169.799999999996,39063.0,90232.79999999999,1356.7408290709654,664.4005692955204,989.7815997006506
LUBLINIECKI,1939,39968.204568090565,11576.0,51544.204568090565,322.4186670087299,1311.6883750811128,1779.2321351942699
ZŁOCZOWSKI,1939,105035.20000000001,21036.0,126071.20000000001,1912.6360852781875,3107.37453505906,3174.326683522723
BRASŁAWSKI,1939,153961.59999999998,4500.0,158461.59999999998,3491.6847750579573,3748.8498771403797,3546.7145673595332
ŁUKOWSKI,1939,115625.0,22948.0,138573.0,1499.7047766404935,2116.0128135687046,1987.3166023960082
SŁONIMSKI,1939,142754.0,18500.0,161254.0,2419.4392229060218,2807.6939752068924,2605.558665426047
PRZASNYCKI,1939,66788.0,11856.0,78644.0,2001.1023586192528,2209.8970742394745,1985.7379832489721
ŻNIŃSKI,1939,33216.399999999994,8813.0,42029.399999999994,1386.3712953525985,714.9859096024803,824.1535755915668
TARNOBRZESKI,1939,65087.200000000004,11591.0,76678.20000000001,1095.5602871770373,2002.481227277075,2137.021515115647
AUGUSTOWSKI,1939,69789.59999999999,17861.0,87650.59999999999,2605.240935942287,2862.4060380247097,2660.2707282438637
HRUBIESZOWSKI,1939,130790.59999999999,18274.0,149064.59999999998,1941.4089152094755,2729.94540824364,2571.5771690938327
PUŁTUSKI,1939,86306.40000000001,42762.0,129068.40000000001,1715.8140368646373,1736.4577017000452,1438.3602028609844
SOCHACZEWSKI,1939,69957.40000000001,12984.0,82941.40000000001,1296.5026005672923,1427.0149167507523,1484.371263221147
NOWOGRÓDZKI,1939,167401.7809561601,15136.0,182537.7809561601,2652.9323300473543,3151.610234872952,2949.474925092106
TUCHOLSKI,1939,36687.200000000004,6000.0,42687.200000000004,1642.9552947394384,1098.07713478577,612.7928488930143
POSTAWSKI,1939,106568.06666666664,4300.0,110868.06666666664,3483.8600413683944,3741.0251434508177,3538.8898336699704
INOWROCŁAWSKI,1939,48580.0,44414.0,92994.0,1289.4334872590418,822.6455323142503,850.3457237484336
BIAŁOSTOCKI,1939,133282.40000000002,133674.0,266956.4,2009.7121048700542,2266.877206952477,2064.741897171632
DĄBROWSKI,1939,59835.200000000004,8853.0,68688.20000000001,810.4901267369416,2088.8458874469584,2527.321223026824
ROHATYŃSKI,1939,124324.79999999999,18390.0,142714.8,2089.1904410810357,3283.9288908619064,3350.881039325571
ŚWIĘCIAŃSKI,1939,132961.06666666665,13330.0,146291.06666666665,3174.218456003639,3431.383558086062,3229.2482483052154
ŚREMSKI,1939,40726.200000000004,20316.0,61042.200000000004,1375.3285776727143,504.15929394472835,1330.9122937517488
SKAŁACKI,1939,78626.59999999999,15889.0,94515.59999999999,2275.436758124402,3470.175207905272,3537.1273563689374
ŁUNINIECKI,1939,121419.20000000001,9300.0,130719.20000000001,2728.883840135087,3340.089841483565,3211.71092976491
MAKOWSKI (MAKÓW MAZOWIECKI),1939,59460.799999999996,11876.0,71336.79999999999,1959.0920182791683,1731.4294635537183,1308.8208531806827
ZALESZCZYCKI,1939,74011.79999999999,9567.0,83578.79999999999,2531.9559624730473,3726.694412253918,3844.399760661812
OPOCZYŃSKI,1939,130785.40000000001,10047.0,140832.40000000002,996.7033624616561,1450.158746051056,1584.6990338896271
KALISKI,1939,136698.19999999998,87787.0,224485.19999999998,1017.1823857866897,845.2099151789895,1532.664788205461
WIELUŃSKI,1939,215154.59999999998,25977.0,241131.59999999998,533.2182287857705,990.1285581729359,1677.5834311994076
NOWOTARSKI,1939,112400.79999999999,34622.0,147022.8,658.5544939677858,1936.9102546778026,2384.4606980782396
M. ST. WARSZAWA,1939,1.0,1289000.0,1289001.0,1235.4722149880013,1492.6373170704246,1393.381603357346
TCZEWSKI,1939,37974.200000000004,33116.0,71090.20000000001,1887.2469837272008,1390.7283077132295,362.6736129011946
CHORZÓW,1939,19532.541811576684,109500.0,129032.54181157668,91.71098296144216,1374.529064895591,1842.0728250087484
PODHAJECKI,1939,101465.59999999999,6199.0,107664.59999999999,2013.393767874928,3208.1322176557996,3275.0843661194644
POZNAŃ (MIASTO),1939,1.0,272000.0,272001.0,1250.7518585655253,350.7587013791933,1108.6468334542033
OSTROŁĘCKI,1939,110981.79999999999,15000.0,125981.79999999999,1836.2655020105537,2093.430604092977,1891.2952943121318
RADZIECHOWSKI,1939,63664.399999999994,9300.0,72964.4,2088.781740154816,3283.520189935687,3311.828542549569
SUWALSKI,1939,96271.20000000001,26471.0,122742.20000000001,2651.0898204622954,2908.2549225447183,2706.1196127638727
