District,Roman Catholic,% Roman Catholic,Greek Catholic,% Greek Catholic,Evangelical,% Evangelical,Orthodox,% Orthodox,Mosaic (Jewish),% Mosaic (Jewish),Other Christian denominations,% Other Christian,Other or unknown,% Other
AUGUSTOWSKI,56400.0,0.904077969,23.0,0.000368684,289.0,0.004632598,683.0,0.01094832,4036.0,0.064696076,932.0,0.014939728,21.0,0.000336625
BIAŁOSTOCKI,111882.16165252219,0.599088435605256,409.1169968173398,0.002190673644343547,3299.553224934063,0.0176679117149023,18035.651703068026,0.09657437984204519,50362.795220258886,0.2696745198147801,44.362083992241665,0.00023754318659303464,72.95098256501963,0.00039062589438528477
BIELSKI (BIELSK PODLASKI),66674.0,0.629867752,27.0,0.000208952,246.0,0.0070122,62730.0,1.162957206,17326.0,0.199097326,79.0,0.000611379,13.0,0.0002451848
GRODZIEŃSKI,57548.78565478529,0.3825288362834011,17.66155592700566,0.00011739729180238174,304.8942286346241,0.0020266430924012475,52194.545542177264,0.34693901076644706,29581.247066584274,0.19662760708583013,23.23888937763903,0.00015446982724874175,174.75644811984552,0.0011616126175416387
ŁOMŻYŃSKI,117331.53756208518,1.3493954866208742,22.98090418241324,0.0002667369325116056,874.3484030402207,0.009268989256656163,340.7177519001379,0.0037732881604101024,20307.62161440307,0.2188425320600177,1.5817420152011032,1.895572801360021e-05,17.581742015201105,0.00017602681801360021
OSTROŁĘCKI,91047.46243791482,1.285314185379126,7.019095817586762,0.00010593416748839443,162.65159695977937,0.0023840587433438362,163.2822480998621,0.0023246568395898976,9008.37838559693,0.1271544189399823,71.4182579847989,0.0009681615819863999,0.4182579847988968,6.570581986399789e-06
OSTROWSKI (OSTRÓW MAZOWIECKA),78238.0,0.828292239,0.0,0.0,1233.0,0.013053559,173.0,0.001831521,14799.0,0.156674466,0.0,0.0,14.0,0.000148216
SOKÓLSKI,72225.0,0.800152885,26.0,0.000288044,31.0,0.000343437,9357.0,0.10366259,8413.0,0.093204378,0.0,0.0,212.0,0.002348666
SUWALSKI,71039.0,1.605713221,16.0,0.000373429,6079.0,0.095727807,655.0,0.017635562,8099.0,0.146272396,4224.0,0.134147679,4.0,0.0001299062
SZCZUCZYŃSKI (WOJ. BIAŁOSTOCKIE),50561.0,0.86907422,11.0,0.000189075,144.0,0.002475162,151.0,0.002595483,7278.0,0.125098835,33.0,0.000567225,0.0,0.0
WOŁKOWYSKI,53308.0,0.462498156,26.0,0.000225575,260.0,0.00225575,47954.0,0.416047058,13672.0,0.118617746,0.0,0.0,41.0,0.000355714
WYSOKOMAZOWIECKI,62002.0,0.873575203,20.0,0.000281789,81.0,0.001141247,740.0,0.010426206,8114.0,0.114321944,0.0,0.0,18.0,0.00025361
BIAŁYSTOK (MIASTO),1608.8383474778104,0.008614746394743963,5.8830031826602225,3.150135565645296e-05,47.446775065936784,0.0002540602850977046,259.3482969319729,0.0013887161579548167,724.2047797411152,0.0038778541852199024,0.6379160077583375,3.4158134069653606e-06,1.0490174349803771,5.6171056147152645e-06
BĘDZIŃSKI,106166.71374464639,0.2747358233522985,26.1438613267656,6.765457421728058e-05,411.92522968513606,0.0010659706720829113,304.16150860651686,0.0007871023928273087,16081.6629917324,0.041615764345394726,196.71661510505336,0.0005090589205138078,17.85434432071797,4.6203217171092244e-05
CZĘSTOCHOWSKI,197259.55443590024,0.8397883045168248,33.12961169530339,0.00014104152659000232,1244.309239261836,0.005297367420458716,859.421103389929,0.003658792416414515,29394.73517682992,0.12514149173542585,54.566419262852634,0.00023230386280712336,33.12961169530339,0.00014104152659000232
IŁŻECKI,126405.0,0.921050714,5.0,3.64325e-05,492.0,0.003584961,51.0,0.000371612,10242.0,0.074628388,45.0,0.000327893,0.0,0.0
JĘDRZEJOWSKI,91053.51735239707,0.9039659388532426,2.063724631667222,2.0363057119517346e-05,9.191173895001667,9.099377295166783e-05,24.60538400083861,0.00024329024502508847,10413.257685775994,0.1035845965858842,6.063724631667222,6.023585711951735e-05,0.023896736875208387,1.5999661895847855e-07
KIELECKI,154548.0,0.859239656,71.0,0.000394738,857.0,0.004764658,164.0,0.00091179,24214.0,0.134622441,0.0,0.0,12.0,6.67163e-05
KONECKI,125537.0,0.866035211,9.0,6.20878e-05,161.0,0.001110682,79.0,0.000544993,19135.0,0.132005574,0.0,0.0,35.0,0.000241453
KOZIENICKI,108794.0,0.875556307,3.0,2.41435e-05,2369.0,0.019065324,68.0,0.000547253,13021.0,0.104790877,0.0,0.0,2.0,1.60957e-05
MIECHOWSKI,139798.4826476029,0.9359959471467575,7.936275368332778,5.313594288048266e-05,23.80882610499833,0.00015940802704833218,75.39461599916139,0.0005047917549749115,8251.742314224006,0.0552480774141158,7.936275368332778,5.313594288048266e-05,2.9761032631247915,1.9926003381041522e-05
OLKUSKI,124456.0,0.913512284,6.0,4.40403e-05,105.0,0.000770704,66.0,0.000484443,11592.0,0.085085768,12.0,8.80805e-05,2.0,1.46801e-05
OPATOWSKI,137603.0,0.846266913,4.0,2.46002e-05,39.0,0.000239852,21.0,0.000129151,24915.0,0.153228782,0.0,0.0,18.0,0.000110701
OPOCZYŃSKI,111169.0,0.906976365,1.0,8.15854e-06,1312.0,0.010704,33.0,0.000269232,10053.0,0.082017769,0.0,0.0,3.0,2.44756e-05
PIŃCZOWSKI,105712.0,0.87799206,1.0,8.30551e-06,9.0,7.47496e-05,27.0,0.000224249,14639.0,0.121584359,13.0,0.000107972,1.0,8.30551e-06
RADOMSKI,157599.9495666526,0.8147268622233247,9.864979285205193,5.099789826300391e-05,1488.6253741374635,0.007695580569077075,248.59747798717083,0.0012851463654091073,31449.553961234153,0.16258124718076666,2.9594937855615577,1.529939907383903e-05,27.62194199857454,0.0001427936021574881
SANDOMIERSKI,95722.0,0.855707428,8.0,7.15161e-05,151.0,0.001349865,51.0,0.000455915,15904.0,0.142173909,0.0,0.0,27.0,0.000241367
STOPNICKI,122434.0,0.870647969,3.0,2.13335e-05,206.0,0.001464899,46.0,0.000327113,17916.0,0.127403573,1.0,7.11116e-06,18.0,0.000128001
WŁOSZCZOWSKI,82480.0,0.909141012,0.0,0.0,495.0,0.005456169,42.0,0.000462948,7706.0,0.084939872,0.0,0.0,0.0,0.0
ZAWIERCIAŃSKI,219859.3303124727,0.568947008008224,54.14099806187784,0.00014010501837480918,853.0508475115386,0.0022075054396105713,629.8842945247738,0.0016300005799424425,33303.31636879412,0.08618157006749723,407.37799761193446,0.0010542038027375586,36.97434013981901,9.56816692089645e-05
CZĘSTOCHOWA (MIASTO),5182.445564099769,0.02206309948317522,0.8703883046966151,3.7054734099976747e-06,32.690760738164045,0.00013917357954128354,22.578896610071016,9.612458358548529e-05,772.264823170082,0.003287744264574161,1.433580737147366,6.103137192876645e-06,0.8703883046966151,3.7054734099976747e-06
SOSNOWIEC,6964.95594288089,0.01802375563947752,1.7151406113565622,4.438407407910241e-06,27.023922803325345,6.993188830651732e-05,19.95419686870927,5.163702723024877e-05,1055.0206394734755,0.002730158587108041,12.90538728301218,3.339627674863362e-05,1.171315539463018,3.031113619943263e-06
RADOM (MIASTO),2157.0504333474096,0.01115106277667526,0.1350207147948077,6.980017369960901e-07,20.374625862536487,0.00010532843092292487,3.4025220128291545,1.7589634590892865e-05,430.446038765847,0.0022252288192333323,0.040506214438442316,2.094009261609714e-07,0.37805800142546164,1.9543978425118826e-06
BIALSKI (BIAŁA KRAKOWSKA),100687.67775498025,1.40626638919304,118.94956924363385,0.0018677656998103032,1777.3102287076133,0.022449406823266987,25.17654553107271,0.00033926612695091025,5608.0560572423865,0.09077497580918685,3.5220681913840886,4.703030171374943e-05,21.83102287076133,0.00032335678674033706
BOCHEŃSKI,102445.0,0.945282584,47.0,0.000433679,193.0,0.001780854,5.0,4.61361e-05,5669.0,0.052309112,15.0,0.000138408,1.0,9.22722e-06
BRZESKI (BRZESKO),91627.0,0.952493321,56.0,0.000582139,16.0,0.000166325,15.0,0.00015593,4464.0,0.046404774,5.0,5.19767e-05,14.0,0.000145535
CHRZANOWSKI,105655.0,0.905603936,131.0,0.001122844,172.0,0.001474269,22.0,0.000188569,10652.0,0.091301814,7.0,5.99993e-05,29.0,0.000248569
DĄBROWSKI,58858.0,0.923740917,28.0,0.000439443,12.0,0.000188333,1.0,1.56944e-05,4815.0,0.07556853,1.0,1.56944e-05,2.0,3.13888e-05
GORLICKI,67244.61269463383,0.9350042143229202,20158.436508223378,0.27386207669295753,28.124336182844196,0.0003674091613200387,22.84325213713315,0.00029796763504423134,5220.429030231912,0.07138299927064,2.1243361828441976,3.4456061320038724e-05,9.686504274266296,0.0001349223263052718
JASIELSKI,91886.83182933275,1.2502435302502681,6857.482742021871,0.08057177357568249,22.41008971587416,0.00026671490553908624,39.82449949729082,0.000474838713901482,6015.4080430508475,0.08051121192737953,2.4165698141879117,3.220485988205204e-05,12.414409781416662,0.00014947480836239568
KRAKOWSKI,130774.0416651895,2.353435545692558,96.70316549707715,0.0017923573619094283,145.28164796425312,0.002592251513019848,85.63797475449638,0.0015138671637003544,2727.8943491890645,0.04985180524961129,4.0,7.04677e-05,12.409493688624096,0.00023739352045040415
KRAKÓW (MIASTO),136241.0,0.741625205,810.0,0.004409219,743.0,0.004044506,586.0,0.003189879,45229.0,0.246203172,22.0,0.000119757,75.0,0.000408261
LIMANOWSKI,75350.0,0.964467655,18.0,0.000230397,32.0,0.000409595,2.0,2.55997e-05,2710.0,0.034687556,11.0,0.000140798,3.0,3.83995e-05
MIELECKI,65498.34022545796,0.8992084047362162,58.692943201075614,0.0008057795004772075,713.2684792401901,0.009792263992359076,8.953160827282721,0.00012291496061082207,6172.706992587699,0.08474336932558378,4.973978237379289,6.82863545070738e-05,3.9791825899034317,5.4629103501571986e-05
MYŚLENICKI,96672.42336119388,1.2210939256211693,46.00099509774136,0.0006253306960133717,86.40206139702804,0.001246178483160601,3.6987671177598394,4.9751968698641814e-05,2719.520303330565,0.03580821024842498,1.3367418722562276,1.5059132398996144e-05,3.263990055888358,3.879151118468175e-05
NOWOSĄDECKI,122469.52735208877,1.199601728957242,20702.94755786555,0.2142845912494445,1417.2256333908008,0.010861561685291593,37.669225043100674,0.0003073885417891118,15027.464460902862,0.13103950110810206,10.2256333908009,0.00010402248529159258,22.338450086201348,0.0002095541948598932
NOWOTARSKI,104501.18328195607,2.020782718812432,1941.2767899882997,0.0249899123845941,86.03490454013622,0.0014406038205873586,42.20698090802725,0.0005376297537684263,3662.11074085663,0.054911863022331656,8.206980908027246,0.00010429275376842633,49.41396181605449,0.000723433517885898
ROPCZYCKI,97012.16817066727,1.487490775749732,80.51725797812935,0.0012246004243175231,0.5899102841258378,1.245719446091373e-05,3.175500502709176,5.1200986098518045e-05,6588.591956949153,0.09888058607262049,3.5834301858120887,5.1887140117947965e-05,2.5855902185833384,3.874379163760431e-05
TARNOWSKI,97153.8599532774,0.9629460007198377,1522.6159339110748,0.028176238057598002,39.6500304263549,0.0003724119533883687,403.4875228197662,0.0037283007231666567,17658.106508865225,0.16702266162125798,11.650030426354903,0.00011402595338836868,14.975045639532354,0.000147968478834835
WADOWICKI,130341.33963080507,1.6372283823529157,130.82708091599642,0.00189496679876377,144.23816354551855,0.0021851749864274577,71.3941462515847,0.000835616167933218,6103.592995322104,0.09153509350552425,2.019268264779273,2.6392054020107683e-05,14.16358406208326,0.00021674753287562008
ŻYWIECKI,104628.33430587524,0.9527740133278856,59.24239925725155,0.0005393890589090288,207.7329938454508,0.0018911443735377472,3.88558543705912,3.537921894844922e-05,1850.8255540592502,0.016854999164920996,2.9149407635531652,2.6542858098720414e-05,2.9179475065884666,2.6576730863058907e-05
BIALSKI (BIAŁA PODLASKA),66297.61594854701,1.0710932347161528,1004.5169994589334,0.016781550172269535,234.61674254538647,0.0039162742509067615,11708.516531703062,0.19359904781425993,15493.06105411154,0.2544057221892444,1.0,1.68011e-05,15.544378217341611,0.0002603490319354547
BIŁGORAJSKI,65889.0,0.723927661,17.0,0.00018678,10.0,0.000109871,15883.0,0.174507779,9056.0,0.099498989,160.0,0.001757933,1.0,1.09871e-05
CHEŁMSKI,68770.0,0.566124717,401.0,0.003301091,7476.0,0.061543527,24701.0,0.203342251,19912.0,0.163918502,201.0,0.001654661,14.0,0.00011525
GARWOLIŃSKI,117391.0,0.852036261,9.0,6.53229e-05,1273.0,0.009239568,126.0,0.000914521,17772.0,0.128991051,1202.0,0.008724243,4.0,2.90324e-05
HRUBIESZOWSKI,51323.04355244921,0.4949195687269143,397.9223904205256,0.0038365250353052053,273.1117779653518,0.0026302233872533987,38695.508806023696,0.37290234377301734,14090.504490080488,0.1358344502913066,3.0,2.88903e-05,1.0,9.63011e-06
JANOWSKI,117368.0,0.892518745,12.0,9.12534e-05,15.0,0.000114067,697.0,0.0053003,13407.0,0.101952822,0.0,0.0,3.0,2.28133e-05
KRASNOSTAWSKI,102016.0,0.871335839,350.0,0.002989409,61.0,0.000521011,4149.0,0.035437308,10493.0,0.08962248,4.0,3.41647e-05,7.0,5.97882e-05
LUBARTOWSKI,83732.0,0.87000613,14.0,0.000145465,1215.0,0.012624295,1197.0,0.012437268,9669.0,0.100464449,416.0,0.004322392,0.0,0.0
LUBELSKI,127889.72725187546,0.9141510167576814,46.84860978183009,0.0003348718691626585,665.8483262609043,0.004759458916639656,907.0688276907529,0.00648369408984983,9577.051974123906,0.06845641166095913,359.8371942817163,0.0025721033065995978,2.9903367945848998,2.137482772979971e-05
ŁUKOWSKI,107604.0,0.872891874,22.0,0.000178466,411.0,0.003334063,932.0,0.007560455,14185.0,0.115069804,114.0,0.000924777,5.0,4.05604e-05
PUŁAWSKI,129281.0,0.867535448,8.0,5.36837e-05,67.0,0.000449601,206.0,0.001382356,19296.0,0.129485106,153.0,0.001026701,10.0,6.71046e-05
RADZYŃSKI,70670.43143098919,0.7996111318722045,18.918200478877292,0.00021405246855516223,753.7409348689531,0.008528313823235502,1853.9836469299746,0.020977174776333044,14701.433161611749,0.16634155752907478,0.0,0.0,1.9913895240923465,2.2531875478771467e-05
SIEDLECKI,100771.15270706164,1.150309890574274,80.20435156941217,0.001107697082540916,537.5326089975332,0.005482874452466482,2669.4827298103355,0.03659584490303187,22103.062175113817,0.2415985192144597,1775.0,0.018027076,13.453260899753325,0.0001389963452466482
SOKOŁOWSKI,67224.0,0.883607829,11.0,0.000144587,130.0,0.00170875,420.0,0.005520577,8294.0,0.109018257,0.0,0.0,0.0,0.0
TOMASZOWSKI,57280.956447550794,0.6171918292730857,382.0776095794744,0.004116815964694796,10.888222034648235,0.00011731861274660116,22161.491193976304,0.23878601422698267,12030.495509919514,0.1296263887086934,0.0,0.0,0.0,0.0
WĘGROWSKI,68985.0,0.833434012,4.0,4.83255e-05,1285.0,0.015524574,185.0,0.002235055,9325.0,0.11265887,2988.0,0.036099164,0.0,0.0
WŁODAWSKI,40881.0,0.532873641,133.0,0.001733622,2017.0,0.026291092,20104.0,0.262050627,13562.0,0.176777288,17.0,0.000221591,4.0,5.2139e-05
ZAMOJSKI,119769.0,0.839812361,126.0,0.000883504,34.0,0.000238406,5441.0,0.038151935,17225.0,0.120780569,0.0,0.0,19.0,0.000133227
LUBLIN (MIASTO),56023.27274812454,0.5919681662423186,57.15139021816991,0.0006048191308373415,595.1516737390957,0.006296361083360344,516.9311723092471,0.00546517491015017,37367.948025876096,0.3956900113390409,276.1628057182837,0.002921076693400402,26.0096632054151,0.0002754580722702003
BÓBRECKI,17545.0,0.210672302,58643.0,0.704158211,130.0,0.00156098,27.0,0.000324204,6917.0,0.083056159,12.0,0.00014409,7.0,8.40528e-05
BRZOZOWSKI,62561.0,0.790840254,11890.0,0.150302754,4.0,5.05644e-05,7.0,8.84877e-05,4643.0,0.058692657,2.0,2.52822e-05,0.0,0.0
DOBROMILSKI,19377.273418317396,0.28245804314087003,51561.07537867364,0.7632976539258092,472.3177751809509,0.006755987986920078,7.31777518095087,0.00010591098692007814,7201.971207805702,0.10617838543210709,3.3177751809508704,4.870568692007813e-05,3.0,4.29037e-05
DROHOBYCKI,40453.193103267855,0.2542986326876091,99553.29767168479,0.6216831367621614,2259.5752113627386,0.013903192105964258,95.3025300650701,0.0005881606912795975,26812.417443310027,0.16593164579982364,13.339790451757418,8.286158468163413e-05,23.339790451757416,0.00014411248468163413
GRÓDECKI,18785.57692728001,0.2595979904717932,50281.710080564546,0.6938764379363376,770.6400916725245,0.010655229202149783,22.447926882587126,0.0003101860136845086,4604.632508624552,0.06355458837587118,89.35964939226179,0.0012361922760956699,2.054247629718382,2.8417035010015533e-05
JAROSŁAWSKI,73810.61746975112,0.5397351132365468,50246.15901057144,0.37035413785993976,105.33948877458742,0.0007849806937439094,26.257866557213084,0.00019529853056998592,12094.177617683397,0.08894570509524018,0.15401127286754646,1.8927754418512159e-06,3.8975075261550467,2.8298827770530254e-05
JAWOROWSKI,11072.740998429641,0.13696081360727466,60757.03210296999,0.751618120781766,300.6533015977969,0.0037193948620451033,14.57371962916305,0.00018026722824731324,5183.407190322182,0.06411890230534494,15.202885435926456,0.00018807731972135565,0.0,0.0
KOLBUSZOWSKI,62464.659774542044,0.9307649222637838,28.307056798924386,0.0004216154995227925,95.7315207598099,0.0014226850076409254,0.046839172717279,6.43039389177951e-07,4872.293007412301,0.07259384367441622,0.026021762620710553,3.5724549292620136e-07,0.020817410096568442,2.8579649842801155e-07
KROŚNIEŃSKI,84080.23009349819,1.14205339416525,12738.645110596517,0.16303801957534972,38.0,0.000469437,43.6636262950191,0.0007053774046567589,6245.990468682132,0.08442037385082644,1.0,1.23536e-05,17.0,0.000210011
LESKI,15265.0,0.164891549,66395.0,0.717194521,608.0,0.006567577,14.0,0.000151227,10294.0,0.111195126,0.0,0.0,0.0,0.0
LWOWSKI,70029.0,0.468261663,65084.0,0.43519602,2653.0,0.017739768,99.0,0.000661982,11567.0,0.077344852,106.0,0.000708788,13.0,8.69269e-05
LWÓW (MIASTO),111860.0,0.509872919,27269.0,0.124295768,2670.0,0.012170219,580.0,0.002643718,76854.0,0.350310865,77.0,0.000350976,78.0,0.000355534
ŁAŃCUCKI,81356.67102665939,0.8983614980884711,4655.7822738268005,0.0520458769946983,106.7406775647391,0.0011943279037032225,38.71324506234136,0.0004313068063188448,6879.934607491134,0.07538711596538177,0.0,0.0,1.164595014386467,1.2376747401021857e-05
MOŚCISKI,28475.0,0.338681669,49832.0,0.592701841,46.0,0.000547124,17.0,0.000202198,5684.0,0.0676055,19.0,0.000225986,3.0,3.5682e-05
NIŻAŃSKI,56049.0,0.919967173,877.0,0.014394748,61.0,0.001001231,1.0,1.64136e-05,3936.0,0.064604021,1.0,1.64136e-05,0.0,0.0
PRZEMYSKI,54962.0,0.374921553,68935.0,0.470237933,156.0,0.001064149,83.0,0.000566182,22427.0,0.152985075,15.0,0.000102322,18.0,0.000122786
PRZEWORSKI,51007.0,0.885107934,2958.0,0.051329215,5.0,8.67634e-05,7.0,0.000121469,3650.0,0.063337267,0.0,0.0,1.0,1.73527e-05
RAWSKI (RAWA RUSKA),17648.0,0.1655426,75253.0,0.705891733,513.0,0.004812067,27.0,0.000253267,13161.0,0.123453432,3.0,2.81407e-05,2.0,1.87605e-05
RUDECKI,21116.339543055165,0.2874418350989637,46273.80878044507,0.6298927187296034,246.74872336668716,0.003358815962454517,15.855339654084315,0.00021582783816503757,5136.139089194938,0.06991463847609973,3.9638349135210786,5.395690999332298e-05,5.9457523702816175,8.093536498998447e-05
RZESZOWSKI,152068.0988798424,1.3947859967462788,3237.5726155766833,0.040581160429952,26.2593224352609,0.00018484909629677747,74.62312864263954,0.0010460967890243962,17365.074923826734,0.14501935118379178,0.0,0.0,5.835404985613533,4.1077652598978146e-05
SAMBORSKI,34734.00321839538,0.35488553508589865,71822.45254126683,0.8010866942815557,310.07580048880686,0.0029582281660730423,22.348481786475645,0.00021848958075770244,9999.642541100704,0.10960555830716148,6.311221399788327,6.578278735566582e-05,5.660209548242582,5.389651531836587e-05
SANOCKI,41558.0,0.406765394,51285.0,0.501972261,26.0,0.000254485,20.0,0.000195758,9268.0,0.090714223,0.0,0.0,10.0,9.7879e-05
SOKALSKI,21267.54761333406,0.21401951903609184,64388.04298964362,0.6479495533056432,253.872513875114,0.002554768886049561,126.43846769466462,0.0012723751898735547,12895.728126370006,0.12977225086080013,0.9955784857847608,1.0018705418149205e-05,0.0,0.0
TARNOBRZESKI,65240.0,0.912549656,105.0,0.001468696,25.0,0.000349689,17.0,0.000237789,6105.0,0.08539417,0.0,0.0,0.0,0.0
ŻÓŁKIEWSKI,15287.035957846298,0.16880374512645333,61198.30180572737,0.6757688387912704,332.5287928611602,0.003671876744761978,29.723244054628843,0.00032821242051360206,7266.404319980045,0.08023767718769428,2.786554130121454,3.076987378590246e-05,0.9288513767071513,1.0256655557013377e-05
LUBACZOWSKI,30787.725061484078,0.3687463745854217,44716.29002544895,0.5432312356923533,163.61839458840404,0.0019983092796066874,35.86514727695243,0.00043746738933315467,8951.64359417493,0.10845938474744399,6.319618985423128,7.771101874780035e-05,0.1024924738449535,7.441722294697461e-07
TURCZAŃSKI,8810.530260019372,0.13776899008562216,83808.17440837475,1.204188677030474,39.031212967503386,0.0005146200410426219,9.031212967503384,0.00012320504104262192,12216.968807783564,0.17299216346090776,1.0312129675033845,1.882804104262192e-05,0.0,0.0
BRZEZIŃSKI,81652.0,0.65046324,23.0,0.000183225,14688.0,0.117008819,205.0,0.001633089,21820.0,0.173824375,7130.0,0.056799624,11.0,8.76292e-05
KALISKI,148439.0,0.823197649,30.0,0.000166371,10552.0,0.05851819,912.0,0.005057675,20266.0,0.112389086,67.0,0.000371562,54.0,0.000299468
KOLSKI,95727.0,0.828747792,1.0,8.65741e-06,9103.0,0.078808394,69.0,0.000597361,10501.0,0.090911452,104.0,0.000900371,3.0,2.59722e-05
KONIŃSKI,164313.0,1.710904417,29.0,0.0003096313,17900.0,0.187931366,469.0,0.004975474,9190.0,0.095673181,12.0,0.000123153,8.0,8.277870000000001e-05
ŁASKI,119131.0,0.797374903,14.0,9.37057e-05,14064.0,0.094134026,143.0,0.000957136,15453.0,0.103430966,574.0,0.003841932,25.0,0.000167332
ŁĘCZYCKI,101261.0,0.827147081,4.0,3.26739e-05,6328.0,0.051690056,106.0,0.000865857,12892.0,0.10530787,1802.0,0.014719577,29.0,0.000236886
ŁÓDZKI,75689.0,0.690378897,9.0,8.20913e-05,22150.0,0.202035865,142.0,0.001295219,9517.0,0.086807012,2099.0,0.019145521,28.0,0.000255395
ŁÓDŹ (MIASTO),241842.0,0.535079451,104.0,0.000230102,48988.0,0.108386766,1741.0,0.003851991,156155.0,0.345495537,2166.0,0.004792311,978.0,0.002163841
PIOTRKOWSKI,163294.0,0.82770611,9.0,4.56193e-05,11678.0,0.059193552,353.0,0.00178929,21776.0,0.110378387,115.0,0.000582913,60.0,0.000304129
RADOMSZCZAŃSKI,153029.0,0.900981472,15.0,8.83148e-05,3426.0,0.020171095,101.0,0.000594653,13199.0,0.077711116,66.0,0.000388585,11.0,6.47642e-05
SIERADZKI,133701.0,0.860228406,12.0,7.72077e-05,5490.0,0.035322503,97.0,0.000624095,15844.0,0.101939842,240.0,0.001544153,41.0,0.000263793
TURECKI,92144.0,0.902143158,2.0,1.95812e-05,4643.0,0.045457661,56.0,0.000548272,5248.0,0.051380961,46.0,0.000450367,0.0,0.0
WIELUŃSKI,163895.0,0.903694841,14.0,7.71941e-05,2159.0,0.011904434,161.0,0.000887732,15112.0,0.083325522,9.0,4.96248e-05,11.0,6.06525e-05
POŁUDNIOWO-WARSZAWSKI,51260.95809578362,0.28223514429025326,12.61711669157283,6.946779848487705e-05,2441.923584550082,0.013444865019145541,503.6616582014343,0.002773085387356948,7427.048690336655,0.04089221569068692,251.31932436997772,0.0013837263486310225,37.169343767065904,0.00020464895073100365
PÓŁNOCNO-WARSZAWSKI,44411.32472538619,0.24452209064390587,10.93118207897135,6.0185315902695333e-05,2115.6268883111848,0.011648324347323739,436.3609710983969,0.002402537919775299,6434.62555891881,0.03542808283813578,217.73732951896986,0.001198828942785211,32.20267152994263,0.0001773031824462083
PRASKO-WARSZAWSKI,42127.194190408794,0.23194601061995201,10.368977575404628,5.7089909074354844e-05,2006.817524796555,0.011049236310937509,413.9183751046658,0.0022789723594608376,6103.6846376300755,0.033605971781852914,206.53882359657325,0.001137171655790006,30.54644745186769,0.0001681842557877887
ŚRÓDMIEJSKO-WARSZAWSKI,12524.522988421415,0.06895814444588903,3.0827236540511986,1.697297653807281e-05,596.6320023421792,0.003284966322593216,123.05899559550325,0.0006775443334069165,1814.6411131144623,0.009991141689324407,61.40452251447928,0.00033808405279376073,9.081537251123802,5.0001611034999404e-05
BARANOWICKI,32978.36306736176,0.3125702143285877,181.0475246535133,0.0017379888941970207,216.1221726588137,0.002067914415740012,84536.14817951867,0.7992036834612614,14695.884849281418,0.1384708556034524,259.93243111180664,0.0024950772266731595,207.6372132665659,0.0019608111235474195
BRASŁAWSKI,77858.15913686538,0.9657584938397195,4.2350552822243195,5.49983138240496e-05,66.75817771413139,0.000721564977767129,38026.74687422156,0.24671876375606233,8327.934185909291,0.08606928153090179,9449.820936692664,0.11038846368582884,183.04083126089873,0.0019735279000176608
LIDZKI,91935.74970018161,0.5183067260317065,1.1194460050896362,9.44010158658672e-06,54.34619005947038,0.00030622082475167804,31858.961779060726,0.19040350784284657,10850.362976253538,0.060037630483529746,13.774448319364776,7.433826052188903e-05,176.970519046265,0.0011444999627102611
NIEŚWIESKI,15194.340489899389,0.13322992940313252,0.8102351884978077,7.1044581244722925e-06,25.927526031929848,0.00022734308130541135,67227.6442952286,0.5894783186344257,9583.46180955207,0.08403154696578086,0.8102351884978077,7.1044581244722925e-06,371.0877163319959,0.003253842128897682
NOWOGRÓDZKI,14941.732921038718,0.14092123170274606,1.0584705475105924,1.0094508273460242e-05,62.57380747585871,0.0006042201196676806,80795.79595233161,0.7768488204016766,8448.103856802249,0.07983488410395566,16.531658725061202,0.00016119596025858146,403.56661626971464,0.003907929588835946
SŁONIMSKI,15761.781605132004,0.1357007828816285,0.6630955660551958,5.708908014040887e-06,29.839300472483814,0.00025690112587006635,50919.77161294454,0.4383928815065619,10157.29788083349,0.08744907839542422,2.6523822642207833,2.2835618794252225e-05,147.20721566425348,0.001267377870879126
STOŁPECKI,36303.375331297815,0.393867548420674,1.771632682797638,1.5369160428645403e-05,26.805379583239123,0.0002668765933175243,46819.82111135079,0.4860646428505543,6894.76478858064,0.07327913739485846,4.59216131267162,4.847423307456062e-05,207.9474526128347,0.0018486282848369658
WOŁOŻYŃSKI,51409.95384109309,0.5040383778814264,3.2278013799055705,2.7219511069847024e-05,27.062687974341546,0.0002537039685742789,34986.23701377849,0.35824209901380694,5632.1988592771995,0.05871058435025604,3.8450756859439066,3.830696496149994e-05,204.58603554612765,0.00173700554240564
SZCZUCZYŃSKI (WOJ. NOWOGRÓDZKIE),48234.41053660993,0.25608783913688177,1.3384440729943394,8.896708197618268e-06,49.06912303391624,0.0002879777066730344,17316.51976834943,0.09545227964037742,7613.245851740857,0.0427052093537075,8.90103233120955,4.866435476763365e-05,72.6347188219404,0.0003954539914762545
BRZESKI (BRZEŚĆ N.BUG.),18053.799913402167,0.15861448483736895,30.360448492777103,0.0002692572766343878,2150.1097135881273,0.01841347647339126,73310.01709155663,0.6280990485063751,23919.443609162896,0.20537795906722114,7.0,5.99454e-05,16.010971358812718,0.0001371866473391256
DROHICKI,1640.0,0.025952652,1.0,1.58248e-05,28.0,0.000443094,54385.0,0.860631093,7118.0,0.112640841,20.0,0.000316496,0.0,0.0
KOBRYŃSKI,3926.6279051167576,0.06150614836342677,33.98168130613967,0.0005288003901743411,78.64160607418228,0.001283139188032279,61513.221494130456,0.9710268719981755,10391.065194978324,0.16184248088495198,3.356035134735204,5.5719983539121524e-05,6.0,9.30998e-05
KOSZYRSKI,2606.218875881561,0.03385157083500559,4.747198334444005,7.381720127268748e-05,187.78745535897775,0.0029930462122275472,59785.55851679947,0.8623052091430847,4734.079151988234,0.04995908208165009,20.13983168966969,0.00024014564501527439,2.3324148498677544,1.67957193338977e-05
ŁUNINIECKI,5648.553914696955,0.03146511149067351,4.806825381266319,2.6776260558831322e-05,220.5798758292211,0.0012287340562520221,81205.43980769513,0.45235263202491066,8768.717678847825,0.04884589668192737,12.818201016710184,7.140325467187505e-05,18.159118107006094,0.00010115483332336841
PIŃSKI,6278.615729749969,0.043879653260543196,4.392102029794035,3.0493455858615793e-05,140.59767031685197,0.0009603996589284255,92929.39228277805,0.6500259101149943,17118.021271724072,0.12119830560081346,55.0844205789006,0.00039363979247984617,14.456635709173245,9.981741778090331e-05
PRUŻAŃSKI,9831.0,0.152671874,1.0,1.55296e-05,32.0,0.000496948,45194.0,0.701846474,9281.0,0.144130573,49.0,0.000760952,5.0,7.76482e-05
STOLIŃSKI,6537.292189181759,0.03980001082260369,5.232287483179199,3.1553266127776874e-05,265.32855816036755,0.0016169779770699778,85283.78630580749,0.5128519278523388,10564.420888150908,0.06504601643728716,18.52958720784291,0.00011788674580787408,15.39985969439987,8.922370827922276e-05
IWACEWICKI,2738.0,0.056045688,0.0,0.0,31.0,0.000634557,40351.0,0.825967699,5715.0,0.116983604,1.0,2.04696e-05,17.0,0.000347983
BRODNICKI,53824.92561960406,0.8916481942413722,11.251400010802296,0.00018967748081528905,12654.285608705259,0.21300095288294318,18.676774534044768,0.000321952031485749,153.8562565750592,0.0025833320661382076,10.05615130697906,0.00016830333892447244,1.5647926808384387,2.8657987258536343e-05
CHEŁMIŃSKI,32742.109400182697,0.6950136021443479,15.385290358567302,0.0003229007700953394,14431.925119704183,0.3068909285656056,15.061755896769705,0.00031673953875705857,127.15633939241229,0.0027021663967784306,16.852307856883314,0.0003586462340308466,16.09240704958151,0.0003433706278855679
CHOJNICKI,64655.91986234491,0.9105819099608308,25.641960046345883,0.0003611591909160448,5172.308687842714,0.0728582758258083,8.00695754164754,0.00011452583573920698,157.8090013946856,0.0022228781673953543,4.930663148327344,6.943975125542775e-05,10.847687260415038,0.0001527737464783785
DZIAŁDOWSKI,13036.0,0.549416277,9.0,0.000379315,10578.0,0.445821216,24.0,0.001011506,55.0,0.002318034,6.0,0.000252876,19.0,0.000800775
GRUDZIĄDZ (MIASTO),25997.0,0.775659387,65.0,0.001939372,6907.0,0.206080678,105.0,0.003132832,297.0,0.008861439,128.0,0.003819071,17.0,0.00050722
GRUDZIĄDZKI,25668.36168797061,0.5898738758748827,7.82810664469979,0.0001798947832618541,16752.14821965755,0.3849741062094232,52.83971985172358,0.001214287096105856,59.6893131658359,0.0013716946645174796,3.914053322349895,8.994719592826093e-05,35.226479901149055,0.0008095250569083476
KARTUSKI,56425.56861262352,0.873533281210005,8.766706823726565,0.00013571635746613517,6459.883578181437,0.09999602320825653,7.890352279888445,0.0001228725213730419,45.84443443552013,0.0007101762686783746,7.7920730378016545,0.00012062449364979772,0.9746337859249109,1.5092350133780493e-05
KOŚCIERSKI,38437.182387854096,0.763308363343387,5.979521026634592,0.00011874591876134027,10986.654645832305,0.2192821363629015,10.755053448785155,0.00021449184959386916,60.66597438086332,0.001209676663641125,4.035147766786575,7.991911440481818e-05,8.664278941846597,0.00017339974374298216
LUBAWSKI,50687.61659555919,0.8665290470616472,2.8822163002838868,4.9272832687626504e-05,5367.647489895358,0.09176250093374594,42.272505737497006,0.0007226686610966132,88.3879665420392,0.0015110345605418975,7.685910134090364,0.00013139447669734182,1.921477533522591,3.2848619174335455e-05
SĘPOLEŃSKI,14986.0,0.537595064,14.0,0.000502224,12553.0,0.450315684,15.0,0.000538097,273.0,0.009793371,16.0,0.00057397,19.0,0.00068159
STAROGARDZKI,63304.9077337248,1.1421576138987497,11.213688045268349,0.00019843387603009208,7309.312239505511,0.12911244537400066,45.15957039943336,0.0009239690863386335,299.6299413493682,0.00494039500389495,8.29345169261973,0.0001568190948736341,13.960640423246467,0.0002993015815834567
ŚWIECKI,56667.49492458254,0.7538287391674088,39.574856038764004,0.000485226754014438,21902.263750284328,0.2692419278581167,31.215978576887014,0.00046531344283626806,290.7405967936543,0.003562354438504966,9.68891849863548,0.00013075577844631363,13.684635880330104,0.000210031193740696
TCZEWSKI,47261.57793281289,1.4702502521954264,21.000347807671485,0.0006052054720176437,6414.895987858066,0.19112782903192094,25.00313026904337,0.000858666915289203,115.0024346537004,0.003341183304471313,5.33391301278581,0.00017869940895694027,11.66852164091459,0.00042076499551437293
TORUŃ (MIASTO),33927.43921314733,0.8584377869027895,41.472736456821046,0.0010487591643757277,5322.925637282797,0.13433931215538128,106.51923512470509,0.0026983650863756795,354.58898312653116,0.008990244965500717,77.10849689172942,0.001955140810250109,11.061998223845384,0.0002801698882501573
TORUŃSKI,40426.23675681543,0.7542874789514435,59.36111770751791,0.0011042774701248619,12951.81955342903,0.24205241312724865,65.11537971790332,0.001211090003216947,77.88993342831633,0.0014597939100200288,14.114174505778912,0.0002639125650669795,8.28878527316457,0.00015558096788975096
TUCHOLSKI,34507.95739557811,0.9022919465997453,20.679881140417276,0.0005323487470152036,6806.906017695806,0.16192514382009549,308.96426879987405,0.00892445167156281,163.34830552430614,0.004248902908120963,2.8830266679268135,6.809909100118134e-05,6.159530922678304,0.0001575986055269022
WĄBRZESKI,28131.652529443243,0.5972750004452018,16.948480286842,0.00035984071762784777,15944.753620965688,0.3385298011476366,38.60487176447344,0.0008196360393295843,203.381763442104,0.0043180839036229815,11.298986857894665,0.0002398934978911524,1.8831644763157775,3.99822182624508e-05
MORSKI,62527.838091406375,1.7343977971677593,8.799555071267827,0.00023915831523162287,7372.104896756997,0.2168030866519549,115.30766011373493,0.0033223560463209174,101.53885577966241,0.002765639162474157,11.768278551236069,0.00035782313233990553,1.957943313142804,5.745110839651271e-05
GDYNIA (MIASTO),1483.2112563501873,0.03847074983500278,0.2141362343697967,5.464549558933314e-06,161.1649464029745,0.00440546484496074,2.6067859435892347,6.982317457856275e-05,2.4699000159415574,6.31046156990559e-05,0.24444674817489026,6.913116282818996e-06,0.04302269308386164,1.1729092537720737e-06
BYDGOSKI,31807.199191451477,0.6044697676358596,77.79991648948588,0.0014785235770537646,20343.680727173767,0.38661498907372116,43.88713237868434,0.0008340390432031315,181.53313847546704,0.0034498886789370597,7.9794786143062435,0.00015164300902110266,22.94100101613045,0.0004359747730498502
BYDGOSZCZ (MIASTO),63941.80080854852,0.7301923263641403,87.20008351051412,0.0009964654229462353,22635.31927282623,0.25866460692627885,110.11286762131566,0.0012572369567968684,745.466861524533,0.00850926632106294,219.02052138569377,0.0024991629909788976,39.05899898386955,0.0004461082269501497
CHODZIESKI,23504.0,0.563077955,24.0,0.00057496,17940.0,0.429782952,16.0,0.000383307,222.0,0.005318384,16.0,0.000383307,20.0,0.000479134
CZARNKOWSKI,31128.405943674552,0.8327911590435634,15.391653407484656,0.0003987141829996369,9780.547506003364,0.2591885142049874,4.059891689838954,0.00010352255793603265,485.3078371518365,0.013036502134871817,2.3179675069516863,6.19678167818929e-05,14.847913351871163,0.00040878874275532474
GNIEŹNIEŃSKI,71119.88000601655,1.6276241497438115,48.3320956276398,0.0010173993231904863,13588.3573440994,0.28881432760571574,84.70475007121027,0.0022164234967347245,519.2268372803104,0.010050729487896296,12.442710727008455,0.00023642231156393786,12.13071297055836,0.00024345017653719313
GOSTYŃSKI,50455.037488190595,1.0692197619362809,12.423347834014491,0.0002630674725936509,3855.790352254203,0.08257165396616198,11.274734388239665,0.0002338515977971359,78.89115297651031,0.0018357477069623766,15.289893377604814,0.00031601969468879294,0.0438790919639034,8.104257644794935e-07
INOWROCŁAWSKI,59562.88385367453,0.7900110600245959,34.69457994195009,0.00046017059732172326,12692.433828763407,0.16834583009602389,77.09906653766686,0.001022601541545681,286.2302845210882,0.0037964091144462976,4.818691658604179,6.391262044006335e-05,2.8912149951625072,3.8347533714504745e-05
JAROCIŃSKI,81737.95945658899,1.7395377575431765,8.902984447603176,0.00020957647166007607,4489.984891715098,0.09595597372345449,51.216417462573695,0.0009748545554501226,301.82088513170976,0.006311100108831602,9.216417462573698,0.00020225555545012254,5.0,9.1976e-05
KĘPIŃSKI,72678.73878825502,1.535430537741747,9.690835962642515,0.00021196158462597433,10764.84906204617,0.2342969723876097,8.0,0.000151889,531.7237381943883,0.011447270708360054,13.345417981321258,0.00026736352049358655,0.0,0.0
KOŚCIAŃSKI,75689.79616905584,1.7325737024870826,18.547634686704008,0.00044314502140362463,5120.523080906285,0.12526889465996605,24.031739726903435,0.0005146045950878157,87.33072089840198,0.0018777179855866478,5.532305064527141,0.00013435302709545932,1.8680560958884107,4.356274323837029e-05
KROTOSZYŃSKI,67608.2741514859,1.6895685553168054,20.39509810180104,0.000501466035015592,9726.785522520935,0.23545138067546012,7.904301910104206,0.00019965564590502909,345.76486382517623,0.008754202261280519,9.804174717055943,0.00023624948326173443,0.5789080057703169,1.3395352345519362e-05
LESZCZYŃSKI,49944.6081530891,0.949287205731766,11.452441936979556,0.00022113485909555148,9179.66413592661,0.17212455730137155,33.86180969106711,0.000626808322233196,302.26184086925036,0.005573157914463368,3.4704141349177697,6.730159302817795e-05,0.12790341678600395,3.2511672298105855e-06
MIĘDZYCHODZKI,22845.0,0.75818924,20.0,0.000663768,7169.0,0.237927716,5.0,0.000165942,74.0,0.002455942,14.0,0.000464638,4.0,0.000132754
MOGILEŃSKI,71587.65861711946,1.6308224520884695,82.43146151716738,0.0017558158124258087,13898.646827027755,0.30328913283460224,28.405207215186884,0.0006500360170777667,255.23083727133255,0.005648711402867913,14.167994676160069,0.00029904232206633445,4.691881439657111,9.613123368414444e-05
NOWOTOMYSKI,66025.33467992993,1.5740542831589606,28.939888065554968,0.0006149268701193155,19245.570025838097,0.40588161275369317,6.939888065554966,0.00017818467011931547,294.4010225437621,0.0069194495644096105,8.951910452443972,0.000210044393690975,6.0,0.000119111
OBORNICKI,38446.0366056647,0.7089460859025358,29.74059382135077,0.0005438295375072925,13492.584019039508,0.24564942770646567,10.355417346205328,0.00019343562500626606,510.10747188420777,0.00925578024807048,3.106625203861599,5.803061225388708e-05,7.1520866481288365,0.00012969325724467527
OSTROWSKI (OSTRÓW WIELKOPOLSKI),88907.65338214398,1.9797690375687416,33.82727158398399,0.0007293688913684302,13123.16978197564,0.30194236009946496,110.28737567533746,0.0023087057139680035,313.906813771421,0.00700304182040555,11.190061125060625,0.00024594375049523967,9.421091994229682,0.00021091014765448063
POZNAŃ (MIASTO),158059.0,0.932930788,71.0,0.000419072,8882.0,0.052425305,146.0,0.000861753,2088.0,0.012324255,144.0,0.000849949,32.0,0.000188877
RAWICKI,40329.674977476905,0.8242485685409674,16.19861009729272,0.00033106306678022483,9230.226076356328,0.18864527833210415,14.180554633902473,0.00028981906727491835,209.90277316951236,0.004289945300263665,10.270831950853708,0.00020991308285691417,2.0,4.08756e-05
SZAMOTULSKI,56992.0,0.862783093,29.0,0.000439021,8293.0,0.125544992,14.0,0.000211941,691.0,0.010460821,11.0,0.000166525,26.0,0.000393605
SZUBIŃSKI,31700.0,0.687799692,19.0,0.000412246,14070.0,0.305278917,17.0,0.000368852,264.0,0.005728048,9.0,0.000195274,10.0,0.000216972
ŚREDZKI,46393.0,0.931361921,16.0,0.000321208,3281.0,0.065867662,20.0,0.00040151,99.0,0.001987473,3.0,6.02265e-05,0.0,0.0
ŚREMSKI,51612.48112743765,0.8974678939759776,32.36937696616067,0.0005628573636016126,4505.228739562908,0.07833954218572474,55.910742032459346,0.0009722083518373693,192.2544813747725,0.0033430327436286093,8.828011899862002,0.00015350637536585597,2.9426706332873342,5.116882448495903e-05
WĄGROWIECKI,41642.0,0.765829885,26.0,0.000478161,12322.0,0.226611494,23.0,0.000422989,357.0,0.006565517,5.0,9.1954e-05,0.0,0.0
WOLSZTYŃSKI,36496.0,0.750005138,9.0,0.000184953,12041.0,0.24744662,13.0,0.000267154,88.0,0.00180843,13.0,0.000267154,1.0,2.05503e-05
WRZESIŃSKI,40922.235074223274,1.0230580231268145,12.296565140498709,0.00031047844354488733,3481.9960195786443,0.08823061537670387,35.24708658603923,0.0009120559182735734,216.19004305185646,0.005322366059033491,0.11786955822715534,3.896767594989755e-06,1.2357391164543108,3.212204697693534e-05
WYRZYSKI,41697.0,0.666821257,53.0,0.00084758,20516.0,0.328093266,18.0,0.000287857,236.0,0.003774128,10.0,0.000159921,1.0,1.59921e-05
ŻNIŃSKI,32606.781111508324,0.7918861001287989,16.309689330327792,0.0003952514722048738,8493.366287271641,0.20634086350665143,28.215989570974333,0.0006854319599230531,276.8028965316656,0.006719764178302819,1.0892143479521856,2.59772633747904e-05,5.062804299255026,0.00012283768615126898
POZNAŃSKI,82544.86562920017,1.7112185989151825,35.33062117380198,0.0007267912678721627,9511.641484174614,0.19376987653385436,47.849067499777,0.000979800020133,113.7166065993347,0.0022714259031803574,12.41275515142397,0.0002565557694184097,13.491062818990713,0.00026214568904447694
GNIEZNO (MIASTO),1860.5786389390216,0.03307238404931806,1.4198302989917655,2.5190623990799397e-05,412.0688437028048,0.007312063146008516,1.5550264346256246,2.779598524267775e-05,19.159177474551317,0.00033948047158482585,0.4454246621939516,7.890360518899279e-06,0.40529011715882846,7.18490688836174e-06
INOWROCŁAW (MIASTO),2241.116146325464,0.029724996975404032,1.3054200580499111,1.7314402678276717e-05,477.5661712365925,0.006334188903976099,2.9009334623331355,3.8476458454318984e-05,10.769715478911767,0.0001428438855537024,0.18130834139582097,2.4047795599366434e-06,0.1087850048374926,1.4428662854952548e-06
DOLIŃSKI,11044.49576160898,0.10889108209292862,73683.94433137226,0.7264726784903328,1971.419768147282,0.019436834449049444,17.043974940754598,0.00016804223026587982,9320.21363010264,0.09189085335452196,0.0,0.0,2.8406624901257667,2.800694368889697e-05
HORODEŃSKI,11679.280300713015,0.13958743082099215,62834.469558103134,0.7509796768652539,21.435235389645975,0.00025618808740376063,22.40956427099352,0.0002678322918647451,6964.5028438722475,0.08323775328202979,0.0,0.0,0.0,0.0
KAŁUSKI,9171.81628338018,0.10438175796303145,67912.1491703441,0.7728883004510068,568.7800619580366,0.0064731194361296275,3.804548909418305,4.3298429773416905e-05,5917.975828600173,0.06735075183554479,0.0,0.0,0.0,0.0
KOŁOMYJSKI,26696.921199965996,0.24898467455977835,113301.09218408854,1.5287698005831065,1026.2472852522917,0.008668929145529684,36.854051633386696,0.0003567087783579649,24922.055670947404,0.25765486422265677,3.037659414911459,2.5631225124517463e-05,3.0188297074557298,4.0217363503744105e-05
KOSOWSKI (KOSÓW HUCULSKI),4414.0,0.057160617,65493.0,0.848124215,10.0,0.000129498,29.0,0.000375546,7275.0,0.094210124,0.0,0.0,0.0,0.0
NADWÓRNIAŃSKI,12284.015770913935,0.16426807507503313,89614.60700447048,1.2738759493279432,623.1024551533744,0.008908997655637007,253.4672924135064,0.004391697268649807,8421.90453197864,0.11555281424041611,1.9623405850885407,2.5028574875482536e-05,1.5358137741957083,2.2271458232423496e-05
ROHATYŃSKI,21821.0,0.199216682,79197.0,0.72303577,45.0,0.000410831,21.0,0.000191721,8420.0,0.076871109,30.0,0.000273888,0.0,0.0
STANISŁAWOWSKI,33364.800224774175,0.2662990293071246,98875.53533618173,0.9757545140964679,1453.3719195665597,0.012633604056338786,314.91805112445365,0.004306751727053392,27826.861686109725,0.22390088247730083,1.1359017053478822,8.81231063383635e-06,144.71098736006002,0.0010924068450962321
STRYJSKI,20047.07108342857,0.30832621095960033,87228.39296965551,1.4526246310519686,3299.3275901265597,0.04656869038055564,42.601062139168945,0.0006813562554267162,17716.17867712359,0.2754231494413069,3.1228642056997233,4.2949942910994365e-05,9.220769612724094,0.00016156622623079764
ŚNIATYŃSKI,6346.0,0.080101989,65082.0,0.821493487,382.0,0.004821771,39.0,0.000492275,7369.0,0.093014743,3.0,3.78673e-05,3.0,3.78673e-05
TŁUMACKI,20268.74917585117,0.19363505290075642,75910.15483632484,0.7251985172504808,713.1743067033482,0.006813224428230359,22.68742607769987,0.00021674185900873207,6309.077269259495,0.06027300916989207,9.864098294652118,9.423547936616365e-05,18.741786759839023,0.00017904719378554845
ŻYDACZOWSKI,14344.43315496245,0.18623329294747107,54981.66269897222,0.7138250764576985,118.25264172615844,0.0015352701703949206,20.354962920076453,0.000264267514307404,5187.60769277377,0.06735053620417111,3.8771357943002767,5.033675708900564e-05,1.9385678971501383,2.516833008030539e-05
BIELSKI (BIELSKO),0.0,0.0,0.0,0.0,0.0,0.0,0.0,0.0,0.0,0.0,0.0,0.0,0.0,0.0
BIELSKO (MIASTO),0.0,0.0,0.0,0.0,0.0,0.0,0.0,0.0,0.0,0.0,0.0,0.0,0.0,0.0
CIESZYŃSKI,0.0,0.0,0.0,0.0,0.0,0.0,0.0,0.0,0.0,0.0,0.0,0.0,0.0,0.0
TARNOGÓRSKI,0.0,0.0,0.0,0.0,0.0,0.0,0.0,0.0,0.0,0.0,0.0,0.0,0.0,0.0
KATOWICE (MIASTO),0.0,0.0,0.0,0.0,0.0,0.0,0.0,0.0,0.0,0.0,0.0,0.0,0.0,0.0
KATOWICKI,0.0,0.0,0.0,0.0,0.0,0.0,0.0,0.0,0.0,0.0,0.0,0.0,0.0,0.0
LUBLINIECKI,0.0,0.0,0.0,0.0,0.0,0.0,0.0,0.0,0.0,0.0,0.0,0.0,0.0,0.0
PSZCZYŃSKI,0.0,0.0,0.0,0.0,0.0,0.0,0.0,0.0,0.0,0.0,0.0,0.0,0.0,0.0
RYBNICKI,0.0,0.0,0.0,0.0,0.0,0.0,0.0,0.0,0.0,0.0,0.0,0.0,0.0,0.0
ŚWIĘTOCHŁOWICKI,0.0,0.0,0.0,0.0,0.0,0.0,0.0,0.0,0.0,0.0,0.0,0.0,0.0,0.0
CHORZÓW,0.0,0.0,0.0,0.0,0.0,0.0,0.0,0.0,0.0,0.0,0.0,0.0,0.0,0.0
BORSZCZOWSKI,21083.838480812858,0.2224808056099634,62771.174024201566,0.6623737587069534,21.65473606806176,0.00022850471221492734,105.3207617855731,0.0011113653487912504,9293.818997938142,0.09807020395421628,1.9686123698237963,2.0773191448854663e-05,1.9686123698237963,2.0773191448854663e-05
BRODZKI,16888.962957530537,0.22582975131313324,49193.337097641815,0.6578615970501104,251.81256303426534,0.003382295548167042,85.33912654534704,0.0011404641696241191,9264.269795088901,0.12387048366491789,0.0,0.0,2.0242233246676458,2.7071584236674924e-05
BRZEŻAŃSKI,30185.005928235278,0.32284485293070464,54314.586274158784,0.5808925018578678,8.975873778111897,9.618639229176672e-05,22.58590923262523,0.00024151129148004485,7584.936222161098,0.0810498401275341,2.900810977676766,3.095058950111928e-05,0.9851663822310286,1.0539145634613883e-05
BUCZACKI,40288.877592936165,0.3453529707012859,65590.45392792474,0.5622360188136385,9.829672235815298,8.425916403162988e-05,15.727475577304478,0.00013481493768143039,8767.084667123665,0.07515073416644528,0.0,0.0,0.9829672235815299,8.425916403162987e-06
CZORTKOWSKI,25573.318782698912,0.36517670635350635,42048.74747759403,0.5992544940393253,109.8867269385206,0.0015898893444323049,29.950450102946746,0.00042612497909831984,7433.897859136786,0.10630360062280064,12.101248218780238,0.00017524062236360974,13.053878481439043,0.0001889037000521174
KAMIONECKI,24015.228529914293,0.34386062110675963,43671.758753129725,0.6159462894495386,416.32553147247654,0.0059454908207447425,98.30168043820356,0.0014154623051667466,6528.661234545381,0.09251494344890628,2.186184748784445,3.095137209144519e-05,1.0553073056381788,1.5060570882800933e-05
PODHAJECKI,27398.806606821887,0.3341399380895784,48209.03816829066,0.5879294392615897,14.615295131661746,0.00017823937024866767,18.512707166771545,0.00022577025872284924,4253.050883313568,0.05186773956236804,0.0,0.0,0.9743530087774498,1.1882624683244512e-05
PRZEMYŚLAŃSKI,26722.0,0.335707735,45829.0,0.575748439,403.0,0.005062878,17.0,0.000213571,6594.0,0.082840237,31.0,0.000389452,3.0,3.76889e-05
RADZIECHOWSKI,13863.037042469465,0.20235646968686677,45377.662902358185,0.6623702769498897,1208.1874369657348,0.017635713451832957,27.66087345465296,0.000403760830375881,7199.7302049110995,0.10509327633508213,0.0,0.0,1.9757766753323545,2.884011576332508e-05
SKAŁACKI,35690.268943957,0.4182812855937017,37489.64265425041,0.439369507741517,2.8486127339737406,3.3385076565867646e-05,36.082427963667385,0.0004228775098959798,7797.60259046412,0.09138600898230897,0.0,0.0,3.7981503119649878,4.451337211865167e-05
TARNOPOLSKI,42966.55792355119,0.3446995902196106,66755.6191890073,0.5362253624154752,93.81726798563051,0.0007474499913246468,144.48546321456035,0.0011519472505177619,16831.279320257563,0.13464731591274753,0.0991890223232337,1.0583104988807185e-06,1.0174809118480337,8.187249112237038e-06
TREMBOWELSKI,34131.053371102345,0.46378900755504876,39580.9071308848,0.5346711969304486,5.911222279738167,7.20723786690467e-05,95.91176075811245,0.0013063296017874412,5680.169525544636,0.07589424508600995,0.04264661245031894,4.95941720846004e-07,1.1873318932807522,1.594812218109181e-05
ZALESZCZYCKI,12610.565844355535,0.18888837720061435,46298.25406115501,0.6934821313446319,9.650697056979823,0.00014455393093767798,41.49799734501324,0.0006215811309762507,5468.084952484768,0.0819041514976486,1.9301394113959647,2.8910786187535594e-05,0.0,0.0
ZBARASKI,21696.0,0.331793852,39270.0,0.600550543,3.0,4.58786e-05,55.0,0.000841107,4366.0,0.066768619,0.0,0.0,0.0,0.0
ZBOROWSKI,18804.0,0.261380854,48875.0,0.679376155,28.0,0.000389208,31.0,0.000430909,4203.0,0.058422874,0.0,0.0,0.0,0.0
ZŁOCZOWSKI,30035.187898905348,0.28238726273069514,67180.89645149927,0.6306134094535478,255.27316179124924,0.0024163765484437163,44.53660781250297,0.0004238610844460966,10647.206319104565,0.09992500850259929,7.031682635309339,6.583184870450315e-05,1.01584131765467,9.568673560185688e-06
KOPYCZYNIECKI,26914.12356993035,0.3130813071192697,50057.569003019846,0.5822240233142935,8.69863176824981,0.00010116483001424005,51.78411242396703,0.0006022989363406136,7633.697150807967,0.08879366586008018,0.957353387549681,1.1133158279153996e-05,2.024641815502935,2.3554727748077765e-05
BŁOŃSKI,99457.0,0.860399329,15.0,0.000129765,3037.0,0.02627299,208.0,0.001799401,10670.0,0.092305829,2160.0,0.018686091,47.0,0.000406595
CIECHANOWSKI,61726.0,0.902453288,2.0,2.92406e-05,1421.0,0.020775461,32.0,0.00046785,4846.0,0.070850025,268.0,0.003918243,103.0,0.001505892
GOSTYNIŃSKI,69190.0,0.815775511,5.0,5.89518e-05,9277.0,0.109379237,65.0,0.000766374,5548.0,0.065412958,722.0,0.008512645,8.0,9.43229e-05
GRÓJECKI,107642.0,0.847187898,13.0,0.000102315,2612.0,0.020557541,190.0,0.00149538,16379.0,0.128909632,209.0,0.001644918,13.0,0.000102315
KUTNOWSKI,86427.0,0.86946068,7.0,7.04204e-05,1476.0,0.014848646,73.0,0.000734384,11101.0,0.11167671,311.0,0.003128678,8.0,8.04805e-05
LIPNOWSKI,72437.17727589123,0.7754092064654841,37.811133895848386,0.0004047522678776271,15552.316389266058,0.16648093895392993,127.36381943864718,0.0013633759554793924,4771.168079752447,0.05107332741796716,24.87574598411078,0.0002662839154316729,2.9850895180932935,3.195408975239753e-05
ŁOWICKI,87328.0,0.921220305,4.0,4.21959e-05,1169.0,0.012331744,134.0,0.001413562,5722.0,0.060361197,436.0,0.00459935,3.0,3.16469e-05
MAKOWSKI (MAKÓW MAZOWIECKI),51255.0,0.879114282,0.0,0.0,274.0,0.004699587,57.0,0.000977651,6715.0,0.115174176,0.0,0.0,2.0,3.43036e-05
MIŃSKI,76384.0,0.796521268,11.0,0.000114706,840.0,0.008759398,149.0,0.00155375,14031.0,0.146313232,4481.0,0.046727218,1.0,1.04279e-05
MŁAWSKI,80233.0,0.902914697,0.0,0.0,592.0,0.006662165,73.0,0.000821517,7941.0,0.089365294,12.0,0.000135044,9.0,0.000101283
NIESZAWSKI,88422.0,0.866992852,18.0,0.000176493,8846.0,0.086736545,343.0,0.003363174,4272.0,0.041887692,77.0,0.000754998,9.0,8.82465e-05
PŁOCKI,90870.0,0.827965121,17.0,0.000154896,4444.0,0.040491658,506.0,0.004610436,12237.0,0.111497845,1650.0,0.015034032,27.0,0.000246011
PŁOŃSKI,64634.0,0.868433074,1.0,1.34362e-05,1623.0,0.021806895,146.0,0.00196168,6470.0,0.086931986,1552.0,0.020852928,0.0,0.0
PRZASNYCKI,52716.0,0.936141497,0.0,0.0,110.0,0.001953402,11.0,0.00019534,3474.0,0.061692002,0.0,0.0,1.0,1.77582e-05
PUŁTUSKI,88232.0,0.828383923,4.0,3.75548e-05,1391.0,0.013059684,68.0,0.000638432,16462.0,0.154556806,349.0,0.003276657,5.0,4.69435e-05
RADZYMIŃSKI,62870.0,0.865870622,13.0,0.000179041,1148.0,0.015810712,278.0,0.003828726,8280.0,0.11403545,13.0,0.000179041,7.0,9.64068e-05
RAWSKI (RAWA MAZOWIECKA),73494.0,0.880304718,1.0,1.19779e-05,2782.0,0.033322553,97.0,0.001161858,7110.0,0.08516296,3.0,3.59337e-05,0.0,0.0
RYPIŃSKI,64350.0,0.821209801,0.0,0.0,8389.0,0.107057172,133.0,0.001697295,5272.0,0.067279224,201.0,0.002565084,15.0,0.000191424
SIERPECKI,59711.82272410878,0.865078991534516,2.1888661041516166,3.1043032122372884e-05,1734.6836107339414,0.02487568204607006,65.63618056135282,0.0009500010445206076,7691.831920247552,0.11152261358203285,172.12425401588922,0.002497158084568327,1.0149104819067065,1.4670210247602467e-05
SKIERNIEWICKI,56817.0,0.895094209,2.0,3.1508e-05,1270.0,0.020007562,101.0,0.001591153,4516.0,0.071145,768.0,0.012099061,2.0,3.1508e-05
SOCHACZEWSKI,55565.0,0.868528823,0.0,0.0,4777.0,0.074668626,42.0,0.000656496,3467.0,0.054192197,124.0,0.001938227,1.0,1.56309e-05
WARSZAWSKI,0.0,0.0,0.0,0.0,0.0,0.0,0.0,0.0,0.0,0.0,0.0,0.0,0.0,0.0
WŁOCŁAWSKI,102342.0,0.819910111,16.0,0.000128184,7501.0,0.060094055,261.0,0.002090994,14669.0,0.117520289,3.0,2.40344e-05,29.0,0.000232333
DUBIEŃSKI,17573.28869322322,0.07979842404330088,73.46174573344383,0.00033358182164410334,2951.7460484462067,0.013403562831979444,158731.36074194638,0.7207821270747763,15435.817416762173,0.07009239532785994,129.2218659889494,0.0005867823321554368,18.586706751835187,8.440028818128101e-05
HOROCHOWSKI,7990.0,0.102823463,89.0,0.001145343,3052.0,0.039276246,59989.0,0.771999588,6543.0,0.084201992,36.0,0.000463285,7.0,9.00831e-05
KOWELSKI,14926.0,0.087951069,74.0,0.000436043,2226.0,0.013116647,129212.0,0.761378368,23253.0,0.137017701,14.0,8.24946e-05,3.0,1.76774e-05
KRZEMIENIECKI,17006.0,0.076625694,62.0,0.00027936,102.0,0.000459592,186437.0,0.840048482,18296.0,0.08243818,28.0,0.000126162,5.0,2.2529e-05
LUBOMELSKI,7299.0,0.129727712,3.0,5.33201e-05,765.0,0.013596616,42589.0,0.756949381,5604.0,0.099601877,4.0,7.10934e-05,0.0,0.0
ŁUCKI,28601.0,0.145974858,40.0,0.000204154,13754.0,0.070198182,127414.0,0.650300361,25812.0,0.131740255,257.0,0.001311686,53.0,0.000270503
RÓWIEŃSKI,19629.9188832219,0.05805366759175703,62.84328816906912,0.00018585299869129356,4481.24296663136,0.013252861351153685,100297.88791783436,0.29662171777551893,20283.316906787983,0.059986031985766505,764.0194280828608,0.002259516652247502,24.96514187538363,7.38322549290442e-05
WŁODZIMIERSKI,19698.0,0.194237368,103.0,0.001015659,2738.0,0.026998777,66814.0,0.658837218,12035.0,0.118674319,22.0,0.000216937,2.0,1.97215e-05
KOSTOPOLSKI,24420.29025540343,0.07222074739153088,78.17919915116546,0.0002312074848540368,5574.819468238245,0.016487012648147607,124774.00184526008,0.3690075586774712,25233.139736988836,0.07462467476696437,950.4662910501281,0.0028109159703132167,31.057490073750664,9.184984952328365e-05
ZDOŁBUNOWSKI,9368.50216815144,0.11270630797341119,22.51576694632157,0.00019938769481056619,1050.1915166841882,0.00830286416871926,70583.74949495915,0.8597252474722337,12244.725939461003,0.1664096279194092,149.29241487806158,0.0015273500452838438,11.390661299030516,0.00014049240736639112
SARNEŃSKI,12026.691385372998,0.08223378722774724,8.839905465176772,6.0443826007747346e-05,670.0648342603993,0.0045816399074897485,103459.60159278939,0.7074160788664958,13108.695814310635,0.08963210831336992,7.071924372141417,4.83550784860088e-05,2.6519716395530315,1.8133121282607808e-05
OSZMIAŃSKI,0.0,0.0,0.0,0.0,0.0,0.0,0.0,0.0,0.0,0.0,0.0,0.0,0.0,0.0
ŚWIĘCIAŃSKI,0.0,0.0,0.0,0.0,0.0,0.0,0.0,0.0,0.0,0.0,0.0,0.0,0.0,0.0
WILNO (MIASTO),0.0,0.0,0.0,0.0,0.0,0.0,0.0,0.0,0.0,0.0,0.0,0.0,0.0,0.0
DZIŚNIEŃSKI,50977.57125613608,0.3320382950352,1.7649447177756805,1.0200086175950398e-05,60.16852644975812,0.00038443222844577503,63567.58579774874,0.40741392964844947,7535.32256803308,0.046512909831861717,5840.660775767639,0.03427941733007098,219.2523812190078,0.0015326668595224365
WILEJSKI,24898.473193093207,0.1982968000493206,4.102648520912135,3.216777301286647e-05,52.88363849315732,0.0004176617917528462,62185.54003439073,0.49086972726363237,6336.2519305472715,0.049924399333791,164.1380121063052,0.0013300598357586404,137.71665062858935,0.0011016147031059568
WILEŃSKO-TROCKI,12403.233843985443,0.06420225604400585,0.0,0.0,7.340005973435185,3.799370591999387e-05,3777.258824004414,0.01955204110281951,1518.5554858290716,0.007860424874961892,2.018501642694676,1.0448315003035648e-05,16.790263664232985,8.691062522950465e-05
POSTAWSKI,36816.699453641406,0.3260683146073642,0.0,0.0,36.105214347384134,0.0003197668927856766,39388.66501685801,0.34884701221746484,2916.027017585789,0.025825889915792825,516.0921815537849,0.0045707877505928906,261.23184498401463,0.0023136086844181675
MOŁODECZAŃSKI,19041.369968878862,0.1821510583542053,2.199145455718091,1.7421605293060115e-05,27.10402109745643,0.00022486147502764556,34225.75819803643,0.29719285989361355,4001.3408731897607,0.03645828377589574,56.991277920496685,0.00044957006832083027,73.57409256371326,0.0005932080165753401
