District,Kategoria IR,Kategoria IPR,Kategoria IIR,Kategoria IIPR,Kategoria IIIR,Kategoria IIIPR,Kategoria IVR,Kategoria IVPR,RazemR,RazemPR,Handel jarmarczny - hurtR,Handel jarmarczny - hurtPR,Handel jarmarczny - detalR,Handel jarmarczny - detalPR,Karty rejestracyjneR,Karty rejestracyjnePR
AUGUSTOWSKI,3.0,0.0,5.0,1.0,1.0,0.0,0.0,0.0,9.0,1.0,0.0,0.0,0.0,0.0,0.0,0.0
BIAŁOSTOCKI,0.0,0.0,19.71648177432963,3.9432963548659257,4.929120443582407,0.0,0.0,0.0,24.645602217912035,3.9432963548659257,0.0,0.0,0.0,0.0,0.0,0.0
BIELSKI (BIELSK PODLASKI),0.0,0.0,7.0,1.0,1.0,0.0,0.0,0.0,8.0,1.0,0.0,0.0,0.0,0.0,0.0,0.0
GRODZIEŃSKI,0.0,0.0,5.577333450633367,1.8591111502111224,5.577333450633367,0.0,0.0,0.0,11.154666901266735,1.8591111502111224,0.0,0.0,0.0,0.0,0.0,0.0
ŁOMŻYŃSKI,0.0,0.0,11.326968060804413,1.0,2.0,0.0,0.0,0.0,13.326968060804413,1.0,0.0,0.0,0.0,0.0,0.0,0.0
OSTROŁĘCKI,0.0,0.0,1.6730319391955872,0.0,2.0,0.0,0.0,0.0,3.673031939195587,0.0,0.0,0.0,0.0,0.0,0.0,0.0
OSTROWSKI (OSTRÓW MAZOWIECKA),0.0,0.0,3.0,0.0,0.0,0.0,0.0,0.0,3.0,0.0,0.0,0.0,0.0,0.0,0.0,0.0
SOKÓLSKI,0.0,0.0,3.0,1.0,0.0,0.0,0.0,0.0,3.0,1.0,0.0,0.0,0.0,0.0,0.0,0.0
SUWALSKI,0.0,0.0,2.0,0.0,2.0,1.0,0.0,0.0,4.0,1.0,0.0,0.0,0.0,0.0,0.0,0.0
SZCZUCZYŃSKI (WOJ. BIAŁOSTOCKIE),0.0,0.0,1.0,0.0,1.0,2.0,0.0,0.0,2.0,2.0,0.0,0.0,0.0,0.0,0.0,0.0
WOŁKOWYSKI,0.0,0.0,10.0,4.0,1.0,0.0,0.0,0.0,11.0,4.0,0.0,0.0,0.0,0.0,0.0,0.0
WYSOKOMAZOWIECKI,0.0,0.0,1.0,0.0,0.0,0.0,0.0,0.0,1.0,0.0,0.0,0.0,0.0,0.0,0.0,0.0
BIAŁYSTOK (MIASTO),0.0,0.0,0.28351822567037216,0.056703645134074436,0.07087955641759304,0.0,0.0,0.0,0.35439778208796524,0.056703645134074436,0.0,0.0,0.0,0.0,0.0,0.0
BĘDZIŃSKI,0.6376551543113561,0.0,4.144758503023815,1.2753103086227122,1.2753103086227122,0.0,0.0,0.0,6.057723965957883,1.2753103086227122,0.0,0.0,0.0,0.0,0.0,0.0
CZĘSTOCHOWSKI,0.0,0.0,22.411207911528763,6.820802407856579,5.846402063877068,0.0,0.0,0.0,28.25760997540583,6.820802407856579,0.0,0.0,0.0,0.0,0.0,0.0
IŁŻECKI,0.0,0.0,2.0,1.0,0.0,0.0,0.0,0.0,2.0,1.0,0.0,0.0,0.0,0.0,0.0,0.0
JĘDRZEJOWSKI,0.0,0.0,3.0238967368752085,0.0,1.0159311579168055,0.0,0.0,0.0,4.039827894792014,0.0,0.0,0.0,0.0,0.0,0.0,0.0
KIELECKI,0.0,0.0,8.0,0.0,2.0,0.0,0.0,0.0,10.0,0.0,0.0,0.0,0.0,0.0,0.0,0.0
KONECKI,0.0,0.0,2.0,0.0,0.0,0.0,0.0,0.0,2.0,0.0,0.0,0.0,0.0,0.0,0.0,0.0
KOZIENICKI,0.0,0.0,0.0,0.0,0.0,0.0,0.0,0.0,0.0,0.0,0.0,0.0,0.0,0.0,0.0,0.0
MIECHOWSKI,0.0,0.0,2.9761032631247915,0.0,1.9840688420831945,0.0,0.0,0.0,4.960172105207986,0.0,0.0,0.0,0.0,0.0,0.0,0.0
OLKUSKI,0.0,0.0,2.0,0.0,1.0,0.0,0.0,0.0,3.0,0.0,0.0,0.0,0.0,0.0,0.0,0.0
OPATOWSKI,0.0,0.0,15.0,2.0,2.0,0.0,0.0,0.0,17.0,2.0,0.0,0.0,0.0,0.0,0.0,0.0
OPOCZYŃSKI,0.0,0.0,1.0,0.0,0.0,0.0,0.0,0.0,1.0,0.0,0.0,0.0,0.0,0.0,0.0,0.0
PIŃCZOWSKI,0.0,0.0,0.0,1.0,4.0,0.0,0.0,0.0,4.0,1.0,0.0,0.0,0.0,0.0,0.0,0.0
RADOMSKI,0.0,0.0,10.851477213725712,0.9864979285205192,0.9864979285205192,0.0,0.0,0.0,11.837975142246231,0.9864979285205192,0.0,0.0,0.0,0.0,0.0,0.0
SANDOMIERSKI,0.0,0.0,1.0,0.0,1.0,0.0,0.0,0.0,2.0,0.0,0.0,0.0,0.0,0.0,0.0,0.0
STOPNICKI,0.0,0.0,1.0,0.0,0.0,0.0,0.0,0.0,1.0,0.0,0.0,0.0,0.0,0.0,0.0,0.0
WŁOSZCZOWSKI,0.0,0.0,1.0,0.0,0.0,0.0,0.0,0.0,1.0,0.0,0.0,0.0,0.0,0.0,0.0,0.0
ZAWIERCIAŃSKI,1.320512147850679,0.0,8.583328961029412,2.641024295701358,2.641024295701358,0.0,0.0,0.0,12.54486540458145,2.641024295701358,0.0,0.0,0.0,0.0,0.0,0.0
CZĘSTOCHOWA (MIASTO),0.0,0.0,0.5887920884712396,0.17919759214342074,0.15359793612293207,0.0,0.0,0.0,0.7423900245941717,0.17919759214342074,0.0,0.0,0.0,0.0,0.0,0.0
SOSNOWIEC,0.04183269783796493,0.0,0.27191253594677206,0.08366539567592986,0.08366539567592986,0.0,0.0,0.0,0.3974106294606668,0.08366539567592986,0.0,0.0,0.0,0.0,0.0,0.0
RADOM (MIASTO),0.0,0.0,0.1485227862742885,0.013502071479480772,0.013502071479480772,0.0,0.0,0.0,0.16202485775376926,0.013502071479480772,0.0,0.0,0.0,0.0,0.0,0.0
BIALSKI (BIAŁA KRAKOWSKA),0.0,0.0,21.654477339688622,0.5220681913840887,5.0,0.0,5.0,0.0,31.654477339688622,0.5220681913840887,0.0,0.0,0.0,0.0,118.74275010522497,0.0
BOCHEŃSKI,0.0,0.0,7.0,1.0,0.0,0.0,0.0,0.0,7.0,1.0,0.0,0.0,0.0,0.0,13.0,0.0
BRZESKI (BRZESKO),0.0,0.0,1.0,0.0,0.0,0.0,0.0,0.0,1.0,0.0,0.0,0.0,0.0,0.0,5.0,0.0
CHRZANOWSKI,0.0,0.0,6.0,0.0,3.0,0.0,0.0,0.0,9.0,0.0,0.0,0.0,0.0,0.0,24.0,0.0
DĄBROWSKI,0.0,0.0,5.0,0.0,0.0,0.0,0.0,0.0,5.0,0.0,0.0,0.0,0.0,0.0,0.0,0.0
GORLICKI,0.0,0.0,2.686504274266296,0.0,1.0,0.0,0.0,0.0,3.686504274266296,0.0,0.0,0.0,0.0,0.0,33.902764959932036,0.0
JASIELSKI,0.0,0.0,4.00216003277125,0.0,0.0,0.0,0.0,0.0,4.00216003277125,0.0,0.0,0.0,0.0,0.0,18.284269966903732,0.0
KRAKOWSKI,0.0,0.0,2.0,0.0,0.0,0.0,0.0,0.0,2.0,0.0,0.0,0.0,0.0,0.0,7.913924263489165,0.0
KRAKÓW (MIASTO),2.0,0.0,186.0,9.0,3.0,0.0,13.0,2.0,204.0,11.0,0.0,0.0,0.0,0.0,452.0,8.0
LIMANOWSKI,0.0,0.0,2.0,0.0,0.0,0.0,0.0,0.0,2.0,0.0,0.0,0.0,0.0,0.0,19.0,0.0
MIELECKI,0.0,0.0,4.973978237379289,0.9947956474758579,0.9947956474758579,0.0,0.0,0.0,5.968773884855148,0.9947956474758579,0.0,0.0,0.0,0.0,18.9011173020413,0.0
MYŚLENICKI,0.0,0.0,0.0,0.0,0.0,0.0,0.0,0.0,0.0,0.0,0.0,0.0,0.0,0.0,20.7142579031711,0.0
NOWOSĄDECKI,1.0,0.0,15.33845008620135,1.0,3.0,0.0,0.0,0.0,19.338450086201348,1.0,0.0,0.0,0.0,0.0,77.68457530170473,5.0
NOWOTARSKI,0.0,0.0,10.0,2.0,3.0,1.0,0.0,0.0,13.0,3.0,0.0,0.0,0.0,0.0,22.2905716892651,2.0
ROPCZYCKI,0.0,0.0,0.9978399672287503,0.0,0.0,0.0,0.0,0.0,0.9978399672287503,0.0,0.0,0.0,0.0,0.0,26.71573003309627,0.0
TARNOWSKI,1.0,0.0,8.975045639532354,0.0,6.0,0.0,1.0,0.0,16.975045639532354,0.0,0.0,0.0,0.0,0.0,40.41265973836324,0.0
WADOWICKI,0.0,0.0,5.34552266031138,0.47793180861591145,0.0,0.0,0.0,0.0,5.34552266031138,0.47793180861591145,0.0,0.0,1.0,0.0,21.597566564061808,0.0
ŻYWIECKI,0.0,0.0,3.0,1.0,2.0,0.0,1.0,0.0,6.0,1.0,0.0,0.0,0.0,0.0,20.740929474787855,0.0
BIALSKI (BIAŁA PODLASKA),0.0,0.0,4.5788201209722255,0.012915713861480414,0.0,0.0,0.0,0.0,4.5788201209722255,0.012915713861480414,0.0,0.0,0.0,0.0,0.0,0.0
BIŁGORAJSKI,0.0,0.0,2.0,0.0,0.0,0.0,0.0,0.0,2.0,0.0,0.0,0.0,0.0,0.0,0.0,0.0
CHEŁMSKI,0.0,0.0,25.0,4.0,1.0,0.0,0.0,0.0,26.0,4.0,0.0,0.0,0.0,0.0,0.0,0.0
GARWOLIŃSKI,0.0,0.0,8.0,0.0,0.0,0.0,0.0,0.0,8.0,0.0,0.0,0.0,0.0,0.0,0.0,0.0
HRUBIESZOWSKI,0.0,0.0,12.020323266427594,0.0,0.030484899641390603,0.0,0.0,0.0,12.050808166068984,0.0,0.0,0.0,0.0,0.0,0.0,0.0
JANOWSKI,0.0,0.0,3.0,0.0,0.0,0.0,0.0,0.0,3.0,0.0,0.0,0.0,0.0,0.0,0.0,0.0
KRASNOSTAWSKI,0.0,0.0,7.0,2.0,0.0,0.0,0.0,0.0,7.0,2.0,0.0,0.0,0.0,0.0,0.0,0.0
LUBARTOWSKI,1.0,0.0,1.0,0.0,0.0,0.0,0.0,0.0,2.0,0.0,0.0,0.0,0.0,0.0,0.0,0.0
LUBELSKI,0.0,0.0,9.82463751205864,0.9824637512058639,10.807101263264503,0.9824637512058639,0.0,0.0,20.631738775323143,1.9649275024117279,0.0,0.0,0.0,0.0,0.0,0.0
ŁUKOWSKI,0.0,0.0,3.0,0.0,0.0,0.0,0.0,0.0,3.0,0.0,0.0,0.0,0.0,0.0,0.0,0.0
PUŁAWSKI,0.0,0.0,7.0,1.0,0.0,0.0,0.0,0.0,7.0,1.0,0.0,0.0,0.0,0.0,0.0,0.0
RADZYŃSKI,0.0,0.0,9.956947620461733,2.98708428613852,0.0,0.0,0.0,0.0,9.956947620461733,2.98708428613852,0.0,0.0,0.0,0.0,0.0,0.0
SIEDLECKI,0.0,0.0,5.453260899753324,1.0,1.0,1.0,0.0,0.0,6.453260899753324,2.0,0.0,0.0,0.0,0.0,0.0,0.0
SOKOŁOWSKI,0.0,0.0,2.0,0.0,0.0,0.0,0.0,0.0,2.0,0.0,0.0,0.0,0.0,0.0,0.0,0.0
TOMASZOWSKI,0.0,0.0,1.9796767335724064,0.0,2.9695151003586098,0.0,0.0,0.0,4.949191833931016,0.0,0.0,0.0,0.0,0.0,0.0,0.0
WĘGROWSKI,0.0,0.0,1.0,0.0,1.0,0.0,0.0,0.0,2.0,0.0,0.0,0.0,0.0,0.0,0.0,0.0
WŁODAWSKI,0.0,0.0,6.0,5.0,0.0,0.0,0.0,0.0,6.0,5.0,0.0,0.0,0.0,0.0,0.0,0.0
ZAMOJSKI,0.0,0.0,17.0,0.0,0.0,0.0,0.0,0.0,17.0,0.0,0.0,0.0,0.0,0.0,0.0,0.0
LUBLIN (MIASTO),0.0,0.0,0.17536248794136122,0.017536248794136122,0.19289873673549734,0.017536248794136122,0.0,0.0,0.36826122467685857,0.035072497588272245,0.0,0.0,0.0,0.0,0.0,0.0
BÓBRECKI,0.0,0.0,4.0,0.0,0.0,0.0,0.0,0.0,4.0,0.0,0.0,0.0,0.0,0.0,5.0,0.0
BRZOZOWSKI,0.0,0.0,0.0,0.0,0.0,0.0,0.0,0.0,0.0,0.0,0.0,0.0,0.0,0.0,10.0,0.0
DOBROMILSKI,0.0,0.0,0.15888759047543521,0.0,0.0,0.0,0.0,0.0,0.15888759047543521,0.0,0.0,0.0,70.0,0.0,15.588875904754353,0.0
DROHOBYCKI,0.0,0.0,5.05663174195957,0.0,2.113263483919139,0.056631741959569534,0.0,0.0,7.169895225878709,0.056631741959569534,0.0,0.0,0.0,0.0,126.92547922662537,0.056631741959569534
GRÓDECKI,0.0,0.0,0.04043553822285877,0.0,0.0,0.04043553822285877,0.0,0.0,0.04043553822285877,0.04043553822285877,0.0,0.0,0.0,0.0,9.294725633183566,1.0404355382228587
JAROSŁAWSKI,0.0,0.0,2.231107763334692,0.0,3.0001362810500583,0.0,0.0,0.0,5.23124404438475,0.0,0.0,0.0,6.820638170771332,0.0,16.949435168327813,0.0
JAWOROWSKI,0.0,0.0,2.0086865712789708,0.0,0.03170513905995037,1.8924343947258193,0.0,0.0,2.040391710338921,1.8924343947258193,0.0,0.0,0.0,0.0,10.566914866291757,1.8924343947258193
KOLBUSZOWSKI,0.0,0.0,1.0260217626207107,0.0052043525241421106,0.0052043525241421106,0.0,0.0,0.0,1.0312261151448527,0.0052043525241421106,0.0,0.0,0.0,0.0,5.0988826979587,0.0
KROŚNIEŃSKI,0.0,0.0,3.390908966605174,0.0,1.0,0.0,0.0,0.0,4.390908966605174,0.0,0.0,0.0,0.0,0.0,109.28181109649492,4.0
LESKI,0.0,0.0,0.0,0.0,0.0,0.0,0.0,0.0,0.0,0.0,0.0,0.0,0.0,0.0,19.0,0.0
LWOWSKI,0.0,0.0,0.0,0.0,0.0,0.0,0.0,0.0,0.0,0.0,0.0,0.0,0.0,0.0,18.0,1.0
LWÓW (MIASTO),0.0,0.0,121.0,9.0,9.0,1.0,16.0,0.0,146.0,10.0,0.0,0.0,0.0,0.0,518.0,26.0
ŁAŃCUCKI,0.0,0.0,0.8229750719323353,0.054865004795489024,0.10973000959097805,0.0,0.0,0.0,0.9327050815233134,0.054865004795489024,0.0,0.0,0.0,0.0,30.34419261748948,0.0
MOŚCISKI,0.0,0.0,0.0,0.0,1.0,0.0,0.0,0.0,1.0,0.0,0.0,0.0,0.0,0.0,1.0,0.0
NIŻAŃSKI,0.0,0.0,0.0,0.0,0.0,0.0,0.0,0.0,0.0,0.0,0.0,0.0,0.0,0.0,28.0,0.0
PRZEMYSKI,0.0,0.0,10.0,3.0,6.0,0.0,0.0,0.0,16.0,3.0,0.0,0.0,3.0,0.0,91.0,1.0
PRZEWORSKI,0.0,0.0,3.0,1.0,1.0,0.0,0.0,0.0,4.0,1.0,0.0,0.0,0.0,0.0,27.0,2.0
RAWSKI (RAWA RUSKA),0.0,0.0,16.0,0.0,0.0,0.0,0.0,0.0,16.0,0.0,0.0,0.0,0.0,0.0,26.0,2.0
RUDECKI,0.0,0.0,0.0,0.0,0.0,0.0,0.0,0.0,0.0,0.0,0.0,0.0,0.0,0.0,7.927669827042157,0.0
RZESZOWSKI,0.0,0.0,29.78611596146249,1.945134995204511,3.890269990409022,0.0,0.0,0.0,33.67638595187151,1.945134995204511,0.0,0.0,0.0,0.0,82.3739962860156,0.0
SAMBORSKI,0.0,0.0,1.2688741838133029,0.0,1.8867365160808607,0.9433682580404303,0.0,0.0,3.1556106998941633,0.9433682580404303,0.0,0.0,0.0,0.0,35.329580031103355,0.9433682580404303
SANOCKI,0.0,0.0,3.0,1.0,0.0,0.0,0.0,0.0,3.0,1.0,0.0,0.0,0.0,0.0,52.0,0.0
SOKALSKI,0.0,0.0,6.969049400493326,0.0,0.9955784857847608,0.0,0.0,0.0,7.964627886278087,0.0,0.0,0.0,0.0,0.0,30.862933059327585,0.0
TARNOBRZESKI,0.0,0.0,3.0,0.0,2.0,0.0,0.0,0.0,5.0,0.0,0.0,0.0,0.0,0.0,14.0,1.0
ŻÓŁKIEWSKI,0.0,0.0,0.9288513767071513,0.0,0.9288513767071513,0.0,0.0,0.0,1.8577027534143027,0.0,0.0,0.0,0.0,0.0,6.501959636950059,0.0
LUBACZOWSKI,0.0,0.0,10.719770127163478,0.0,2.9681585798899914,0.06713006705132198,0.0,0.0,13.687928707053471,0.06713006705132198,0.0,0.0,0.1793618292286686,0.0,15.261254505154705,0.06713006705132198
TURCZAŃSKI,0.0,0.0,3.515606483751692,0.0,0.0,0.0,0.0,0.0,3.515606483751692,0.0,0.0,0.0,0.0,0.0,15.156064837516922,1.0
BRZEZIŃSKI,0.0,0.0,14.0,0.0,1.0,0.0,8.0,3.0,23.0,3.0,0.0,0.0,0.0,0.0,37.0,0.0
KALISKI,0.0,0.0,16.0,4.0,5.0,0.0,6.0,0.0,27.0,4.0,0.0,0.0,0.0,0.0,66.0,1.0
KOLSKI,0.0,0.0,6.0,3.0,3.0,0.0,0.0,0.0,9.0,3.0,0.0,0.0,0.0,0.0,100.0,14.0
KONIŃSKI,0.0,0.0,14.0,3.0,2.0,0.0,0.0,0.0,16.0,3.0,0.0,0.0,0.0,0.0,0.0,0.0
ŁASKI,0.0,0.0,1.0,0.0,0.0,0.0,0.0,0.0,1.0,0.0,0.0,0.0,0.0,0.0,0.0,0.0
ŁĘCZYCKI,0.0,0.0,1.0,0.0,1.0,0.0,0.0,0.0,2.0,0.0,0.0,0.0,0.0,0.0,0.0,0.0
ŁÓDZKI,0.0,0.0,9.0,2.0,0.0,0.0,0.0,0.0,9.0,2.0,0.0,0.0,0.0,0.0,0.0,0.0
ŁÓDŹ (MIASTO),0.0,0.0,95.0,9.0,20.0,1.0,0.0,0.0,115.0,10.0,0.0,0.0,0.0,0.0,0.0,0.0
PIOTRKOWSKI,0.0,0.0,1.0,0.0,0.0,0.0,0.0,0.0,1.0,0.0,0.0,0.0,0.0,0.0,0.0,0.0
RADOMSZCZAŃSKI,0.0,0.0,6.0,0.0,0.0,0.0,0.0,0.0,6.0,0.0,0.0,0.0,0.0,0.0,0.0,0.0
SIERADZKI,0.0,0.0,4.0,0.0,3.0,0.0,0.0,0.0,7.0,0.0,0.0,0.0,0.0,0.0,0.0,0.0
TURECKI,0.0,0.0,3.0,0.0,0.0,0.0,0.0,0.0,3.0,0.0,0.0,0.0,0.0,0.0,0.0,0.0
WIELUŃSKI,1.0,0.0,3.0,1.0,2.0,0.0,0.0,0.0,6.0,1.0,0.0,0.0,0.0,0.0,0.0,0.0
POŁUDNIOWO-WARSZAWSKI,0.0,0.0,111.16702814737143,4.774044153568098,17.050157691314634,1.3640126153051708,46.37642892037581,11.935110383920245,174.59361475906186,18.073167152793513,0.0,0.0,0.0,0.0,823.1816133366706,0.0
PÓŁNOCNO-WARSZAWSKI,0.0,0.0,96.31257723634216,4.1361229487999704,14.771867674285607,1.1817494139428486,40.179480074056855,10.340307371999925,151.26392498468462,15.658179734742744,0.0,0.0,0.0,0.0,713.1857713145091,0.0
PRASKO-WARSZAWSKI,0.0,0.0,91.35909971842996,3.9233969204233725,14.012131858654902,1.1209705486923922,38.11299865554133,9.808492301058433,143.4842302326262,14.852859770174197,0.0,0.0,0.0,0.0,676.5057261358587,0.0
ŚRÓDMIEJSKO-WARSZAWSKI,0.0,0.0,27.161294897856507,1.1664359772085615,4.165842775744863,0.33326742205958904,11.331092350026028,2.916089943021404,42.6582300236274,4.415793342289555,0.0,0.0,0.0,0.0,201.12688921296197,0.0
BARANOWICKI,0.0,0.0,10.507636116914504,2.9964836351430013,3.136565913083317,0.6195528232168149,0.9988278783810004,0.0,14.643029908378823,3.6160364583598166,0.0,0.0,0.0,0.0,71.44258266825602,5.313105744784876
BRASŁAWSKI,0.0,0.0,20.585608104467514,4.470110564448639,0.0,0.0,0.0,0.0,20.585608104467514,4.470110564448639,0.0,0.0,0.0,0.0,83.92939392306643,15.82201678742069
LIDZKI,2.9185401473765333,1.1674160589506133,2.7986150127240905,0.0,0.0,0.0,0.0,0.0,5.717155160100624,1.1674160589506133,0.0,0.0,0.0,0.0,41.715172772125726,0.0
NIEŚWIESKI,0.0,0.0,6.481881507982462,1.6204703769956155,0.0,0.0,0.0,0.0,6.481881507982462,1.6204703769956155,0.0,0.0,0.0,0.0,70.49046139930927,30.788937162916692
NOWOGRÓDZKI,0.0,0.0,2.15065039805198,0.0,3.2870905355720503,1.3049866526740461,0.0,0.0,5.43774093362403,1.3049866526740461,0.0,0.0,0.0,0.0,31.443965892352402,3.3363383433459206
SŁONIMSKI,0.0,0.0,1.3261911321103916,0.0,3.315477830275979,1.9892866981655875,0.0,0.0,4.641668962386371,1.9892866981655875,0.0,0.0,0.0,0.0,46.416689623863704,0.0
STOŁPECKI,0.4643565789819739,0.0,4.91103744087708,0.3830459878613832,0.725222300050627,0.5505304049255253,0.0011721216189995419,0.0,6.10178844152868,0.9335763927869084,0.0,0.0,0.0,0.0,46.490507882896196,8.954688485898433
WOŁOŻYŃSKI,0.3850804008964215,0.0,8.069503449763927,0.0,0.3850804008964215,0.3850804008964215,0.0,0.0,8.83966425155677,0.3850804008964215,0.0,0.0,0.0,0.0,37.15408580703591,1.1552412026892644
SZCZUCZYŃSKI (WOJ. NOWOGRÓDZKIE),1.6227094792837673,0.6490837917135069,0.4226665493666335,0.14088884978887783,0.4226665493666335,0.0,0.0,0.0,2.4680425780170343,0.7899726415023848,0.0,0.0,0.0,0.0,19.147971855548455,0.0
BRZESKI (BRZEŚĆ N.BUG.),0.0,0.0,2.0109713588127187,0.0,7.0,1.0,0.0,0.0,9.010971358812718,1.0,0.0,0.0,0.0,1.0,63.0,5.0
DROHICKI,0.0,0.0,0.0,0.0,4.0,0.0,0.0,0.0,4.0,0.0,0.0,0.0,0.0,0.0,16.0,0.0
KOBRYŃSKI,0.0,0.0,0.39267252245586737,0.0,5.374353828595536,0.19633626122793368,0.0,0.0,5.767026351051403,0.19633626122793368,0.0,0.0,0.0,0.19633626122793368,28.36918445735982,0.9816813061396684
KOSZYRSKI,0.0,0.0,1.6073274775441329,0.0,5.625646171404465,0.8036637387720664,0.0,0.0,7.232973648948597,0.8036637387720664,0.0,0.0,0.0,0.8036637387720664,50.630815542640185,4.018318693860332
ŁUNINIECKI,0.0,0.0,8.0,2.0,4.0,0.0,0.0,0.0,12.0,2.0,0.0,0.0,0.0,0.0,22.0,2.0
PIŃSKI,0.0,0.0,14.0,3.0,6.0,1.0,0.0,0.0,20.0,4.0,0.0,0.0,0.0,0.0,31.0,7.0
PRUŻAŃSKI,0.0,0.0,4.0,2.0,1.0,0.0,0.0,0.0,4.0,2.0,0.0,0.0,0.0,0.0,27.0,2.0
STOLIŃSKI,0.0,0.0,0.0,0.0,0.0,0.0,0.0,0.0,0.0,0.0,0.0,0.0,0.0,0.0,0.0,0.0
IWACEWICKI,0.0,0.0,4.0,2.0,1.0,0.0,0.0,0.0,4.0,2.0,0.0,0.0,0.0,0.0,27.0,2.0
BRODNICKI,0.0,0.0,12.726629205019726,3.099466060806201,14.109728135547224,0.05841776184211132,3.403754171586103,0.06157244844613456,30.240111512153053,3.219456271094447,0.0,0.0,0.0,0.0,15.894527623903418,1.020524149482045
CHEŁMIŃSKI,0.0,0.0,0.9739934158292117,1.6397664125037719,2.2999018281432884,0.3606468814759754,1.3926722758580423,1.7440534571548216,4.666567519830542,3.744466751134569,0.0,0.0,0.0,0.0,13.887284618157226,0.02244918934300779
CHOJNICKI,0.0,0.0,27.60973473514415,3.9443021845669937,6.902623962198439,0.9859804069355478,9.860565183005082,0.0,44.37292388034768,4.930282591502541,0.0,0.0,0.0,0.0,25.637393364448254,0.0
DZIAŁDOWSKI,0.0,0.0,3.0,3.0,0.0,0.0,3.0,0.0,6.0,3.0,0.0,0.0,0.0,0.0,5.0,0.0
GRUDZIĄDZ (MIASTO),0.0,0.0,0.0,0.0,0.0,0.0,0.0,0.0,0.0,0.0,0.0,0.0,0.0,0.0,0.0,0.0
GRUDZIĄDZKI,0.0,0.0,28.376886587036736,3.914053322349895,4.892566652937369,0.0,25.441346595274315,5.871079983524842,58.71079983524842,9.785133305874737,0.0,0.0,0.0,0.0,98.82984638933485,1.9570266611749474
KARTUSKI,0.9729680360590331,0.0,2.9305643572382443,0.9746337859249109,1.9492675718498218,0.0,0.9846282851201777,0.0016657498658778037,6.837428250267277,0.9762995357907888,0.0,0.0,0.0,0.0,24.342524150000486,0.0
KOŚCIERSKI,0.9843867338482204,0.0,2.953160201544661,0.02440020784842339,2.9287599936962376,0.0,3.8643463118476116,0.0,10.730653240936732,0.02440020784842339,0.0,0.0,0.0,0.0,23.64968182020571,1.9199730519995941
LUBAWSKI,0.0,0.0,1.921477533522591,0.0,0.0,0.0,1.921477533522591,0.0,3.842955067045182,0.0,0.0,0.0,0.0,0.0,3.842955067045182,0.0
SĘPOLEŃSKI,0.0,0.0,3.0,0.0,5.0,0.0,0.0,0.0,8.0,0.0,0.0,0.0,0.0,0.0,21.0,0.0
STAROGARDZKI,0.04001347400020305,0.0,6.327490813724388,3.4569998609514285,7.4727494337547,0.6577164964533059,11.731683254776089,4.438470426003796,25.57193697625538,8.55318678340853,0.0,0.0,0.0,0.0,6.15019978817077,0.0800269480004061
ŚWIECKI,0.0,0.0,6.964939385689593,1.1419173907506228,13.448456878146876,2.164751794477073,0.8030412383554757,1.1393724181828118,21.216437502191944,4.4460416034105075,0.0,0.0,0.0,0.0,47.063393126973054,0.0
TCZEWSKI,2.0,0.0,19.33391301278581,2.333565205114324,11.000695615342972,2.000347807671486,48.66747821790013,12.333565205114324,81.00208684602892,16.667478217900133,0.0,0.0,0.0,0.0,17.33391301278581,0.0
TORUŃ (MIASTO),0.0,0.0,0.1782448935554766,0.1782448935554766,0.07749777980672895,0.10074711374874765,0.038748889903364475,0.2014942274974953,0.29449156326557,0.48048623480171954,0.0,0.0,0.0,0.0,0.5657337925891214,0.0
TORUŃSKI,0.0,0.0,22.194331549082868,22.22989516019733,9.72083659139539,12.544622179916404,4.860418295697695,25.12480797094727,36.77558643617595,59.899325311061006,0.0,0.0,0.0,0.0,70.83407811717429,0.0
TUCHOLSKI,0.0,0.0,6.862905861662721,1.120207271046068,3.253401306569735,0.18518731932146076,2.0972860019640316,0.08558386312850429,12.213593170196487,1.390978453496033,0.0,0.0,0.0,0.0,9.622011617528251,0.0
WĄBRZESKI,0.0,0.0,5.649493428947332,0.9415822381578888,0.9415822381578888,0.9415822381578888,0.9415822381578888,0.0,7.53265790526311,1.8831644763157775,0.0,0.0,0.0,0.0,11.298986857894665,0.0
MORSKI,0.0026317560925434957,0.0,6.797742657273991,0.9726099545205951,4.901219984907817,0.0,6.792479145088904,0.9699781984280516,18.494073543363257,1.9425881529486466,0.0,0.0,0.0,0.0,10.735554085022153,0.0
GDYNIA (MIASTO),0.0,0.0,0.1984923619424942,0.028356051706070598,0.10071202754551432,0.0,0.1984923619424942,0.028356051706070598,0.4976967514305027,0.056712103412141196,0.0,0.0,0.0,0.0,0.3119165687667766,0.0
BYDGOSKI,0.0,0.0,27.92817515007185,2.992304480364841,6.982043787517963,0.9974348267882804,42.889697551896056,20.94613136255389,77.79991648948588,24.93587066970701,0.0,0.0,0.0,0.0,116.69987473422881,0.0
BYDGOSZCZ (MIASTO),0.0,0.0,0.07182484992814543,0.007695519635158439,0.017956212482036358,0.0025651732117194796,0.11030244810393762,0.05386863744610907,0.2000835105141194,0.064129330292987,0.0,0.0,0.0,0.0,0.3001252657711791,0.0
CHODZIESKI,0.0,0.0,9.0,0.0,0.0,0.0,0.0,0.0,9.0,0.0,0.0,0.0,0.0,0.0,38.0,0.0
CZARNKOWSKI,0.0,0.0,7.0,0.21197833796779098,0.0,0.0,0.0,0.0,7.0,0.21197833796779098,0.0,0.0,0.0,0.0,6.801815872726223,0.0
GNIEŹNIEŃSKI,0.0,0.0,9.127977441505353,1.112884440534073,3.056392990663613,0.0629479048074427,9.869886309191877,0.0,22.054256741360838,1.1758323453415158,0.0,0.0,0.0,0.0,41.26341043806092,0.0629479048074427
GOSTYŃSKI,0.0,0.0,4.390191925819646,0.03431314464014833,0.029681322843333986,0.014840661421666993,0.0,0.0,4.41987324866298,0.049153806061815325,0.0,0.0,0.0,0.0,16.064187276776238,0.014840661421666993
INOWROCŁAWSKI,0.0,0.0,1.9805003345574166,0.0,0.0,0.0,3.961000669114833,0.0,5.94150100367225,0.0,0.0,0.0,0.0,0.0,43.57100736026317,0.9902501672787083
JAROCIŃSKI,0.0,0.0,12.216417462573697,1.0,0.8432834925147394,0.0,0.0,0.0,13.059700955088436,1.0,0.0,0.0,0.0,0.0,19.432834925147393,0.0
KĘPIŃSKI,0.0,0.0,13.690835962642515,5.7818059937737525,0.0,0.0,3.0,0.0,16.690835962642517,5.7818059937737525,0.0,0.0,0.0,0.0,33.01779180076008,1.0
KOŚCIAŃSKI,0.0,0.0,7.468856561296313,0.971801913215573,1.92911914493042,0.96455957246521,0.0,0.0,9.397975706226733,1.936361485680783,0.0,0.0,0.0,0.0,22.046693383832945,0.96455957246521
KROTOSZYŃSKI,0.0,0.0,3.704047524007681,0.0,11.248103431044422,0.0,6.0,1.0,20.9521509550521,1.0,0.0,0.0,0.0,0.0,62.92074639223145,3.0
LESZCZYŃSKI,0.0,0.0,13.511613667144015,3.020599766113123,7.041199532226246,0.0205997661131231,2.0,0.0,22.552813199370263,3.0411995322262464,0.0,0.0,0.0,0.0,46.88165653967108,3.020599766113123
MIĘDZYCHODZKI,0.0,0.0,8.0,0.0,0.0,0.0,0.0,0.0,8.0,0.0,0.0,0.0,0.0,0.0,14.0,0.0
MOGILEŃSKI,0.0,0.0,13.80635833884625,4.870905559230833,3.813333393585663,0.9354527796154165,0.0,0.0,17.61969173243191,5.80635833884625,0.0,0.0,0.0,0.0,84.40053657270472,0.9354527796154165
NOWOTOMYSKI,0.0,0.0,20.891798517998936,0.0,0.9879776131109931,0.0,0.9879776131109931,0.0,22.867753744220924,0.0,0.0,0.0,0.0,0.0,40.69944032777482,2.987977613110993
OBORNICKI,0.0,0.0,0.105552840536485,1.7880216620322091,0.03518428017882833,0.0,0.0,0.0,0.14073712071531333,1.7880216620322091,0.0,0.0,0.0,0.0,16.00742257138683,0.0
OSTROWSKI (OSTRÓW WIELKOPOLSKI),0.0,0.0,18.09274657478379,3.2181940062262475,11.90861307644084,3.0,0.0,0.0,30.00135965122463,6.2181940062262475,0.0,0.0,0.0,0.0,68.55695954991484,2.0
POZNAŃ (MIASTO),0.0,0.0,126.0,10.0,11.0,0.0,72.0,15.0,209.0,25.0,0.0,0.0,41.0,1.0,248.0,20.0
RAWICKI,0.0,0.0,1.0722218535609889,0.0,0.0,0.0,3.0,1.0,4.072221853560989,1.0,0.0,0.0,0.0,0.0,18.25277648746346,0.0
SZAMOTULSKI,0.0,0.0,2.0,0.0,0.0,1.0,1.0,0.0,3.0,1.0,0.0,0.0,0.0,0.0,16.0,0.0
SZUBIŃSKI,0.0,0.0,4.0,0.0,7.0,1.0,0.0,0.0,11.0,1.0,0.0,0.0,0.0,0.0,33.0,0.0
ŚREDZKI,0.0,0.0,5.0,1.0,4.0,0.0,0.0,0.0,9.0,1.0,0.0,0.0,0.0,0.0,75.0,2.0
ŚREMSKI,0.0,0.0,10.853068468171356,1.9732851760311556,0.0,0.0,0.0,0.0,10.853068468171356,1.9732851760311556,0.0,0.0,0.0,0.0,12.826353644202511,0.0
WĄGROWIECKI,0.0,0.0,12.0,0.0,2.0,0.0,0.0,0.0,14.0,0.0,0.0,0.0,0.0,0.0,0.0,1.0
WOLSZTYŃSKI,0.0,0.0,8.0,2.0,0.0,0.0,1.0,1.0,9.0,3.0,0.0,0.0,0.0,0.0,38.0,2.0
WRZESIŃSKI,0.0,0.0,2.0,0.0,1.1178695582271554,0.0,1.0,0.0,4.117869558227155,0.0,0.0,0.0,0.0,0.0,6.235739116454311,1.0
WYRZYSKI,0.0,0.0,8.0,2.0,1.0,1.0,0.0,0.0,9.0,3.0,0.0,0.0,0.0,0.0,16.0,0.0
ŻNIŃSKI,0.0,0.0,0.06429951612113775,0.009809916642027537,0.018020517706914402,0.001599315577140672,0.06611285487746194,0.0,0.1484328887055141,0.01140923221916821,0.0,0.0,0.0,0.0,2.287596292654827,0.001599315577140672
POZNAŃSKI,0.0,0.0,2.946412592654243,0.0,0.9580927571067338,0.0,0.01202238688900699,0.0,3.916527736649984,0.0,0.0,0.0,0.0,0.0,22.06017818723289,0.01202238688900699
GNIEZNO (MIASTO),0.0,0.0,0.057600752337595734,0.0064000835930661925,0.013128889420098823,0.0,0.06400083593066193,0.0,0.13473047768835647,0.0064000835930661925,0.0,0.0,0.0,0.0,0.2438606210044482,0.0
INOWROCŁAW (MIASTO),0.0,0.0,0.01949966544258336,0.0,0.0,0.0,0.03899933088516672,0.0,0.05849899632775009,0.0,0.0,0.0,0.0,0.0,0.42899263973683394,0.00974983272129168
DOLIŃSKI,0.0,0.0,1.8937749934171777,0.0,0.0,0.0,0.0,0.0,1.8937749934171777,0.0,0.0,0.0,0.0,0.0,49.23814982884662,0.0
HORODEŃSKI,0.0,0.0,0.0,0.0,0.9743288813475444,0.0,0.0,0.0,0.9743288813475444,0.0,0.0,0.0,0.0,0.0,4.871644406737722,0.0
KAŁUSKI,0.0,0.0,0.9511372273545763,0.0,2.853411682063729,0.0,0.0,0.0,3.804548909418305,0.0,0.0,0.0,0.9511372273545763,0.9511372273545763,0.9511372273545763,0.0
KOŁOMYJSKI,0.0,0.0,12.0,1.0,6.025671118652456,0.0,0.0,0.0,18.025671118652454,1.0,0.0,0.0,0.0,0.0,38.12835559326228,1.0
KOSOWSKI (KOSÓW HUCULSKI),0.0,0.0,0.0,0.0,0.0,0.0,0.0,0.0,0.0,0.0,0.0,0.0,0.0,0.0,9.0,0.0
NADWÓRNIAŃSKI,0.0,0.0,2.140518024419235,1.0,0.09369318334907825,0.0,0.0,0.0,2.234211207768314,1.0,0.0,0.0,0.03123106111635942,0.03123106111635942,37.14051802441924,0.0
ROHATYŃSKI,0.0,0.0,0.0,0.0,1.0,0.0,0.0,0.0,1.0,0.0,0.0,0.0,0.0,0.0,10.0,0.0
STANISŁAWOWSKI,0.0,0.0,25.950360292396653,3.0,9.052895134587192,0.0,0.0,0.0,35.00325542698384,3.0,0.0,0.0,0.017631711529064172,0.017631711529064172,110.02821881175323,2.0
STRYJSKI,0.0,0.0,9.167657109432684,0.0,1.0,0.0,0.0,0.0,10.167657109432684,0.0,0.0,0.0,0.0,0.0,72.13044278825255,0.18429630854958481
ŚNIATYŃSKI,0.0,0.0,1.0,0.0,0.0,0.0,0.0,0.0,1.0,0.0,0.0,0.0,0.0,0.0,26.0,0.0
TŁUMACKI,0.0,0.0,1.9728196589304237,0.0,0.0,0.0,0.0,0.0,1.9728196589304237,0.0,0.0,0.0,0.0,0.0,4.932049147326059,0.0
ŻYDACZOWSKI,0.0,0.0,1.9385678971501383,0.0,0.0,0.0,0.0,0.0,1.9385678971501383,0.0,0.0,0.0,0.0,0.0,11.63140738290083,5.815703691450415
BIELSKI (BIELSKO),0.0,0.0,64.0,3.0,19.0,0.0,2.0,0.0,85.0,3.0,0.0,0.0,0.0,0.0,193.0,6.0
BIELSKO (MIASTO),0.0,0.0,0.0,0.0,0.0,0.0,0.0,0.0,0.0,0.0,0.0,0.0,0.0,0.0,0.0,0.0
CIESZYŃSKI,0.0,0.0,22.0,0.0,10.0,0.0,0.0,0.0,32.0,0.0,0.0,0.0,0.0,0.0,103.0,7.0
TARNOGÓRSKI,0.0,0.0,0.0,0.0,6.0,0.0,0.0,0.0,6.0,0.0,0.0,0.0,0.0,0.0,40.0,0.0
KATOWICE (MIASTO),0.0,0.0,0.0,0.0,0.0,0.0,0.0,0.0,0.0,0.0,0.0,0.0,0.0,0.0,0.0,0.0
KATOWICKI,0.0,0.0,69.05827397455727,2.6560874605598945,8.853624868532982,0.8853624868532982,5.312174921119789,0.0,83.22407376421003,3.541449947413193,0.0,0.0,0.0,0.0,392.2155816760111,2.6560874605598945
LUBLINIECKI,0.0,0.0,3.0,0.0,2.0,0.0,0.0,0.0,5.0,0.0,0.0,0.0,0.0,0.0,51.0,0.0
PSZCZYŃSKI,0.0,0.0,4.0,0.0,6.0,0.0,2.0,0.0,12.0,0.0,0.0,0.0,0.0,0.0,55.0,1.0
RYBNICKI,0.0,0.0,2.0,0.0,11.0,2.0,0.0,0.0,13.0,2.0,0.0,0.0,0.0,0.0,25.0,3.0
ŚWIĘTOCHŁOWICKI,0.0,0.0,4.921812154998615,1.968724861999446,0.984362430999723,0.0,0.0,0.0,5.906174585998338,1.968724861999446,0.0,0.0,0.0,0.0,62.01483315298255,4.921812154998615
CHORZÓW,0.0,0.0,21.019913870444118,1.375187677440659,1.1620127004672942,0.11463751314670172,4.68782507888021,0.0,26.869751649791624,1.489825190587361,0.0,0.0,0.0,0.0,90.76958517100631,3.42210038444149
BORSZCZOWSKI,0.0,0.0,0.0,0.0,0.0,0.0,0.0,0.0,0.0,0.0,0.0,0.0,0.0,0.0,2.952918554735694,0.0
BRODZKI,0.0,0.0,6.036334987001468,0.0,5.012111662333822,0.0,0.0,0.0,11.048446649335292,0.0,0.0,0.0,0.012111662333822848,0.0,60.145339948005876,0.0
BRZEŻAŃSKI,0.0,0.0,0.036458779344213,0.0,0.9669369925589221,0.0,0.0,0.0,1.003395771903135,0.0,0.0,0.0,0.0,0.0,30.102652497031333,0.0
BUCZACKI,0.0,0.0,6.880770565070709,0.0,1.9659344471630598,0.0,0.0,0.0,8.84670501223377,0.0,0.0,0.0,0.0,0.0,21.625278918793658,0.0
CZORTKOWSKI,0.0,0.0,3.1410617343067657,0.0,2.0449817025256776,0.0,0.0,0.0,5.186043436832444,0.0,0.0,0.0,14.0,0.0,9.656499744778506,0.0
KAMIONECKI,0.0,0.0,0.10209922279952263,0.0,0.07557013750808769,0.0,0.0,0.0,0.17766936030761032,0.0,0.0,0.0,0.9841586823453302,0.0,4.571742033103675,0.0
PODHAJECKI,0.0,0.0,1.9487060175548996,0.0,0.0,0.0,0.0,0.0,1.9487060175548996,0.0,0.0,0.0,0.0,0.0,6.820471061442149,0.0
PRZEMYŚLAŃSKI,0.0,0.0,0.0,0.0,0.0,0.0,0.0,0.0,0.0,0.0,0.0,0.0,0.0,0.0,5.0,0.0
RADZIECHOWSKI,0.0,0.0,2.963665012998532,0.0,0.9878883376661772,0.0,0.0,0.0,3.951553350664709,0.0,0.0,0.0,0.9878883376661772,0.0,11.854660051994127,0.0
SKAŁACKI,0.0,0.0,0.0,0.9495375779912469,0.0,0.0,0.0,0.0,0.0,0.9495375779912469,0.0,0.0,0.0,0.0,11.394450935894962,0.0
TARNOPOLSKI,0.0,0.0,5.906507426441735,0.0,1.0174809118480337,0.0,0.0,0.0,6.923988338289769,0.0,0.0,0.0,0.0,0.0,47.29259473780034,0.0
TREMBOWELSKI,0.0,0.0,4.156953499081427,0.022978661907859736,2.0046659459043066,0.0,0.0,0.0,6.161619444985734,0.022978661907859736,0.0,0.0,0.0,0.0,44.07193150461177,0.0
ZALESZCZYCKI,0.0,0.0,0.0,0.0,0.0,0.0,0.0,0.0,0.0,0.0,0.0,0.0,0.0,0.0,0.0,0.0
ZBARASKI,0.0,0.0,3.0,0.0,1.0,0.0,0.0,0.0,4.0,0.0,0.0,0.0,0.0,0.0,30.0,1.0
ZBOROWSKI,0.0,0.0,0.0,0.0,0.0,0.0,0.0,0.0,0.0,0.0,0.0,0.0,0.0,0.0,4.0,0.0
ZŁOCZOWSKI,0.0,0.0,10.0,0.0,1.0,0.0,0.0,0.0,11.0,0.0,0.0,0.0,0.015841317654669788,0.0,17.06336527061868,0.0
KOPYCZYNIECKI,0.0,0.0,1.914706775099362,0.027483760100893213,0.0,0.0,0.0,0.0,1.914706775099362,0.027483760100893213,0.0,0.0,0.0,0.0,7.031278834058486,0.0
BŁOŃSKI,0.0,0.0,1.0,0.0,2.0,0.0,1.0,0.0,4.0,0.0,0.0,0.0,0.0,0.0,38.0,0.0
CIECHANOWSKI,0.0,0.0,2.0,0.0,0.0,0.0,0.0,0.0,2.0,0.0,0.0,0.0,0.0,0.0,8.0,0.0
GOSTYNIŃSKI,0.0,0.0,1.0,0.0,1.0,0.0,0.0,0.0,2.0,0.0,0.0,0.0,0.0,0.0,42.0,0.0
GRÓJECKI,0.0,0.0,1.0,0.0,0.0,0.0,0.0,0.0,1.0,0.0,0.0,0.0,0.0,0.0,9.0,0.0
KUTNOWSKI,0.0,0.0,5.0,0.0,1.0,0.0,0.0,0.0,6.0,0.0,0.0,0.0,0.0,0.0,48.0,0.0
LIPNOWSKI,0.0,0.0,1.9900596787288622,0.0,1.9900596787288622,0.0,0.0,0.0,3.9801193574577245,0.0,0.0,0.0,0.0,0.0,51.74155164695042,0.0
ŁOWICKI,0.0,0.0,11.0,0.0,1.0,0.0,0.0,0.0,12.0,0.0,10.0,0.0,57.0,0.0,50.0,0.0
MAKOWSKI (MAKÓW MAZOWIECKI),0.0,0.0,0.0,0.0,0.0,0.0,0.0,0.0,0.0,0.0,0.0,0.0,0.0,0.0,6.0,0.0
MIŃSKI,0.0,0.0,4.0,0.0,0.0,0.0,0.0,0.0,4.0,0.0,0.0,0.0,0.0,0.0,11.0,0.0
MŁAWSKI,0.0,0.0,14.0,0.0,0.0,1.0,1.0,0.0,15.0,1.0,0.0,0.0,0.0,0.0,53.0,0.0
NIESZAWSKI,0.0,0.0,2.0,3.0,0.0,0.0,0.0,0.0,2.0,3.0,0.0,0.0,0.0,0.0,16.0,0.0
PŁOCKI,0.0,0.0,27.0,3.0,6.0,0.0,0.0,0.0,33.0,3.0,0.0,0.0,0.0,0.0,72.0,0.0
PŁOŃSKI,0.0,0.0,1.0,0.0,0.0,0.0,0.0,0.0,1.0,0.0,0.0,0.0,0.0,0.0,25.0,0.0
PRZASNYCKI,1.0,0.0,2.0,0.0,1.0,0.0,0.0,0.0,4.0,0.0,0.0,0.0,0.0,0.0,17.0,0.0
PUŁTUSKI,0.0,0.0,4.0,0.0,1.0,0.0,0.0,0.0,5.0,0.0,0.0,0.0,0.0,0.0,17.0,0.0
RADZYMIŃSKI,0.0,0.0,2.0,0.0,4.0,0.0,0.0,0.0,6.0,0.0,0.0,0.0,0.0,0.0,1.0,0.0
RAWSKI (RAWA MAZOWIECKA),0.0,0.0,1.0,0.0,0.0,0.0,0.0,0.0,1.0,0.0,0.0,0.0,0.0,0.0,5.0,0.0
RYPIŃSKI,0.0,0.0,8.0,0.0,1.0,0.0,0.0,0.0,9.0,0.0,0.0,0.0,0.0,0.0,55.0,0.0
SIERPECKI,0.0,0.0,5.009940321271138,0.0,0.00994032127113772,0.0,0.0,0.0,5.019880642542275,0.0,0.0,0.0,0.0,0.0,10.25844835304958,0.0
SKIERNIEWICKI,0.0,0.0,1.0,0.0,0.0,0.0,0.0,0.0,1.0,0.0,0.0,0.0,0.0,0.0,29.0,0.0
SOCHACZEWSKI,0.0,0.0,2.0,0.0,0.0,0.0,0.0,0.0,2.0,0.0,0.0,0.0,0.0,0.0,9.0,0.0
WARSZAWSKI,0.0,0.0,4.0,0.0,0.0,0.0,5.0,0.0,9.0,0.0,0.0,0.0,0.0,0.0,25.0,0.0
WŁOCŁAWSKI,0.0,0.0,18.0,2.0,2.0,0.0,3.0,0.0,23.0,2.0,0.0,0.0,0.0,0.0,106.0,0.0
DUBIEŃSKI,0.0,0.0,7.0,1.0,0.0,0.0,0.0,0.0,7.0,1.0,0.0,0.0,0.0,0.0,13.0,9.0
HOROCHOWSKI,0.0,0.0,0.0,0.0,0.0,0.0,0.0,0.0,0.0,0.0,0.0,0.0,0.0,0.0,12.0,3.0
KOWELSKI,8.0,1.0,3.0,3.0,2.0,0.0,0.0,0.0,13.0,4.0,0.0,0.0,0.0,0.0,45.0,12.0
KRZEMIENIECKI,0.0,0.0,0.0,0.0,0.0,0.0,0.0,0.0,0.0,0.0,0.0,0.0,0.0,0.0,39.0,6.0
LUBOMELSKI,0.0,0.0,2.0,0.0,0.0,0.0,1.0,0.0,3.0,0.0,0.0,0.0,0.0,0.0,15.0,0.0
ŁUCKI,0.0,0.0,5.0,1.0,9.0,1.0,0.0,0.0,14.0,2.0,0.0,0.0,0.0,0.0,73.0,7.0
RÓWIEŃSKI,0.0,0.0,8.0,2.0,12.0,5.0,0.0,0.0,20.0,7.0,0.0,0.0,0.0,0.0,126.0,21.0
WŁODZIMIERSKI,0.0,0.0,0.0,0.0,1.0,0.0,1.0,0.0,2.0,0.0,0.0,0.0,0.0,0.0,31.0,0.0
KOSTOPOLSKI,0.0,0.0,2.0,1.0,3.0,2.0,0.0,0.0,5.0,3.0,0.0,0.0,0.0,0.0,8.0,0.0
ZDOŁBUNOWSKI,0.0,0.0,5.0,0.0,0.0,0.0,0.0,0.0,5.0,0.0,0.0,0.0,0.0,0.0,37.0,26.0
SARNEŃSKI,0.0,0.0,1.0,0.0,23.0,3.0,0.0,0.0,24.0,3.0,0.0,0.0,3.0,2.0,83.0,0.0
OSZMIAŃSKI,0.0,0.0,4.556560709078823,0.9113121418157647,0.0,0.0,0.0,0.0,4.556560709078823,0.9113121418157647,0.0,0.0,0.0,0.0,36.45248567263059,8.201809276341882
ŚWIĘCIAŃSKI,0.0,0.0,25.169626890205794,1.4766959634579202,0.0,0.0,0.0,0.0,25.169626890205794,1.4766959634579202,0.0,0.0,0.0,0.0,74.77053268888841,2.9533919269158404
WILNO (MIASTO),0.0,0.0,47.0,9.0,26.0,0.0,5.0,0.0,78.0,9.0,0.0,0.0,0.0,0.0,378.0,33.0
DZIŚNIEŃSKI,0.0,0.0,21.5191043950424,3.529889435551361,0.4677138887799811,0.23385694438999055,0.0,0.0,21.98681828382238,3.7637463799413515,0.0,0.0,0.0,0.0,95.25559913058325,11.17798321257931
WILEJSKI,0.0,0.0,12.589837712034566,1.715319262524861,0.1163953524990724,0.0581976762495362,0.0,0.0,12.706233064533638,1.7735169387743972,0.0,0.0,0.0,0.0,64.72842505425179,9.584611306417925
WILEŃSKO-TROCKI,0.45875037333969904,0.1835001493358796,0.9514085994016609,0.003440822164562117,0.0,0.0,0.0,0.0,1.41015897274136,0.18694097150044173,0.0,0.0,0.0,0.0,8.353500757727485,0.030967399481059053
POSTAWSKI,0.0,0.0,9.355591191039078,0.17553428098793056,1.4158907587209464,0.7079453793604732,0.0,0.0,10.771481949760025,0.8834796603484038,0.0,0.0,0.0,0.0,33.64256946750705,0.3510685619758611
MOŁODECZAŃSKI,0.15056302012160458,0.0,4.026747340305728,0.7176975290489618,0.15056302012160458,0.15056302012160458,0.0,0.0,4.327873380548937,0.8682605491705664,0.0,0.0,0.0,0.0,32.56605540395731,5.329840589232249
