District,Pszenica,Żyto,Jęczmień,Owies,Gryka,Proso,Kukurydza,Mieszanki zbóż na ziarno (jęczmień i owies),Mieszanki zbóż na ziarno (inne),Groch,"Fasola, Bób, Soczewica","Peluszka, wyka, bobik",Łubin,Seradela,Koniczyna,Pozostałe pastawne oraz mieszanki,Ziemniaki,Buraki Cukrowe,Len,Konopie,Rzepak i rzepik ozimy i jary,Chmiel,Cykoria
AUGUSTOWSKI,1564.0,14500.0,3181.0,11125.0,774.0,0.0,0.0,61.0,90.0,1533.0,158.0,370.0,1481.0,121.0,960.0,404.0,6913.0,0.0,565.0,37.0,3.0,0.0,0.0
BIAŁOSTOCKI,3055.0,27591.0,5185.0,10128.0,798.0,21.0,1.0,328.0,169.0,3442.0,165.0,1490.0,4545.0,2181.0,2253.0,884.0,15525.0,0.0,1496.0,162.0,175.0,1.0,0.0
BIELSKI (BIELSK PODLASKI),6737.0,51043.0,6117.0,15366.0,1885.0,69.0,0.0,349.0,451.0,4915.0,97.0,3130.0,4646.0,2902.0,1404.0,727.0,17908.0,0.0,2147.0,120.0,126.0,1.0,0.0
GRODZIEŃSKI,3631.7736319374276,44121.355372385464,9177.502193017206,13113.240498014151,2134.2596004423685,8.36600017595005,5.577333450633367,229.6002270510736,145.9402252915731,3139.10917713148,156.16533661773428,553.0855671878089,6722.545919163418,2150.062045219163,2937.395617333573,466.63689870299174,15966.046558013119,0.0,1130.3395793283623,138.5037806907286,33.4640007038002,0.0,0.0
ŁOMŻYŃSKI,6556.7118193708575,44226.2797211001,3947.960554159205,14924.259283028641,1926.9674650079246,213.29530475139967,1.0,275.2887764256309,327.79413517048494,3674.6014336292765,8.0,1684.9813933421328,3575.8319442827074,2854.844022614806,1752.7033344062102,773.6800494246841,19130.149217197366,0.0,1048.4932804127557,764.1252923952287,202.77085018895886,0.0,0.0
OSTROŁĘCKI,3973.2881806291425,32686.720278899906,3035.0394458407955,6443.740716971359,2135.0325349920754,646.7046952486003,0.0,169.71122357436911,222.20586482951506,2972.398566370724,11.0,973.0186066578672,2685.1680557172926,3085.155977385194,1289.2966655937898,367.319950575316,16979.850782802634,229.0,1282.5067195872443,89.87470760477132,106.22914981104114,0.0,0.0
OSTROWSKI (OSTRÓW MAZOWIECKA),3267.0,25036.0,1996.0,4614.0,1445.0,104.0,0.0,324.0,281.0,1131.0,64.0,959.0,1882.0,2840.0,1666.0,180.0,8762.0,272.0,536.0,19.0,100.0,0.0,0.0
SOKÓLSKI,1094.0,33028.0,3708.0,13716.0,1116.0,10.0,4.0,108.0,98.0,2406.0,243.0,805.0,4351.0,1760.0,1406.0,562.0,10433.0,0.0,1217.0,112.0,98.0,0.0,0.0
SUWALSKI,1645.0,25735.0,4122.0,21684.0,750.0,1.0,0.0,151.0,142.0,3182.0,898.0,487.0,1256.0,516.0,2590.0,46.0,10046.0,0.0,1146.0,109.0,2.0,0.0,0.0
SZCZUCZYŃSKI (WOJ. BIAŁOSTOCKIE),3134.0,18922.0,2646.0,8392.0,1315.0,63.0,0.0,475.0,219.0,2887.0,1.0,459.0,1714.0,878.0,824.0,120.0,8940.0,0.0,351.0,15.0,98.0,0.0,0.0
WOŁKOWYSKI,3927.0,57181.0,12480.0,20669.0,2910.0,3.0,0.0,193.0,361.0,2956.0,77.0,944.0,7096.0,3028.0,2655.0,310.0,21644.0,0.0,1512.0,288.0,21.0,0.0,0.0
WYSOKOMAZOWIECKI,6182.0,28494.0,3117.0,9191.0,47.0,17.0,0.0,502.0,544.0,1913.0,40.0,1996.0,2062.0,841.0,2689.0,613.0,9422.0,115.0,786.0,30.0,105.0,0.0,0.0
BIAŁYSTOK (MIASTO),0.0,0.0,0.0,0.0,0.0,0.0,0.0,0.0,0.0,0.0,0.0,0.0,0.0,0.0,0.0,0.0,0.0,0.0,0.0,0.0,0.0,0.0,0.0
BĘDZIŃSKI,334.0,9074.0,1014.0,1218.0,2.0,0.0,0.0,84.0,55.0,1.0,0.0,31.0,549.0,74.0,183.0,123.0,6613.0,0.0,0.0,0.0,10.0,0.0,0.0
CZĘSTOCHOWSKI,978.0,41441.0,2345.0,6866.0,71.0,52.0,1.0,177.0,339.0,67.0,6.0,392.0,6901.0,3827.0,1133.0,268.0,20357.0,47.0,15.0,0.0,88.0,10.0,0.0
IŁŻECKI,3932.0,33386.0,12073.0,17659.0,1885.0,430.0,0.0,428.0,227.0,471.0,152.0,651.0,4578.0,1954.0,3908.0,121.0,14954.0,252.0,216.0,68.0,464.0,22.0,0.0
JĘDRZEJOWSKI,11155.15197818722,20361.45751831507,7238.768411912441,7904.320884988002,6.103552526459237,301.6887027391814,3.669108632505835,233.61701252855576,176.57718463376375,321.7965578958403,42.493865895420974,2437.2179187593083,4164.48892358378,2263.8198149512746,4736.662011258551,805.1946617038737,12781.646369502301,12.059886543021832,11.334554316252918,2.2071050529184726,138.04349084355076,1.0,0.023896736875208387
KIELECKI,4177.0,27813.0,6508.0,6400.0,143.0,105.0,0.0,49.0,31.0,166.0,5.0,129.0,2107.0,619.0,1377.0,61.0,21863.0,0.0,213.0,23.0,10.0,0.0,0.0
KONECKI,895.0,25157.0,2696.0,4810.0,108.0,125.0,0.0,49.0,91.0,46.0,3.0,136.0,2868.0,1406.0,316.0,45.0,17905.0,0.0,142.0,2.0,17.0,0.0,0.0
KOZIENICKI,3014.0,34337.0,7925.0,11811.0,2892.0,620.0,0.0,179.0,96.0,141.0,59.0,382.0,5029.0,4463.0,1791.0,63.0,11719.0,978.0,207.0,32.0,121.0,35.0,0.0
MIECHOWSKI,16831.84802181278,18862.54248168493,11055.23158808756,13116.679115011999,12.896447473540764,210.3112972608186,83.33089136749416,201.38298747144424,196.42281536623625,99.20344210415972,61.506134104579026,2019.782081240692,434.51107641621957,351.18018504872543,9049.33798874145,1767.8053382961264,12036.353630497699,1501.9401134569782,41.66544568374708,25.79289494708153,129.95650915644924,0.0,2.9761032631247915
OLKUSKI,3513.0,22085.0,7507.0,8554.0,172.0,0.0,1.0,276.0,117.0,48.0,3.0,725.0,2699.0,332.0,3444.0,127.0,15945.0,0.0,6.0,5.0,18.0,0.0,0.0
OPATOWSKI,10913.0,23015.0,11788.0,19220.0,239.0,503.0,0.0,218.0,184.0,470.0,40.0,1704.0,3034.0,1496.0,7226.0,1106.0,14972.0,1386.0,120.0,35.0,426.0,16.0,0.0
OPOCZYŃSKI,1817.0,39152.0,4129.0,9675.0,435.0,374.0,7.0,64.0,20.0,162.0,16.0,34.0,5473.0,2655.0,977.0,62.0,16209.0,0.0,308.0,5.0,129.0,6.0,0.0
PIŃCZOWSKI,11610.0,18931.0,9683.0,7571.0,72.0,1078.0,7.0,187.0,212.0,180.0,86.0,1949.0,462.0,124.0,5283.0,1080.0,10510.0,2998.0,3.0,8.0,126.0,11.0,44.0
RADOMSKI,2383.3789953055743,47284.818709845524,9364.824835445288,14893.159226874279,1331.772203502701,812.8742931009078,0.0,115.42025763690074,45.37890471194388,653.0616286805837,84.83882185276465,744.805936032992,8784.764053475223,5687.1605579207935,2840.127536210575,183.48861470481657,17009.19728355079,40.446415069341285,320.6118267691687,34.527427498218174,393.61267347968715,38.47341921230025,0.0
SANDOMIERSKI,8847.0,16122.0,8938.0,10399.0,74.0,1021.0,4.0,157.0,99.0,315.0,102.0,1387.0,1836.0,591.0,4396.0,293.0,11151.0,1125.0,36.0,45.0,155.0,16.0,0.0
STOPNICKI,9396.0,26993.0,9263.0,10416.0,43.0,1722.0,1.0,299.0,205.0,519.0,152.0,1202.0,3213.0,870.0,4324.0,271.0,15328.0,330.0,2.0,4.0,78.0,0.0,0.0
WŁOSZCZOWSKI,6356.0,18607.0,3430.0,5272.0,22.0,129.0,3.0,185.0,124.0,136.0,11.0,1192.0,4016.0,1964.0,2087.0,410.0,11715.0,0.0,96.0,6.0,29.0,19.0,0.0
ZAWIERCIAŃSKI,998.0,17751.0,2454.0,3078.0,56.0,5.0,1.0,63.0,79.0,71.0,14.0,177.0,2069.0,137.0,412.0,123.0,11069.0,0.0,1.0,0.0,0.0,0.0,0.0
CZĘSTOCHOWA (MIASTO),0.0,0.0,0.0,0.0,0.0,0.0,0.0,0.0,0.0,0.0,0.0,0.0,0.0,0.0,0.0,0.0,0.0,0.0,0.0,0.0,0.0,0.0,0.0
SOSNOWIEC,0.0,0.0,0.0,0.0,0.0,0.0,0.0,0.0,0.0,0.0,0.0,0.0,0.0,0.0,0.0,0.0,0.0,0.0,0.0,0.0,0.0,0.0,0.0
RADOM (MIASTO),32.621004694425544,647.1812901544723,128.17516455471096,203.84077312572123,18.227796497299042,11.125706899092156,0.0,1.5797423630992504,0.6210952880561155,8.938371319416271,1.1611781472353464,10.194063967007983,120.23594652477628,77.83944207920665,38.87246378942514,2.5113852951834237,232.80271644920748,0.5535849306587116,4.388173230831251,0.472572501781827,5.387326520312828,0.5265807876997501,0.0
BIALSKI (BIAŁA KRAKOWSKA),1127.6356699864768,7389.463325378024,651.4490079970981,7757.091199659921,2.0,1.0441363827681773,0.0,134.72888732979294,54.35309106214542,5.044136382768177,20.573772975986305,38.8751592535295,15.051704784602217,1.0,4586.103561104369,171.2005247648109,6612.179472425456,0.0,0.0,0.0,48.0,0.0,0.0
BOCHEŃSKI,7585.0,10292.0,3272.0,5794.0,110.0,80.0,5.0,55.0,24.0,59.0,52.0,59.0,69.0,3.0,3793.0,59.0,7308.0,0.0,2.0,1.0,35.0,10.0,76.0
BRZESKI (BRZESKO),7611.0,13401.0,4225.0,7247.0,7.0,337.0,31.0,113.0,8.0,24.0,46.0,90.0,92.0,29.0,4444.0,49.0,8637.0,35.0,3.0,11.0,6.0,0.0,0.0
CHRZANOWSKI,979.0,8993.0,867.0,3588.0,6.0,20.0,0.0,48.0,27.0,3.0,2.0,26.0,155.0,6.0,946.0,50.0,6604.0,0.0,0.0,0.0,5.0,0.0,0.0
DĄBROWSKI,6834.0,9926.0,3329.0,4735.0,24.0,403.0,142.0,211.0,75.0,41.0,146.0,227.0,560.0,17.0,3418.0,256.0,5529.0,107.0,3.0,12.0,19.0,0.0,0.0
GORLICKI,5320.1294463199365,7046.228875186181,3122.3913080146435,10841.107455314252,2.0,1.2810840457110495,0.0,131.95696724548452,67.83794159988673,64.90276495993204,111.52444587415303,61.929866102708274,34.67588319977346,0.0,4293.540177085738,83.90276495993204,6174.157095919257,0.0,123.8326310626403,1.2810840457110495,0.2810840457110494,0.0,0.0
JASIELSKI,8029.498412207267,11604.857378012766,4025.4874076326755,8015.821834706636,49.95486928919788,47.57012015315292,1.0021600327712499,204.22574269017326,34.9231587298115,77.96641629609226,227.84198875426102,155.53634843703892,219.61706626648157,19.819390623522334,4116.327424635294,147.07018440238141,7688.062965865835,6.397446029909962,24.144097814166617,8.069888874312058,0.42304991250166096,0.0,0.0
KRAKOWSKI,7737.700086880828,13949.311506212207,2632.068381463124,8111.336152808213,4.818987377248194,21.323417952113264,5.0,90.42721598808437,99.9227854132193,43.59936746110604,12.86645582036868,228.85443197616874,165.24620336533258,22.637974754496387,4552.712709632633,359.7594950899278,8583.476022376784,849.0,1.0,27.379747544963884,13.637974754496389,0.0,30.0
KRAKÓW (MIASTO),0.0,0.0,0.0,0.0,0.0,0.0,0.0,0.0,0.0,0.0,0.0,0.0,0.0,0.0,0.0,0.0,0.0,0.0,0.0,0.0,0.0,0.0,0.0
LIMANOWSKI,4285.0,5185.0,3919.0,10650.0,0.0,2.0,0.0,203.0,146.0,36.0,4.0,49.0,250.0,0.0,4870.0,85.0,5833.0,0.0,86.0,15.0,0.0,0.0,0.0
MIELECKI,5950.8675632005825,11854.979730969799,3268.898497605669,7085.929396970536,63.66692143845491,200.9487207901233,9.947956474758579,306.3970594225642,176.07882960322686,50.73457802126875,34.81784766165503,349.17327226402614,1328.0521893802704,172.09964701332342,3223.1378978217795,256.65727704877133,7667.8848507439125,21.885504244468873,7.958365179806863,3.9791825899034317,0.9947956474758579,0.0,0.0
MYŚLENICKI,5245.221750118827,8684.061143068708,2711.0316568695052,11648.781986945116,1.1810126227518059,7.676582047886738,0.0,153.34488328112127,25.66941747780462,20.252206032482473,6.13354417963132,67.14556802383126,316.98310454479133,2.3620252455036117,5339.229691475267,76.57183406390952,7701.735887454865,0.0,26.58919662177985,23.620252455036116,8.362025245503611,0.0,0.0
NOWOSĄDECKI,5930.806042683499,9227.863644679961,6264.1643864631715,16605.47624328369,2.0,2.556408347700225,0.0,602.5049926867159,41.474292169507876,127.68457530170473,107.81274225570922,140.59478399421036,77.94858433901575,1.0,7171.783017295593,107.68457530170473,9109.651795700545,0.0,252.27935929591507,25.556408347700224,1.5564083477002248,0.0,0.0
NOWOTARSKI,235.69087122031544,3506.2030352941424,6089.962885819161,28083.77746613321,0.0,0.0,0.0,492.90916585788614,28.885923147109835,158.6328022479356,27.0,0.0,306.0895218778702,0.0,6447.930120649427,18.556176185136295,10923.42035427672,0.0,249.72018742481427,3.0,0.0,0.0,0.0
ROPCZYCKI,9159.501587792733,17071.142621987237,4877.512592367325,9216.178165293364,43.04513071080213,190.4298798468471,0.9978399672287503,138.77425730982674,220.0768412701885,54.03358370390774,101.15801124573899,128.4636515629611,806.3829337335185,47.18060937647767,4514.672575364707,226.9298155976186,10073.937034134166,183.60255397009007,25.855902185833386,11.930111125687942,6.57695008749834,0.0,0.0
TARNOWSKI,7850.064510996565,12691.90748013386,4034.444305522186,8502.416301402058,54.0,94.16250760658873,10.0,116.53804006779953,70.6877662306054,42.41265973836324,74.66281187013776,111.47534990308138,302.3755324612108,26.0,5289.676805618669,140.41265973836323,8038.191108380198,131.0,16.888009641444626,1.1625076065887257,0.16250760658872573,9.0,0.0
WADOWICKI,4318.74143015501,12768.263664830738,1988.9858256244481,15102.16736954988,0.0,1.955863617231823,0.0,155.9908165266398,29.89237881035487,17.559770669017745,14.426227024013698,40.1248407464705,285.52869398756275,1.0,7383.824169463311,198.34760600804776,11574.323811596969,0.0,19.56766603178822,0.0,5.0,0.0,13.0
ŻYWIECKI,949.0101916385441,4575.697325216182,2909.5022422266643,14062.845824903663,0.0,0.0,0.0,143.59903101647544,93.27640408936595,1.9117172066899721,3.0,2.0,120.10077143984101,0.0,6828.199747674994,37.5643638881678,9432.864451869205,0.0,77.12294992161766,0.0,0.0,0.0,0.0
BIALSKI (BIAŁA PODLASKA),5131.785334865892,32460.472156942968,4057.1505827085084,12873.999425507765,1167.2235098682477,690.5614092097962,4.0,248.69193864405287,335.93495529521977,1089.8552052033126,33.65573694641317,1094.5649596702788,3935.491560148156,4294.572066358205,3016.748044219663,2080.0203039547114,14418.151350428307,93.66922847904857,572.9568149611825,153.56275326513577,254.61509899049457,0.01722095181530722,0.0
BIŁGORAJSKI,4111.0,16614.0,4578.0,9735.0,5509.0,907.0,0.0,47.0,20.0,150.0,2.0,106.0,1845.0,508.0,1473.0,48.0,8632.0,19.0,733.0,806.0,25.0,0.0,0.0
CHEŁMSKI,13926.0,29179.0,9453.0,9122.0,1869.0,692.0,8.0,595.0,224.0,636.0,93.0,1375.0,1099.0,266.0,2743.0,226.0,13989.0,671.0,260.0,170.0,273.0,56.0,0.0
GARWOLIŃSKI,4361.0,34216.0,7750.0,11856.0,2767.0,785.0,11.0,298.0,239.0,268.0,15.0,317.0,3814.0,3901.0,5430.0,584.0,16125.0,259.0,438.0,55.0,256.0,11.0,0.0
HRUBIESZOWSKI,17051.23380946995,17788.1893512666,9368.974783961194,12851.872691170243,2168.0345807525596,788.2674094909828,1.0406465328551875,229.1621096726088,109.01984680761565,375.5464099916151,264.37782217202846,2565.145469892417,361.9015906952861,22.442951916359156,4019.1938957644265,1842.0198468076157,9468.742431681581,3086.21101200343,309.9163887323597,263.8309357216014,707.855418933077,15.335333896055296,0.0
JANOWSKI,7587.0,24271.0,10323.0,14569.0,4547.0,1080.0,2.0,1634.0,170.0,245.0,29.0,675.0,4844.0,1342.0,3944.0,178.0,11063.0,1304.0,333.0,227.0,390.0,69.0,0.0
KRASNOSTAWSKI,18692.0,18084.0,8905.0,10694.0,2831.0,837.0,6.0,1042.0,302.0,237.0,75.0,1560.0,2742.0,86.0,6863.0,539.0,11253.0,1798.0,388.0,306.0,499.0,78.0,0.0
LUBARTOWSKI,4285.0,29358.0,3089.0,8584.0,6054.0,553.0,0.0,107.0,22.0,37.0,9.0,181.0,1371.0,1848.0,2532.0,32.0,11193.0,671.0,270.0,43.0,212.0,67.0,0.0
LUBELSKI,20391.10660227443,28688.294428316,12683.015124766087,17652.95487736619,3218.5991699048805,408.67936192660295,3.9871157261131995,1207.0992860807712,192.37833378496188,68.77774627545269,34.8872626034905,1038.6436466524885,4113.7066504172935,732.6325146733004,8859.37114342353,376.78243611769733,15738.142549900327,4570.2314010572545,202.34612310024488,109.64568246811298,561.1865384504329,80.7390934537923,0.0
ŁUKOWSKI,2704.0,36057.0,2472.0,11815.0,3142.0,401.0,1.0,246.0,139.0,451.0,17.0,906.0,1827.0,6587.0,3867.0,284.0,14907.0,25.0,693.0,44.0,164.0,28.0,0.0
PUŁAWSKI,5585.0,24121.0,10399.0,9459.0,3456.0,1083.0,1.0,584.0,212.0,171.0,17.0,899.0,2977.0,1520.0,4791.0,301.0,12683.0,2028.0,116.0,75.0,353.0,203.0,0.0
RADZYŃSKI,6472.015953300126,25128.348709759273,2111.8685902999337,11993.143408846157,1823.1171093065432,598.4125519897501,0.0,100.5651709666635,118.48767668349461,392.3037362461923,35.845011433662236,1075.3503430098672,2135.7652645890416,3318.6506418998956,3850.3516448325518,186.1949205026344,11135.850218724401,228.01410050857368,448.06264292077793,88.61683382210941,231.0011847947122,3.982779048184693,0.0
SIEDLECKI,5089.021868939293,36313.73216682878,2895.0555061171044,12335.570914357619,384.7206630114433,218.04022285535163,0.0,495.2836996671921,904.4663211626014,851.2098118609708,15.345652596546536,1963.1478589316164,2279.3522382740866,8811.728346301907,3813.10985907517,1711.2718203364414,17110.72530342066,151.34022007804583,1057.98696751021,20.611957095313155,132.5076138578184,3.0,0.0
SOKOŁOWSKI,4422.0,22439.0,2551.0,6480.0,194.0,96.0,2.0,589.0,407.0,554.0,16.0,2420.0,1564.0,4232.0,2755.0,287.0,12608.0,729.0,603.0,9.0,32.0,0.0,0.0
TOMASZOWSKI,12393.76619053005,16285.8106487334,9154.025216038806,9631.127308829757,2048.9654192474404,902.7325905090173,3.9593534671448127,502.8378903273912,488.98015319238436,345.45359000838494,231.62217782797154,890.8545301075828,867.098409304714,140.55704808364086,3330.806104235574,488.98015319238436,9813.257568318419,2455.78898799657,284.0836112676403,373.1690642783986,278.1445810669231,32.664666103944704,0.0
WĘGROWSKI,2795.0,21680.0,2008.0,5974.0,506.0,305.0,1.0,356.0,119.0,253.0,16.0,1917.0,2198.0,3864.0,2369.0,133.0,12205.0,5.0,551.0,12.0,9.0,3.0,0.0
WŁODAWSKI,4889.0,34454.0,3724.0,10284.0,5289.0,870.0,1.0,34.0,44.0,585.0,23.0,343.0,2800.0,997.0,1574.0,111.0,12342.0,38.0,601.0,206.0,347.0,23.0,0.0
ZAMOJSKI,13175.0,16698.0,8851.0,10100.0,1997.0,694.0,1.0,419.0,96.0,290.0,59.0,1329.0,809.0,403.0,4251.0,293.0,10871.0,1934.0,269.0,218.0,171.0,31.0,0.0
LUBLIN (MIASTO),65.89339772556929,92.70557168400106,40.984875233912284,57.045122633809065,10.400830095119677,1.3206380733970478,0.012884273886800466,3.900713919228841,0.6216662150381225,0.22225372454730805,0.11273739650950408,3.3563533475115213,13.293349582706382,2.367485326699586,28.628856576470636,1.217563882302644,50.85745009967314,14.768598942745035,0.6538768997551236,0.3543175318870128,1.8134615495671655,0.2609065462077094,0.0
BÓBRECKI,7798.0,5859.0,4060.0,7170.0,836.0,531.0,645.0,241.0,69.0,217.0,180.0,372.0,97.0,2.0,2213.0,339.0,6996.0,940.0,252.0,278.0,18.0,2.0,0.0
BRZOZOWSKI,4987.0,9684.0,3485.0,5985.0,22.0,38.0,0.0,101.0,42.0,46.0,53.0,269.0,51.0,10.0,3608.0,75.0,6042.0,69.0,36.0,63.0,0.0,0.0,0.0
DOBROMILSKI,4680.2141152842305,7237.0011587967965,2075.2994903603158,10200.512623688363,13.5799298856735,31.30882916187002,5.158887590475436,93.19953257115668,49.97218976188588,35.62660434282089,89.22539844752765,109.18767000946113,222.29093712370832,2.065538676180658,2626.3691141512195,68.7010890380824,5563.180854968048,32.0,124.27304508554661,84.7864641141679,2.0,0.0,0.0
DROHOBYCKI,4165.504328399905,10234.728361592597,3014.5537508128364,10235.159989831447,41.34275509947179,333.8225920097065,163.4187581967036,38.45601858339093,41.07748542108901,24.944850581897615,411.7480712363319,299.55880465518095,31.891183487652416,33.152006194463645,2832.6702823798564,52.88970116379523,8168.536636089377,8.381497810016292,678.6691034913857,188.30845936049883,8.509685677636126,0.0,0.0
GRÓDECKI,5038.430644324668,9324.628293202615,3279.7439014539327,6461.41823175099,1292.849657564324,450.460613231727,8.24199124739365,90.30990793288859,69.70108534509805,126.48224764227278,342.21848322757086,150.48746364980298,776.8072487736041,57.84605355726611,2058.05187149826,76.80013807288145,5958.1509267082765,141.68892864657377,435.82152515262464,214.7271355651434,0.13561907429595535,0.0,15.0
JAROSŁAWSKI,8570.650996120485,17510.423567545527,4109.928964117097,7864.785408179447,786.5521877046222,569.1808870919843,58.48828143780363,464.85580597704546,85.54598429132183,60.26043892240278,29.616334628331717,383.0102036210342,899.6907752979278,261.0642213889333,3405.508844155233,278.08449511396066,8492.339485507611,1900.0349190005852,249.01645056026666,202.8860181901095,63.33449730001951,1.001073273639052,0.0
JAWOROWSKI,3315.5030139170713,14943.347449812076,3174.340461209402,8030.760725477917,1404.0680613762859,787.107604572317,4.741654366501199,96.94745769816944,131.95679956978165,83.46228117673135,73.0172498922438,88.28848258072576,1703.8681019427258,463.98885740141867,994.3475298309057,82.33640152469539,6782.6261115809775,57.71924903913749,594.1328326395321,345.6849395664306,0.0,0.4121668077793548,0.0
KOLBUSZOWSKI,2054.132436799418,14514.020269030201,2991.101502394331,4564.070603029464,513.3330785615451,569.0512792098767,1.052043525241421,26.60294057743577,182.92117039677316,23.265421978731247,29.182152338344974,83.82672773597388,2714.94781061973,117.90035298667658,1077.8621021782205,48.342722951228666,7228.1151492560875,1.1144957555311263,204.04163482019314,106.02081741009657,0.0052043525241421106,0.0,0.0
KROŚNIEŃSKI,7069.362916643958,10844.144515802274,3920.7633432550006,8713.399387430298,28.72726899815522,36.92726352878288,3.0,374.34542645276935,140.3545338942812,46.672720063100094,176.51815335258485,244.4545243228796,50.909075992620885,7.818179332103481,4420.199625347995,133.99089255848816,7284.79040578435,18.24544969760179,46.63635866420696,48.40908282933631,21.890902129889746,1.172726899815522,0.0
LESKI,2634.0,6434.0,2072.0,23986.0,25.0,11.0,1.0,51.0,25.0,67.0,568.0,63.0,1019.0,0.0,2748.0,48.0,6801.0,4.0,439.0,187.0,0.0,0.0,0.0
LWOWSKI,11512.0,13117.0,4997.0,11909.0,1736.0,632.0,102.0,302.0,230.0,196.0,292.0,221.0,267.0,4.0,5176.0,350.0,10459.0,172.0,320.0,186.0,3.0,0.0,0.0
LWÓW (MIASTO),0.0,0.0,0.0,0.0,0.0,0.0,0.0,0.0,0.0,0.0,0.0,0.0,0.0,0.0,0.0,0.0,0.0,0.0,0.0,0.0,0.0,0.0,0.0
ŁAŃCUCKI,5732.935823593806,16327.217517463208,3858.610855804237,5970.084521002547,1273.0848701822285,1056.5962304891398,159.21946001918195,112.59365781410453,278.77325541720757,45.44149271339926,75.70081514866015,262.2696131354023,1111.3720585813828,502.41148753596616,2769.538848997185,178.7509682648805,6968.243565299305,253.36176788124138,537.289327612694,204.6309475551481,19.35662253117068,55.05486500479549,0.0
MOŚCISKI,5623.0,12282.0,3255.0,4948.0,267.0,588.0,131.0,228.0,125.0,55.0,102.0,226.0,658.0,246.0,2150.0,236.0,6149.0,63.0,374.0,163.0,82.0,3.0,7.0
NIŻAŃSKI,2505.0,9888.0,2054.0,2981.0,648.0,851.0,1.0,55.0,38.0,25.0,21.0,28.0,1052.0,69.0,653.0,23.0,5875.0,19.0,281.0,142.0,0.0,0.0,0.0
PRZEMYSKI,9920.0,13276.0,3381.0,6298.0,130.0,136.0,34.0,220.0,102.0,108.0,226.0,594.0,73.0,4.0,4469.0,104.0,7421.0,945.0,114.0,160.0,20.0,0.0,0.0
PRZEWORSKI,5021.0,6673.0,1223.0,3473.0,97.0,212.0,2.0,74.0,203.0,154.0,19.0,260.0,66.0,55.0,1928.0,327.0,3267.0,1246.0,2.0,8.0,47.0,0.0,0.0
RAWSKI (RAWA RUSKA),8078.0,13639.0,6305.0,6900.0,1245.0,819.0,16.0,165.0,187.0,386.0,93.0,808.0,1203.0,161.0,2007.0,273.0,8333.0,537.0,214.0,430.0,77.0,3.0,0.0
RUDECKI,5315.502619031767,6236.103277697037,3575.379091996013,4795.2492866321245,577.7289386456972,743.2190462852022,453.8590975981635,136.7523045164772,102.06874902316777,79.27669827042158,401.3382849940092,178.37257110844854,74.32190462852023,0.0,1326.893737301181,225.93859007070148,6197.455887290206,159.54435526922342,572.7741450037959,156.5714790840826,14.864380925704046,0.0,0.0
RZESZOWSKI,13096.701259762234,20809.637966734517,5818.625800940763,9492.516091567155,92.18786081961619,243.47650598207724,7.780539980818044,265.06091573312614,225.87221068851127,121.88578722350064,199.781031498755,361.2758625417181,511.71886542599634,26.77033313193035,6499.261525654821,391.25813917663135,10699.966028916346,178.39278242115682,70.07431372309904,61.95996961551556,46.752475338939576,3.7724080953889887,0.0
SAMBORSKI,6195.114815743788,13220.067775535927,4725.310717013287,8996.245958404783,123.23456489226331,395.15068057584557,123.90674772906925,224.72611469484318,76.06016272323279,64.67943385520026,451.63814578218563,419.4581871839674,191.72661056591247,40.0795708405837,2743.957831458821,103.64389957434359,10011.42788767,139.6185021899837,366.593212030192,272.4704650600692,8.490314322363872,0.0,0.0
SANOCKI,5379.0,7862.0,4390.0,13892.0,6.0,28.0,2.0,203.0,151.0,106.0,356.0,186.0,279.0,0.0,3607.0,84.0,7008.0,88.0,155.0,94.0,12.0,0.0,0.0
SOKALSKI,12558.227019688973,12106.234387142691,6895.3765925452535,7470.820957328845,1234.5173223731035,1034.4060467303666,22.8983051730495,557.523952039466,230.97420870206452,850.2240268601857,72.67722946228754,834.2947710876296,186.17317684175026,2.9867354573542824,3966.384687366487,1062.2822443323398,9157.33091224823,1150.8887295671834,420.1341210011691,502.76713532130424,12.942520315201891,0.0,0.0
TARNOBRZESKI,2359.0,9112.0,2980.0,3392.0,188.0,729.0,1.0,39.0,78.0,5.0,22.0,284.0,435.0,77.0,1069.0,230.0,6635.0,278.0,94.0,99.0,6.0,14.0,0.0
ŻÓŁKIEWSKI,7224.606008028223,10947.442325870486,3527.777528733761,5781.17096862531,1247.4473989177043,567.5281911680695,49.22912296547902,78.95236702010786,153.26047715667997,172.76635606753015,108.67561107473671,224.78203316313062,338.1019011214031,10.217365143778665,1914.3626873934388,111.46216520485817,6108.126653226227,64.09074499279345,425.41393053187534,298.1612919229956,34.367500938164596,12.075067897192968,0.0
LUBACZOWSKI,4217.91272660601,11913.497411742746,3217.607581223556,8699.786347959523,1869.801154709071,633.0318488187695,2.668975350138033,55.13452387541933,218.7273817706307,108.51833398817152,17.80964725784443,125.84127903998856,1266.311969357222,313.10086765238196,1406.1980172144208,97.84037521776102,6079.42758891293,52.01254804448015,450.2550466437807,391.1304275942339,1.6655026999804943,37.58675991858159,0.0
TURCZAŃSKI,1376.1667405720755,5974.202704074678,1892.8360418135605,34625.081428075406,27.842750122591383,23.717898252577843,0.5156064837516923,187.61833415060923,28.890162093792306,86.74911122008123,565.3883845339548,47.79533815139046,204.09126882272676,6.702884288771999,2247.0027720101025,14.76531022377877,8714.854621272574,0.0,833.4646393928757,203.434611465264,0.0,0.0,0.0
BRZEZIŃSKI,1698.0,33965.0,680.0,7777.0,36.0,4.0,3.0,179.0,151.0,62.0,9.0,254.0,3630.0,4627.0,1708.0,190.0,12881.0,20.0,15.0,0.0,154.0,2.0,0.0
KALISKI,6940.0,32200.0,1616.0,10476.0,250.0,71.0,6.0,317.0,461.0,405.0,17.0,963.0,3778.0,3431.0,3289.0,903.0,14518.0,2481.0,76.0,6.0,205.0,27.0,2.0
KOLSKI,5303.0,33722.0,2394.0,5284.0,243.0,33.0,4.0,420.0,211.0,405.0,12.0,1402.0,3640.0,3078.0,2465.0,287.0,13149.0,2095.0,30.0,4.0,186.0,0.0,5.0
KONIŃSKI,5955.0,63412.0,4998.0,9426.0,648.0,65.0,13.0,985.0,457.0,724.0,37.0,1588.0,6370.0,5858.0,2340.0,593.0,23699.0,2155.0,76.0,23.0,143.0,12.0,0.0
ŁASKI,1747.0,34793.0,1463.0,6492.0,191.0,147.0,7.0,365.0,357.0,161.0,86.0,640.0,4746.0,3790.0,1275.0,241.0,12592.0,78.0,42.0,5.0,80.0,0.0,0.0
ŁĘCZYCKI,8331.0,31007.0,2563.0,8192.0,72.0,69.0,2.0,379.0,119.0,234.0,25.0,1453.0,3809.0,3494.0,3990.0,341.0,13268.0,3375.0,38.0,10.0,103.0,0.0,0.0
ŁÓDZKI,649.0,23954.0,457.0,5864.0,30.0,6.0,1.0,65.0,35.0,41.0,3.0,384.0,2981.0,3201.0,1047.0,287.0,10784.0,0.0,24.0,3.0,99.0,0.0,0.0
ŁÓDŹ (MIASTO),0.0,0.0,0.0,0.0,0.0,0.0,0.0,0.0,0.0,0.0,0.0,0.0,0.0,0.0,0.0,0.0,0.0,0.0,0.0,0.0,0.0,0.0,0.0
PIOTRKOWSKI,3770.0,46053.0,2434.0,11310.0,269.0,224.0,3.0,210.0,280.0,158.0,29.0,511.0,7020.0,5469.0,2204.0,245.0,19442.0,73.0,170.0,36.0,133.0,7.0,0.0
RADOMSZCZAŃSKI,2471.0,44553.0,3894.0,8488.0,193.0,580.0,3.0,123.0,256.0,162.0,44.0,663.0,6227.0,5546.0,1366.0,331.0,21216.0,100.0,217.0,4.0,83.0,29.0,23.0
SIERADZKI,3235.0,41958.0,1169.0,10028.0,211.0,190.0,10.0,213.0,153.0,132.0,99.0,766.0,5701.0,3970.0,1385.0,214.0,16684.0,427.0,186.0,3.0,136.0,0.0,0.0
TURECKI,3673.0,34528.0,1095.0,7438.0,272.0,250.0,5.0,273.0,209.0,363.0,60.0,1027.0,3552.0,3257.0,1369.0,328.0,12214.0,921.0,176.0,3.0,93.0,0.0,0.0
WIELUŃSKI,1916.0,45851.0,1434.0,10737.0,359.0,167.0,6.0,164.0,214.0,80.0,67.0,385.0,5421.0,4050.0,888.0,475.0,18775.0,550.0,191.0,4.0,29.0,0.0,0.0
POŁUDNIOWO-WARSZAWSKI,0.0,0.0,0.0,0.0,0.0,0.0,0.0,0.0,0.0,0.0,0.0,0.0,0.0,0.0,0.0,0.0,0.0,0.0,0.0,0.0,0.0,0.0,0.0
PÓŁNOCNO-WARSZAWSKI,0.0,0.0,0.0,0.0,0.0,0.0,0.0,0.0,0.0,0.0,0.0,0.0,0.0,0.0,0.0,0.0,0.0,0.0,0.0,0.0,0.0,0.0,0.0
PRASKO-WARSZAWSKI,0.0,0.0,0.0,0.0,0.0,0.0,0.0,0.0,0.0,0.0,0.0,0.0,0.0,0.0,0.0,0.0,0.0,0.0,0.0,0.0,0.0,0.0,0.0
ŚRÓDMIEJSKO-WARSZAWSKI,0.0,0.0,0.0,0.0,0.0,0.0,0.0,0.0,0.0,0.0,0.0,0.0,0.0,0.0,0.0,0.0,0.0,0.0,0.0,0.0,0.0,0.0,0.0
BARANOWICKI,2801.492567398827,39009.38864034759,8563.108179623467,15615.31002177878,4309.461303433148,9.792004779443644,0.9792004779443645,466.0994275015175,105.75365161799137,1178.9573754450148,33.292816250108395,572.8322795974532,6533.2255888448,3684.7313985046435,3206.8815652677936,517.0178523546244,16584.7184949437,0.0,1521.6775427255425,43.08482102955204,15.667207647109832,0.0,0.0
BRASŁAWSKI,2407.0,38459.0,11627.0,12528.0,146.0,5.0,0.0,883.0,1477.0,4981.0,1200.0,1958.0,95.0,28.0,1399.0,64.0,11524.0,0.0,9217.0,83.0,0.0,0.0,0.0
LIDZKI,846.7483134796768,52874.7280195087,13302.27386476106,16480.118254678793,6391.562209583203,7.4454288155687,0.6768571650517,553.6691610122906,412.2060135164853,4886.231874508222,251.11400823418072,1853.9117750766063,7030.515373392008,4844.943587440069,6893.113368886513,327.5988678850228,16166.056530094804,0.0,2449.546080322102,103.5591462529101,2.7074286602068,0.0,0.0
NIEŚWIESKI,3245.0,31428.0,6401.0,14994.0,1375.0,12.0,0.0,343.0,51.0,317.0,2.0,442.0,3226.0,2484.0,3979.0,158.0,13386.0,0.0,1087.0,17.0,1.0,0.0,0.0
NOWOGRÓDZKI,4374.697860920006,34752.747838852454,9240.59413376513,15769.83040104393,3825.357826660254,3.0,2.012892860456146,379.0830002783162,218.8436790452288,2847.0822567027826,132.19339290684218,970.5858218361059,7007.994436536574,2265.25225391962,5085.963007700082,153.2836429300352,14567.134186579297,0.0,2880.579514797146,157.1603574410531,107.0,0.0,0.0
SŁONIMSKI,2054.0,38270.0,7003.0,11981.0,3579.0,18.0,1.0,52.0,78.0,2562.0,175.0,435.0,5602.0,1621.0,1607.0,69.0,12468.0,0.0,1109.0,142.0,17.0,0.0,0.0
STOŁPECKI,1841.5264810440497,32004.038396575757,5332.131341638386,10247.542953544127,2212.259817173257,0.20799522055635444,0.16818465226868515,83.28092343637864,79.32242200247474,824.2027429759846,3.9179607030873504,242.29609141875184,4810.088264187371,3310.625210537394,2509.6414773473334,188.2246205100626,11779.175683347701,0.0,1664.5444488059375,27.17984068962243,0.3327923528901671,0.0,0.0
WOŁOŻYŃSKI,957.2830906371173,22518.82512422419,6747.166344973016,11126.316623633162,1325.9210527333405,0.0,0.8397220093308047,70.5366487837876,120.08024733430507,1698.7576248762177,12.59583013996207,103.28580714768897,2018.6917104312545,993.3911370383419,1951.51394968479,18.473884205277702,11080.9716351293,0.0,3750.1984936713734,75.57498083977242,0.0,0.0,0.0
SZCZUCZYŃSKI (WOJ. NOWOGRÓDZKIE),679.4780545828962,28586.916608105847,7046.223942221736,8861.64124730706,3213.178189974429,4.188571008481251,0.7458093843149336,281.73061193663585,207.85376119194163,2570.6589483602984,131.72065514808506,927.002657735585,3865.938707444575,2475.994367340769,3513.4910137799143,191.76423341198557,8927.896911892081,0.0,1255.1143403495355,59.9370730563613,3.8285706359930014,0.0,0.0
BRZESKI (BRZEŚĆ N.BUG.),3437.17684289469,54318.44696646898,6812.925320874454,10844.28625128846,2616.938717813766,1478.985815945102,6.0,148.45919072209156,106.11104685868423,1442.6312466895242,286.15359902337804,794.9368383882378,6068.390936988716,2472.0489454399935,1615.7904518726161,848.512955206213,24345.273127426633,188.97645093433195,1449.9935746078295,299.20845581744163,78.87610235697487,0.0,0.0
DROHICKI,1947.0,22737.0,3145.0,6471.0,1062.0,951.0,2.0,27.0,11.0,249.0,61.0,64.0,961.0,337.0,361.0,27.0,11020.0,0.0,1275.0,37.0,7.0,0.0,0.0
KOBRYŃSKI,3869.0,34221.0,5030.0,6004.0,3089.0,1686.0,5.0,87.0,77.0,762.0,208.0,1034.0,2369.0,755.0,1162.0,35.0,15218.0,85.0,1501.0,262.0,44.0,0.0,0.0
KOSZYRSKI,937.0,22210.0,3741.0,5503.0,2952.0,1845.0,5.0,5.0,1.0,901.0,202.0,11.0,974.0,392.0,174.0,1.0,9777.0,0.0,1011.0,396.0,5.0,0.0,0.0
ŁUNINIECKI,1739.0,16845.0,2448.0,3922.0,1942.0,1523.0,0.0,7.0,2.0,121.0,6.0,1.0,126.0,125.0,51.0,7.0,7943.0,0.0,895.0,337.0,89.0,0.0,0.0
PIŃSKI,1879.0,43344.0,4048.0,12905.0,3620.0,2455.0,0.0,70.0,32.0,98.0,125.0,46.0,2020.0,1161.0,674.0,38.0,19554.0,0.0,1542.0,377.0,20.0,0.0,0.0
PRUŻAŃSKI,818.0,27479.0,5155.0,7664.0,1929.0,463.0,1.0,144.0,51.0,785.0,103.0,100.0,2984.0,1496.0,490.0,100.0,13854.0,15.0,1315.0,39.0,15.0,0.0,0.0
STOLIŃSKI,2409.0,24473.0,2415.0,5196.0,1655.0,2436.0,5.0,1.0,0.0,111.0,14.0,14.0,335.0,146.0,14.0,1.0,11450.0,0.0,1076.0,484.0,1.0,0.0,0.0
IWACEWICKI,703.0,22106.0,3485.0,6072.0,1629.0,235.0,0.0,61.0,6.0,401.0,100.0,44.0,2186.0,1371.0,246.0,18.0,9780.0,0.0,1209.0,10.0,4.0,0.0,0.0
BRODNICKI,3162.3161393875066,25067.449772285807,4405.746540048854,3349.942490261603,35.785623671074916,0.09946606080620102,0.07004745746177166,2529.6885102928672,1379.0338115794484,876.6999110743812,2.487796463625541,432.2348442368243,682.2465479755992,1161.0074242532705,4703.063702977799,289.73994098257054,10148.110375323868,1178.8532066451485,50.4973374022944,5.825592702430555,122.43854603367298,0.0,0.071834523187157
CHEŁMIŃSKI,7127.8759367338835,10210.841677807915,5058.139460234709,2831.9700990610518,17.05051733144726,0.07217766378869625,7.821771990727553,1939.1389379366763,1209.4257863532362,957.7945002454327,13.24078167707274,591.8466661065333,219.94737531647874,233.7149597674414,4044.4193971730524,314.7314525069152,6049.804565881361,4456.767679891284,17.278250964217808,30.88441363368021,9.96597429414145,0.0,0.10585144780320793
CHOJNICKI,1022.860505544556,27806.10327474183,1539.9925987075596,5621.98497242131,815.4160715699677,0.009513920620060477,0.0,773.2449648256718,574.0944282386321,683.6425259784737,2.9590828912810507,294.95313382397853,3321.1717007475227,2169.451826797427,2244.8338725504964,267.2741377467203,10318.28960991466,99.66241580639962,4.934849273400171,0.0,12.821931415234948,0.0,0.0
DZIAŁDOWSKI,398.0,12199.0,2120.0,1869.0,20.0,0.0,0.0,810.0,762.0,345.0,5.0,98.0,496.0,849.0,1900.0,91.0,5387.0,147.0,13.0,0.0,35.0,0.0,0.0
GRUDZIĄDZ (MIASTO),0.0,0.0,0.0,0.0,0.0,0.0,0.0,0.0,0.0,0.0,0.0,0.0,0.0,0.0,0.0,0.0,0.0,0.0,0.0,0.0,0.0,0.0,0.0
GRUDZIĄDZKI,7060.952193519211,11605.168100767438,4755.574786655122,3969.828582193381,45.01161320702379,3.914053322349895,2.935539991762421,2634.157885941479,675.1741981053568,1446.2427026082862,39.14053322349895,1073.4291236544586,302.36061915152936,317.0383191103415,5741.916223887296,319.9738591021039,6048.190896361175,2654.706665883816,17.613239950574528,1.9570266611749474,35.226479901149055,0.0,6.849593314112316
KARTUSKI,219.60904450150284,23898.907342866536,1318.5927671991944,10200.558567037753,175.4995355631668,0.0,0.9385001901773625,441.0950893833604,488.9585990824059,531.1911076403871,9.385001901773625,257.14905210859735,3078.280623781749,2986.3076051443677,2812.6850699615557,473.0040958493907,11943.353420197116,26.278005324966152,1.877000380354725,0.0,30.0320060856756,0.0,0.0
KOŚCIERSKI,718.7724091865454,23732.555024435624,914.3056676969511,5755.343179193687,148.39521227153446,0.0,0.9835011429600372,918.2391370411211,612.2426941861582,716.0194102313474,42.474553313593475,353.9581274590323,2504.9338678830745,1400.5649035732038,2531.8787596933194,174.08908984192672,8737.528578974232,0.6584092748867232,1.9670022859200744,34.559514935992695,88.11124160870922,0.0,0.0
LUBAWSKI,1788.8955837095323,22721.47183390464,4622.114206888593,4003.3984410943185,48.03693833806478,0.0,0.9607387667612955,2265.422012023135,1467.0480968444983,604.3046842928549,19.214775335225912,433.29318380934427,633.1268472956938,1136.5539610786127,4403.065768067017,198.87292471958818,8914.695016778061,423.6857961417313,45.15472203778089,41.31176697073571,120.09234584516194,0.0,0.0
SĘPOLEŃSKI,1051.0,15377.0,2656.0,4398.0,17.0,0.0,0.0,1625.0,356.0,668.0,2.0,255.0,486.0,386.0,2484.0,70.0,5659.0,212.0,10.0,0.0,13.0,0.0,0.0
STAROGARDZKI,3289.88858465534,19224.515360960744,2641.646518372726,3936.969816667821,42.10611416983744,3.655479429233668,11.478592474480108,1796.9554995636288,723.9209702135197,1177.6056015640843,48.850373884588876,801.3515945437291,1558.5394926000681,1055.40639690413,3444.8261191172987,292.57654566074956,8815.068449003114,1072.1350105171814,6.761204079522027,1.44048506400731,25.367884129733895,0.0,0.0
ŚWIECKI,3741.9737364822436,24959.45303093987,4422.488259455852,3641.292061305163,6.108113476613299,1.2035547330807794,5.696304090211366,2257.1106236319392,1126.1520533156536,779.1864582624544,34.76379467895478,500.13432676132305,950.3438906621375,1149.6463368539714,3919.7526580314525,391.9469553521643,11547.484009860274,1208.1093225358886,77.72890915164405,0.0,8.23381971211348,0.0,0.0
TCZEWSKI,5603.049371041192,7645.238230606808,3436.9290295868577,3468.8952922427234,14.002434653700401,6.667826025571619,1.3335652051143239,1515.7944280179925,473.7193015609515,1760.7707770963314,161.34921655033116,1268.110950647204,294.34991216567414,166.68452079380293,3389.2580732922424,434.6921725625756,4937.691807106745,2760.5196423093594,2.333565205114324,0.0,90.00556492274377,0.0,0.0
TORUŃ (MIASTO),44.99521095578683,96.15924518418929,28.457184745030872,17.1270093372871,0.3099911192269158,0.0077497779806728955,0.015499555961345791,14.80207594308523,8.307761995281345,4.54911967465499,0.05424844586471027,3.1696591940952143,4.184880109563363,5.944079711176111,27.32571715985263,2.5419271776607095,44.84796517415405,38.640393011635055,1.2167151429656446,0.0,0.24799289538153266,0.0,0.0077497779806728955
TORUŃSKI,5856.225370595281,12329.52895057309,3723.6807887082505,2232.6973358730006,39.167855254497255,0.9649709369166465,2.2144507627489927,1911.3054956283338,1077.5519410453735,600.4723158066121,7.2171235029045375,415.58451653421236,528.4104098245683,747.7077577824483,3545.2042949704337,327.60631397637235,5797.632915012294,4969.425342870185,151.9627640404015,1.138035555662799,31.19914248136285,0.0,0.9649709369166465
TUCHOLSKI,1355.8579703234411,16567.528618446475,2667.95005942471,2741.8387862210984,38.35725487962936,24.463625891493873,0.5135031787710257,818.6773162385527,761.5811488508174,993.8585152645879,4.774955011871212,413.6474103316376,1136.7148140739953,895.3394976574502,2284.840336574077,227.06321458045798,6279.278334173749,299.192518401858,20.06581179482194,0.0,11.203001691480694,0.0,0.0
WĄBRZESKI,4950.839408234179,12881.786600238076,3852.012936303923,2316.2923058684064,5.649493428947332,0.9415822381578888,0.0,1877.5149828868302,1498.998923147359,787.162751099995,4.707911190789444,600.7294679447331,212.79758582368285,406.763526884208,3754.0883835355025,358.74283273815564,5953.6244918723305,1929.3020059855141,7.53265790526311,1.8831644763157775,34.83854281184188,0.0,0.0
MORSKI,632.1488922788902,21370.76600742571,1571.4673072721146,8053.173370411095,36.410144410836786,0.9768971115189485,1.9917794159002946,1047.5025961862987,636.2123628497657,412.2584637676964,1.3567490401429234,484.20304193098696,1599.706070982276,1929.1054371097225,2608.8368458279997,294.6295226509918,10228.925148879902,130.01400412064834,3.006661720281641,0.0,15.868982844380948,0.0,0.0
GDYNIA (MIASTO),14.739642850910805,482.52692881523996,35.90188869955391,180.68769081030314,0.6930866544315426,0.02310288848105142,0.04620577696210284,24.350444459028196,14.577922631543446,9.241155392420568,0.02310288848105142,11.204900913309938,34.88536160638764,42.763446578426176,59.00477718060532,6.5150145516565,230.47441548696895,3.0495812794987875,0.06930866544315425,0.0,0.3465433272157713,0.0,0.0
BYDGOSKI,3717.439599439921,23879.587188138223,5448.986458744376,4556.282288768865,17.95382688218905,0.9974348267882804,9.974348267882805,1675.690509004311,1621.829028357744,812.9093838324486,8.976913441094524,431.8892799993254,1203.9038359334545,1200.9115314530895,4321.885104473619,275.2920121935654,9620.258904372964,1590.9085487273073,13.964087575035926,0.9974348267882804,24.93587066970701,0.0,0.0
BYDGOSZCZ (MIASTO),9.5604005600785,61.41281186177606,14.013541255623517,11.717711231134583,0.04617311781095063,0.0025651732117194796,0.025651732117194796,4.3094909956887255,4.170971642255874,2.0906161675513757,0.023086558905475316,1.1107200006745346,3.0961640665454118,3.0884685469102533,11.114895526380506,0.7079878064345764,24.74109562703438,4.09145127269257,0.035912424964072716,0.0025651732117194796,0.064129330292987,0.0,0.0
CHODZIESKI,815.0,18265.0,2424.0,3716.0,7.0,4.0,1.0,1250.0,334.0,235.0,10.0,209.0,2031.0,2076.0,759.0,265.0,7009.0,323.0,15.0,1.0,8.0,0.0,0.0
CZARNKOWSKI,1361.8746113324073,14568.630052258435,1466.8325280393358,2715.5353321237412,24.483848365774538,0.0,0.42395667593558195,716.4251682180517,229.39025208550595,115.46027413046005,92.63593501390338,200.93067861603524,1527.467251511123,980.5547316223501,773.5816193827487,71.33612623421392,6561.231830259242,557.7071686009735,2.695826703742328,0.0,46.67731764598542,0.0,2.0
GNIEŹNIEŃSKI,5459.658126944063,29353.127373260028,6331.149603494841,6229.113921628484,43.09609464607603,173.2177910323622,35.57433815552789,3260.747702592684,1006.9564864109523,717.2122646426582,13.000189159988341,514.341835320414,1326.1110409626178,1899.6117428388661,3169.1536581255896,545.7371961241132,13037.18738190883,3223.169120044753,10.504105407553931,55.615287331967295,48.01130817419753,0.0,1.0701143817265257
GOSTYŃSKI,6482.746855625251,12077.235246065771,3650.670235846634,5877.319531254816,36.40380530138238,7.693670768756277,15.284108107526006,988.4484014288539,539.5857149849296,1191.8541775128606,52.7862169377573,145.9803085335776,381.7842320705683,212.66733762420802,2928.8801261421286,313.6518731495684,6519.777109413468,4367.462298234337,97.79025975596998,13.572209117106066,90.97728197288804,0.14797623799615944,1.34539576955927
INOWROCŁAWSKI,8121.041621852687,17125.386392917982,7768.5125623014665,2752.895465034809,5.94150100367225,0.0,0.0,3221.283794157638,1287.3252174623208,1369.5159813464536,4.951250836393541,363.4218113912859,724.8631224480145,1070.4604308282837,1595.2930194859991,467.3980789555503,7051.5714411916815,9748.022646691605,0.9902501672787083,11.8830020073445,66.34676120767345,0.0,660.4968615748984
JAROCIŃSKI,7406.275806339014,25827.924302536165,3827.499885971263,9979.514514135168,25.80596889520635,0.0,76.02984447603177,1806.6342401270183,869.1641506196871,603.6492403846962,8.432834925147395,248.3581937275057,965.2462379325557,770.1790668561905,4087.8132829771594,367.8134150104331,13469.081511167673,4273.753570019046,23.2164174625737,161.0,149.66416862422452,0.0,0.0
KĘPIŃSKI,2317.7019243389664,29965.434961690382,1414.9939669180076,10080.476049120643,40.58140378830758,3.3454179813212575,16.818059937737523,979.3769795281797,256.9986593151128,50.54514984434381,1.0,194.18126971981886,3543.7291563859458,1805.4988407637259,1589.1238722628768,396.5260173586965,13553.523754338157,1220.3222634410122,12.909029968868762,4.0,41.78180599377375,0.0,0.0
KOŚCIAŃSKI,5507.322059956059,25226.342948080615,4744.667637111425,6011.806361887402,5.2108232768360105,13.775669732589051,14.012426239888875,1664.6019286353012,666.2264180181429,853.7114823947938,4.499693450387411,213.0207009765667,1169.8850157404788,687.9135910856179,1884.0201939622084,326.6277630661971,12729.66036300874,3457.547151085701,184.21043107429315,5.97927946467588,72.14164682279134,0.0,86.81398269224408
KROTOSZYŃSKI,7796.053573090453,16559.012251136846,3353.1344969172674,9541.807889497592,14.83902681578952,11.926157062623462,56.57153420089924,1320.6619903284466,809.3583821684094,1191.0660120085943,26.35634094003364,327.0910268257984,475.7813605457824,303.77769071228795,4201.830323849428,427.35040064067834,8683.69253555005,4814.021172291163,46.0146938185994,12.064293527075147,90.12142572023043,3.8520237620038404,0.0
LESZCZYŃSKI,4238.775864693149,19078.63935731434,2946.777452029415,5417.926955450793,13.189702715125373,30.262739221854183,24.91592368361515,1514.1053898016123,400.4585338015088,571.8713447005242,22.536518253364406,131.51488539515782,1108.3945075976735,787.537365677149,1853.080064196322,250.68087250707237,9802.358499983593,2375.510952015589,115.93341830823566,17.12359859667874,108.85527210025174,0.0,1.853978950181079
MIĘDZYCHODZKI,1441.0,15827.0,1250.0,3017.0,4.0,0.0,18.0,1043.0,281.0,277.0,1.0,68.0,2388.0,1941.0,689.0,109.0,6459.0,603.0,3.0,3.0,147.0,0.0,0.0
MOGILEŃSKI,8751.581607238471,30456.921363217836,10594.59384851221,4701.76735927298,4.035582856583854,12.6701983031809,24.36000696170214,4137.020293757412,1479.230577431721,2273.6451645705224,65.97741661670042,502.9571696200356,789.9736311542252,1319.9496419709903,3782.64787155667,243.89095974500202,12009.809766936622,9171.781763807097,8.780375137198199,2.218201076784618,102.61791733670694,0.0,308.90269725346207
NOWOTOMYSKI,3994.932010390594,28742.279758413442,3561.4425473621836,5682.608718890418,36.78359703599787,3.0,6.951910452443972,2053.9853517214574,585.9244108446267,931.97892605682,35.0,64.91584329177695,2817.722172155726,2390.6719407199575,1810.3022175569963,385.68955982909824,12919.332893869858,4395.004973654313,114.78359703599787,10.0,63.57921645888476,71.0,0.0
OBORNICKI,3258.0709659015274,22322.213262459587,3698.8714914419634,4924.845341813601,13.325390078338515,0.17592140089414166,3.9278861258527016,1989.9165666373606,839.2662638906401,328.93176821826756,5.539986386990769,111.88406379827103,1623.6363465156826,1646.4938267025236,2109.1047825486717,164.05807657353327,9985.450018515574,1501.6714222902042,14.972674619655411,0.316658521609455,60.01703177279156,0.0,0.0
OSTROWSKI (OSTRÓW WIELKOPOLSKI),3072.33629819219,24134.356085656927,1831.9082197293121,7176.300492042528,36.03371931071575,31.248662576093686,41.32508414941598,1311.8104491768866,273.01092651874933,192.25704686847897,168.5830855168612,144.5811690754685,2176.006334196216,1028.7826115341531,1663.2388248846055,293.7288441132712,11176.167464621136,1197.1434206484253,13.461046850150174,5.751896568955578,48.55402538200173,0.0,0.0
POZNAŃ (MIASTO),0.0,0.0,0.0,0.0,0.0,0.0,0.0,0.0,0.0,0.0,0.0,0.0,0.0,0.0,0.0,0.0,0.0,0.0,0.0,0.0,0.0,0.0,0.0
RAWICKI,4326.042529568141,12071.83234900784,2554.0705266993523,4346.599522215041,46.63194121865865,23.108332780341485,42.21666556068297,961.8526968566371,217.34162408629422,655.7776819258571,76.93888409629285,195.2208219970004,620.2110794062451,309.34026072719575,1543.2219862790328,376.8569196519765,5598.180023761726,3164.6218668327933,104.62499170512224,186.21666556068297,74.48054799800028,0.0,0.0
SZAMOTULSKI,5150.0,21342.0,4113.0,4626.0,7.0,3.0,0.0,2785.0,1003.0,1081.0,36.0,86.0,1008.0,879.0,2205.0,249.0,10962.0,3796.0,9.0,0.0,121.0,0.0,0.0
SZUBIŃSKI,2717.0,19656.0,4336.0,3836.0,16.0,1.0,20.0,2572.0,676.0,445.0,5.0,257.0,1329.0,1230.0,1667.0,302.0,8168.0,2253.0,17.0,5.0,63.0,0.0,0.0
ŚREDZKI,4425.0,20909.0,4923.0,5060.0,61.0,8.0,13.0,1784.0,927.0,774.0,6.0,244.0,1055.0,698.0,1730.0,484.0,9411.0,4182.0,11.0,3.0,70.0,0.0,0.0
ŚREMSKI,3342.7450881967775,21478.222498511113,3377.277578777323,4561.248684396016,125.30360867797837,26.6393498764206,12.826353644202511,1587.5079241170647,453.8555904871658,497.2678643598512,9.866425880155777,70.05162374910603,1553.962076124535,1233.3032350194724,901.7913254462381,386.7638945021065,9339.55873815546,2022.6173054319345,11.839711056186934,52.29205716482562,116.42382538583819,0.0,0.9866425880155778
WĄGROWIECKI,3406.0,27244.0,6364.0,5469.0,14.0,0.0,9.0,3168.0,1839.0,410.0,42.0,267.0,1880.0,1686.0,2020.0,482.0,11773.0,1978.0,4.0,11.0,29.0,0.0,0.0
WOLSZTYŃSKI,1314.0,18128.0,1399.0,3274.0,2.0,3.0,10.0,706.0,132.0,180.0,2.0,53.0,1619.0,1175.0,473.0,9.0,7951.0,670.0,38.0,9.0,26.0,50.0,0.0
WRZESIŃSKI,4580.0,15371.0,3956.0,3853.0,106.0,1.0,17.0,1899.0,775.0,407.0,22.0,238.0,707.0,796.0,2263.0,37.0,7196.0,4979.0,6.0,0.0,2.0,0.0,0.0
WYRZYSKI,4431.0,24354.0,6752.0,5526.0,8.0,2.0,2.0,3305.0,1575.0,924.0,0.0,382.0,812.0,557.0,3960.0,351.0,10878.0,2961.0,9.0,0.0,14.0,0.0,0.0
ŻNIŃSKI,4193.38025506532,16818.613044660833,5495.570373345534,4158.248557674928,0.14979313625345286,0.5966055440082563,4.131282005111249,2809.694032287698,845.9808319199362,476.1519464213276,6.077832682453456,383.4602462607806,610.0583658547837,987.9301781410456,1966.2405843974632,227.47984179892512,6941.210614021378,2969.434252383338,2.036873562372418,28.140297539770007,25.18936379549134,0.0,0.027188364811391426
POZNAŃSKI,4653.5138888634365,32279.759984546654,7439.964873663924,6677.21205411042,21.97602147900984,4.730351851088634,9.508793249733296,2842.5493367104164,935.9549038198342,582.231859035558,4.730351851088634,75.76978632564119,2051.628038625217,1511.4181590368812,2611.499159801317,253.9112290190348,15162.734496285932,3057.743788821106,18.191739998138935,8.51463333195954,99.75817241397655,0.0,0.0
GNIEZNO (MIASTO),17.9885342641806,96.45516118318665,20.57473414000997,20.668714485430417,0.14967240196589895,0.6091318684658679,0.12182637369317356,10.661548074919732,3.2962735967838674,2.3877969243862016,0.038288288874997405,1.7403767670453365,4.403153220624701,6.369778967385932,10.470106630544745,1.897010676079417,43.042998202565265,10.487510398215198,0.034807535340906734,0.1949221979090777,0.14967240196589895,0.0,0.0
INOWROCŁAW (MIASTO),79.95837814731307,168.61360708201832,76.48743769853324,27.104534965190872,0.05849899632775009,0.0,0.0,31.716205842361838,12.674782537679185,13.484018653546395,0.0487491636064584,3.5781886087140466,7.136877551985511,10.539569171716307,15.706980514000898,4.601921044449673,69.42855880831806,95.97735330839531,0.00974983272129168,0.11699799265550018,0.6532387923265426,0.0,6.503138425101551
DOLIŃSKI,768.8726473273741,4920.974320394536,410.002286074819,6686.919501756054,12.309537457211656,151.5019994733742,106.99828712807054,40.71616235846932,26.512849907840486,14.203312450628832,47.34437483542944,0.0,14.203312450628832,0.0,2365.324966778055,21.778412424297542,6419.897227684232,0.0,309.63221142370855,177.0679618845061,0.0,0.0,0.0
HORODEŃSKI,10854.998067092993,11552.617546137833,9033.003058973083,4432.222081249979,213.37802501511223,28.255537559078785,6105.144770523713,1027.9169698216592,430.6533655556146,190.9684607441187,564.1364223002282,1299.7547277176243,49.690772948724764,8.768959932127899,4028.8499243720958,216.30101165915485,6880.710560076358,1937.9401450002658,11.691946576170533,235.78758928610574,84.76661267723635,0.0,0.0
KAŁUSKI,3626.686247902999,6749.269765308073,724.7665672441872,6306.039817360841,297.7059521619824,390.91740044273087,1154.6805940084555,69.43301759688407,25.68070513857356,29.485254047991866,74.18870373365695,36.1432146394739,20.925019001800678,9.511372273545764,3007.49591289517,182.61834765207865,6051.135040429815,7.60909781883661,281.5366192969546,195.9342688350427,0.0,0.0,0.0
KOŁOMYJSKI,6847.001932907008,9584.382453862167,3340.9969410269164,8497.77791875002,57.621974984887785,40.74446244092121,9675.855229476287,117.08303017834069,108.34663444438539,146.0315392558813,216.8635776997718,613.2452722823758,24.309227051275236,12.231040067872101,3747.1500756279042,1033.698988340845,9442.289439923643,1030.0598549997342,79.30805342382946,474.21241071389426,71.23338732276365,0.0,0.0
KOSOWSKI (KOSÓW HUCULSKI),592.0,1364.0,437.0,1013.0,2.0,0.0,3641.0,43.0,6.0,9.0,187.0,5.0,0.0,0.0,539.0,34.0,3473.0,0.0,59.0,148.0,0.0,0.0,0.0
NADWÓRNIAŃSKI,1764.5115180780317,7809.213676567276,1083.6411325019144,6949.6965282339215,144.64398348722756,102.50247088029916,1591.974057452167,97.01204154406614,17.27217783821615,124.67571098176786,237.5150493863518,10.506432547193228,0.6870833445599073,0.3123106111635942,2721.6953003326216,106.61361650499408,9625.275748978542,0.24984848893087536,118.91089885191782,293.0590600257602,0.0,0.0,0.0
ROHATYŃSKI,11579.0,9760.0,6253.0,7942.0,1286.0,530.0,3447.0,153.0,940.0,345.0,581.0,444.0,9.0,0.0,2413.0,154.0,9877.0,611.0,118.0,296.0,9.0,9.0,0.0
STANISŁAWOWSKI,6253.599676225484,11685.490323228289,1294.9764810777829,8980.717889456859,224.49709894498093,495.93564638144346,4150.808748510605,206.69137604068285,48.14336961059975,216.80814367329444,579.4305310856479,228.57008153797443,17.904429321653666,1.2640833013298671,3416.394840528039,224.11857403287948,10369.066255175429,174.00311681513995,131.08763641378715,292.121283036258,2.1804599084966956,0.0,0.0
STRYJSKI,2550.912252185116,7276.894632362499,1423.211544690184,12457.161991366052,44.43090750187091,370.58284150115105,70.07618387431623,109.2940106811739,78.25505137778278,39.10039140624098,416.31083528413734,144.3787656567424,95.74542848616453,8.460740771373962,2197.031680406944,134.40242722687256,8201.600069663315,29.194469348192804,582.6678388432864,245.2253720002252,0.49145682279889286,0.307160514249308,0.0
ŚNIATYŃSKI,5676.0,6555.0,3245.0,2738.0,41.0,3.0,10381.0,212.0,148.0,64.0,185.0,190.0,3.0,0.0,2767.0,175.0,4138.0,521.0,1.0,194.0,43.0,0.0,0.0
TŁUMACKI,6863.439593418944,11621.880610759126,2317.076689413783,6429.41926845425,172.62172015641207,122.31481885368626,6563.5710052615195,167.689671009086,221.94221162967267,108.5050812411733,273.23552276186365,317.6239650877982,25.646655566095507,0.9864098294652118,2654.428851090885,94.69534362866034,8135.908273429067,143.0294252724557,16.7689671009086,274.2219325913289,3.9456393178608473,0.0,0.0
ŻYDACZOWSKI,5042.2151004875095,6875.131047242966,1710.786169234997,5524.918506877894,244.25955504091743,696.9151590254747,885.9255289976132,94.98982696035678,24.23209871437673,72.69629614313018,115.34478988043323,106.62123434325761,93.05125906320664,14.539259228626037,2472.6433528150014,68.81916034882991,6358.502702652454,100.80553065180719,419.6999497330049,261.70666611526866,15.508543177201107,9.692839485750692,0.0
BIELSKI (BIELSKO),786.0,3125.0,462.0,4553.0,0.0,0.0,1.0,220.0,70.0,0.0,22.0,62.0,12.0,0.0,2946.0,82.0,2920.0,98.0,0.0,0.0,37.0,0.0,0.0
BIELSKO (MIASTO),0.0,0.0,0.0,0.0,0.0,0.0,0.0,0.0,0.0,0.0,0.0,0.0,0.0,0.0,0.0,0.0,0.0,0.0,0.0,0.0,0.0,0.0,0.0
CIESZYŃSKI,1669.0,3232.0,774.0,6383.0,1.0,0.0,1.0,793.0,77.0,3.0,136.0,87.0,1.0,0.0,5234.0,173.0,4504.0,0.0,38.0,17.0,7.0,0.0,0.0
TARNOGÓRSKI,178.0,2188.0,191.0,946.0,0.0,0.0,3.0,50.0,47.0,0.0,6.0,33.0,21.0,24.0,378.0,80.0,1979.0,40.0,26.0,0.0,8.0,0.0,0.0
KATOWICE (MIASTO),0.0,0.0,0.0,0.0,0.0,0.0,0.0,0.0,0.0,0.0,0.0,0.0,0.0,0.0,0.0,0.0,0.0,0.0,0.0,0.0,0.0,0.0,0.0
KATOWICKI,175.30177239695306,2575.5194742562444,182.38467229177942,1023.4790348024127,0.0,3.541449947413193,14.165799789652771,77.91189884309024,14.165799789652771,2.6560874605598945,0.0,0.0,10.624349842239578,11.509712329092876,302.793970503828,24.79014963189235,2727.801821995012,0.0,0.0,0.0,5.312174921119789,0.0,0.0
LUBLINIECKI,976.0,7416.0,797.0,4130.0,5.0,0.0,1.0,190.0,72.0,28.0,57.0,110.0,415.0,206.0,1137.0,148.0,4509.0,20.0,24.0,2.0,29.0,0.0,0.0
PSZCZYŃSKI,1489.0,14305.0,1218.0,8501.0,35.0,0.0,6.0,158.0,137.0,6.0,33.0,86.0,166.0,78.0,2965.0,200.0,11292.0,243.0,17.0,0.0,124.0,0.0,0.0
RYBNICKI,2833.0,15969.0,1498.0,7739.0,15.0,0.0,3.0,195.0,253.0,7.0,54.0,194.0,266.0,143.0,2979.0,385.0,11602.0,224.0,177.0,0.0,47.0,0.0,0.0
ŚWIĘTOCHŁOWICKI,191.95067404494597,1292.4678719026363,127.96711602996399,680.1944398208086,0.0,0.0,4.921812154998615,43.31194696398781,11.812349171996676,0.984362430999723,0.0,2.953087292999169,0.0,0.0,119.10785415096647,13.781074033996122,1626.1667360115423,0.0,0.0,0.0,0.984362430999723,0.0,0.0
CHORZÓW,25.74755355810096,354.012653841119,25.648211678256565,143.3265253767786,0.0,0.45855005258680687,1.9123880553486126,10.77615419292194,2.021851038350552,0.35955010844038215,0.0,0.046912707000831055,1.3756501577604205,1.4902876709071222,41.098175345205505,3.4287763341115265,379.03144199344564,0.0,0.0,0.0,0.7034626478804873,0.0,0.0
BORSZCZOWSKI,13501.727938436507,15464.434471150831,7099.800511769521,1672.336208165315,278.55865033006717,106.305067970485,10989.778554541343,1018.7569013838146,1204.7907703321632,922.2948952624486,138.78717207257765,250.99807715253402,0.9843061849118981,0.0,2919.45214444869,624.0501212341434,6087.93375368009,887.8441787905322,32.48210410209264,150.5988462915204,1.9686123698237963,0.0,0.0
BRODZKI,5145.825355841337,11584.18929331223,5522.6810040073715,7388.701581845181,3495.424989839583,843.0042330877377,16.036334987001467,81.69405701181597,60.76303472703084,261.17694779024964,219.98631262274694,36.379153791136574,88.2285458694234,6.133228285672051,1150.8715456310151,49.11112150487324,6358.646291507219,654.5502927787293,40.6903647530279,191.076362232791,4.0,214.35123820768086,0.0
BRZEŻAŃSKI,8744.186906667837,10385.145191110698,8525.162921755282,8016.520722249694,4031.505256075449,230.89196255562825,978.1804590892175,363.74514771931484,278.12915743338766,550.1033204482163,171.4921726380021,744.8420318155485,6.202668528139875,0.182293896721065,2508.874280389649,120.5366570359555,7542.045549798079,680.5374521650737,20.08614482773481,428.29372349496253,15.780891505368563,0.0,0.0
BUCZACKI,11328.697251777132,16772.369735971646,7907.971313713408,5553.7648132356435,2071.1119400862835,137.61541130141418,6443.350150576928,670.3836464826034,549.4786779820752,433.48854559945465,2642.2158969871525,191.6786085983983,20.64231169521213,0.0,3969.2216488222175,393.18688943261196,8766.101699900084,419.7270044693133,51.11429562623955,287.0264292858067,26.540115036701305,27.523082260282838,0.0
CZORTKOWSKI,8341.529984774967,10901.645671013126,7585.736215347432,2075.042372386082,1903.6480129587226,31.448481048772383,4835.973422153674,705.8152029005723,1686.753269250926,419.09034819673843,921.0292259545594,386.8272496172969,4.3733821198759735,0.005458074844368772,2598.652687053528,2076.124027511945,6491.259499737327,970.3544443592804,1.4090583465121784,61.23236433009401,13.137373963160762,0.47691773971716306,0.0
KAMIONECKI,8000.198676696233,9449.583029979467,3470.820994555294,5279.6866025734,1167.8632903715302,1016.4779055293689,36.349808378867365,157.13164197457093,122.99108656393247,151.8393565535943,53.91845885086093,275.82029447668026,74.94869747176777,0.7958993988670513,1953.453109743884,227.80218321408398,6689.058959654215,393.84241155470175,385.7965980642385,314.41422536522725,40.08800867575606,5.845725514533681,0.0
PODHAJECKI,11327.828080046631,12985.202547977073,7941.951374544993,7733.439830666619,3739.5668476878523,350.7670831598819,3288.441404623893,371.2284963442084,136.40942122884297,719.072520477758,1362.1455062708749,636.2525147316748,21.435766193103895,9.743530087774499,3548.593657967472,137.38377423762043,7800.670188272263,248.4600172382497,39.94847335987544,306.9211977648967,16.564001149216647,0.0,0.0
PRZEMYŚLAŃSKI,9208.0,7802.0,5156.0,7773.0,1848.0,563.0,367.0,204.0,142.0,302.0,241.0,761.0,89.0,4.0,2326.0,224.0,6739.0,638.0,93.0,280.0,1.0,16.0,0.0
RADZIECHOWSKI,7408.174644158663,9884.81070668777,4786.3189959926285,6419.29841815482,1176.5750101604172,815.9957669122624,2.963665012998532,301.30594298818403,62.236965272969165,503.8230522097504,162.01368737725306,275.62084620886344,181.77145413057661,10.86677171432795,1376.1284543689849,416.8888784951268,6496.353708492781,126.44970722127069,56.3096352469721,250.92363776720902,0.0,28.64876179231914,0.0
SKAŁACKI,11007.989141652526,11687.85804749426,12396.213080675729,3437.326032328314,6649.611658672702,110.14635904698464,345.6316783888139,1207.811799204866,479.5164768855797,821.3500049624286,460.52572532575476,445.3331240778948,0.0,2.8486127339737406,2305.4772393627477,329.4895395629627,6124.5173780435425,346.58121596680513,12.34398851388621,140.53156154270454,17.091676403842445,0.9495375779912469,0.0
TARNOPOLSKI,9472.429354159343,14973.279108728017,14223.813524055739,9568.961886510328,11350.932326394544,234.08673573992994,195.74152109010348,918.8491397045641,825.5053998740736,705.4736664058534,459.79358595961634,1345.1661694500647,28.746497272448188,0.9844179044069559,2704.0376183274793,548.4167880448582,8720.86175762544,853.9597535207843,75.4770208837502,221.1762941772118,91.0954553244972,0.0,0.0
TREMBOWELSKI,7382.4405240005235,10057.009839909777,10702.32391769335,3431.401117657092,5236.0425556423215,50.7495508210688,1998.0555607709111,1168.415561774633,743.4081990249247,255.23880212887366,731.1676293519532,522.74718058448,0.8783468967014694,1.4202329060748062,1921.8427107704815,431.4883379767911,6264.263627433199,342.2303856462906,2.477503795029162,125.77754031573006,53.98981494149754,0.022978661907859736,0.0
ZALESZCZYCKI,8118.166364331428,9337.04940262798,6179.341325584181,1850.0386258230321,304.96202700056244,3.8602788227919294,5943.8643173938735,777.8461827925738,484.46499226038713,133.17961938632158,289.5209117093947,302.06681788346845,0.0,0.0,2317.1323633808556,30.882230582335435,5143.821531370246,1005.6026333372976,0.0,88.78641292421437,37.63771852222131,0.0,0.0
ZBARASKI,9322.0,7839.0,6676.0,7267.0,5547.0,202.0,8.0,524.0,255.0,1110.0,364.0,541.0,0.0,0.0,971.0,170.0,3798.0,223.0,40.0,248.0,39.0,0.0,0.0
ZBOROWSKI,5452.0,9977.0,10443.0,10544.0,4604.0,311.0,119.0,235.0,186.0,290.0,80.0,323.0,14.0,0.0,1379.0,94.0,6381.0,789.0,97.0,197.0,6.0,7.0,0.0
ZŁOCZOWSKI,7530.96829558657,9115.740257007354,6843.024884165691,7394.321471472444,2054.1719883376622,692.587856572195,194.5227634826041,67.39203896585514,88.77422757732302,129.17026051868976,204.7287006121148,204.10290127255948,52.77622456507882,11.0,1025.7995154961898,67.45340724871801,7741.4834748713265,1123.1781138853212,68.65535040271712,381.6573473904729,15.601970070877451,3.079206588273349,0.0
KOPYCZYNIECKI,9047.767418527646,12082.151608153832,8655.224944622696,1675.2948874720084,2636.5919704008907,64.4587329748832,3849.9485261384957,1553.3218155021302,1885.5051715105774,754.2340871876793,1480.9523667625942,521.2445322761996,9.57353387549681,7.741278380700128,2334.700744630163,147.39575256216403,7184.1396961268765,957.8114261110102,0.3572888813116118,43.31908538446912,10.068241557312888,0.027483760100893213,0.0
BŁOŃSKI,4934.0,26567.0,2653.0,7460.0,175.0,28.0,3.0,182.0,88.0,35.0,18.0,881.0,1971.0,2823.0,2004.0,211.0,10035.0,2459.0,25.0,0.0,49.0,0.0,0.0
CIECHANOWSKI,8010.0,26259.0,3529.0,4208.0,333.0,6.0,2.0,1052.0,872.0,620.0,43.0,2596.0,1455.0,2591.0,3077.0,982.0,7513.0,3025.0,82.0,11.0,176.0,0.0,0.0
GOSTYNIŃSKI,4913.0,25826.0,1147.0,5780.0,171.0,24.0,0.0,141.0,212.0,224.0,12.0,770.0,3526.0,2591.0,2080.0,155.0,9516.0,1725.0,18.0,1.0,162.0,0.0,0.0
GRÓJECKI,6698.0,43730.0,3113.0,14524.0,224.0,78.0,2.0,500.0,187.0,116.0,34.0,741.0,3430.0,6269.0,4762.0,525.0,17615.0,914.0,41.0,7.0,201.0,10.0,0.0
KUTNOWSKI,10025.0,20583.0,3022.0,8357.0,25.0,15.0,3.0,366.0,463.0,461.0,169.0,1590.0,1000.0,823.0,5411.0,447.0,8745.0,7869.0,25.0,3.0,384.0,4.0,25.0
LIPNOWSKI,4248.777414086121,35066.841598881285,5215.9464179483475,4407.98218838443,422.88768172988324,0.9950298393644311,3.9801193574577245,1562.1968478021568,738.3121408084079,366.17098088611067,7.960238714915449,949.2584667536673,3700.5159725963194,3125.388725443678,3433.847975646652,398.01193574577246,11082.642350841033,2233.841989373148,15.920477429830898,0.9950298393644311,219.90159449953927,0.0,427.8628309267054
ŁOWICKI,7631.0,30070.0,3060.0,9456.0,116.0,977.0,0.0,311.0,304.0,969.0,11.0,948.0,2840.0,3131.0,2878.0,129.0,11649.0,2074.0,660.0,2.0,370.0,0.0,65.0
MAKOWSKI (MAKÓW MAZOWIECKI),4213.0,20209.0,1249.0,3724.0,846.0,80.0,0.0,620.0,190.0,1022.0,5.0,624.0,1548.0,2597.0,1017.0,438.0,6420.0,303.0,156.0,8.0,104.0,0.0,0.0
MIŃSKI,1765.0,25428.0,3329.0,7910.0,727.0,209.0,3.0,310.0,205.0,145.0,7.0,440.0,3363.0,5090.0,4486.0,229.0,13835.0,0.0,366.0,11.0,173.0,0.0,0.0
MŁAWSKI,1331.0,44454.0,1458.0,3418.0,864.0,40.0,2.0,789.0,515.0,877.0,3.0,1430.0,3663.0,5547.0,1412.0,239.0,13557.0,237.0,57.0,0.0,247.0,0.0,16.0
NIESZAWSKI,9422.0,33609.0,7071.0,2337.0,39.0,2.0,6.0,2125.0,803.0,1261.0,16.0,2320.0,2952.0,3865.0,4435.0,734.0,11339.0,7558.0,1.0,8.0,188.0,0.0,210.0
PŁOCKI,12439.0,38319.0,4828.0,8029.0,329.0,9.0,1.0,756.0,327.0,378.0,17.0,2299.0,2354.0,2085.0,5033.0,867.0,13052.0,4506.0,12.0,0.0,309.0,0.0,0.0
PŁOŃSKI,8232.0,34457.0,3209.0,5658.0,403.0,34.0,0.0,661.0,505.0,522.0,8.0,1886.0,2703.0,3980.0,2745.0,342.0,11082.0,1813.0,32.0,4.0,210.0,0.0,25.0
PRZASNYCKI,4434.0,22298.0,1880.0,2770.0,774.0,35.0,0.0,569.0,327.0,1697.0,20.0,1364.0,1241.0,819.0,1119.0,209.0,7148.0,537.0,327.0,5.0,88.0,0.0,0.0
PUŁTUSKI,5631.0,34041.0,2816.0,6575.0,2006.0,12.0,4.0,436.0,316.0,488.0,24.0,1213.0,3652.0,4490.0,3326.0,213.0,12260.0,659.0,151.0,3.0,194.0,7.0,0.0
RADZYMIŃSKI,573.0,19832.0,1398.0,3868.0,1249.0,46.0,0.0,118.0,104.0,42.0,5.0,285.0,2390.0,4224.0,526.0,45.0,8855.0,0.0,257.0,4.0,2.0,0.0,0.0
RAWSKI (RAWA MAZOWIECKA),2423.0,35751.0,2929.0,8665.0,131.0,88.0,0.0,64.0,82.0,128.0,13.0,167.0,4745.0,4874.0,2342.0,102.0,13291.0,80.0,142.0,1.0,267.0,0.0,0.0
RYPIŃSKI,3265.0,30498.0,5143.0,4098.0,515.0,14.0,1.0,1124.0,421.0,705.0,10.0,699.0,2457.0,2098.0,3410.0,203.0,10338.0,1444.0,18.0,2.0,183.0,0.0,87.0
SIERPECKI,2972.222585913879,34265.158401118715,1654.053582051652,3915.01781161557,646.1123182701168,45.004970160635565,0.01988064254227544,293.80315219784313,380.6878591915921,817.8290191138893,4.039761285084551,1377.7415332463327,1572.4840274036806,3514.611274556322,1504.1520243533482,197.98806425422754,10449.357649158967,923.158010626852,78.0795225701691,0.00497016063556886,138.09840550046073,0.0,2.13716907329461
SKIERNIEWICKI,1735.0,21076.0,2517.0,5451.0,83.0,84.0,0.0,69.0,23.0,255.0,13.0,210.0,3211.0,2410.0,780.0,92.0,7718.0,1.0,72.0,1.0,156.0,2.0,0.0
SOCHACZEWSKI,5012.0,22474.0,1826.0,5828.0,180.0,18.0,3.0,125.0,92.0,202.0,19.0,605.0,1549.0,2048.0,1867.0,391.0,8975.0,2797.0,6.0,0.0,185.0,0.0,7.0
WARSZAWSKI,2839.0,21016.0,2784.0,7898.0,467.0,9.0,6.0,155.0,83.0,104.0,17.0,622.0,1592.0,2556.0,1640.0,434.0,16972.0,492.0,1.0,0.0,89.0,3.0,0.0
WŁOCŁAWSKI,8375.0,27911.0,5924.0,4419.0,93.0,10.0,8.0,1294.0,592.0,752.0,1.0,1295.0,2292.0,1917.0,4583.0,759.0,9418.0,4854.0,15.0,8.0,318.0,7.0,269.0
DUBIEŃSKI,24260.0,40001.0,16467.0,30423.0,12587.0,2099.0,30.0,619.0,250.0,1857.0,483.0,868.0,147.0,303.0,8845.0,1235.0,14701.0,985.0,615.0,983.0,810.0,911.0,0.0
HOROCHOWSKI,17935.0,21806.0,8965.0,12877.0,2805.0,1345.0,11.0,232.0,218.0,1479.0,181.0,622.0,487.0,78.0,3378.0,385.0,9719.0,547.0,519.0,401.0,504.0,23.0,0.0
KOWELSKI,13238.0,55375.0,8192.0,10002.0,4657.0,2320.0,6.0,181.0,52.0,3557.0,464.0,625.0,2971.0,126.0,1020.0,348.0,21254.0,47.0,1351.0,1202.0,702.0,13.0,0.0
KRZEMIENIECKI,8899.0,45678.0,18800.0,33551.0,25670.0,2402.0,30.0,455.0,179.0,2695.0,615.0,910.0,10.0,12.0,2743.0,570.0,11610.0,1814.0,78.0,840.0,83.0,63.0,0.0
LUBOMELSKI,2828.0,17746.0,3116.0,2475.0,1598.0,891.0,3.0,73.0,14.0,1328.0,696.0,566.0,2205.0,61.0,75.0,442.0,7620.0,0.0,442.0,417.0,112.0,3.0,0.0
ŁUCKI,24034.0,49119.0,16258.0,27463.0,8228.0,2158.0,15.0,677.0,36.0,1418.0,57.0,630.0,526.0,34.0,6071.0,480.0,22404.0,1473.0,1191.0,763.0,651.0,211.0,0.0
RÓWIEŃSKI,18296.0,40025.0,11795.0,28218.0,5554.0,1552.0,6.0,499.0,482.0,1152.0,368.0,1443.0,257.0,12.0,5182.0,360.0,12570.0,4421.0,460.0,328.0,933.0,276.0,0.0
WŁODZIMIERSKI,21543.0,26314.0,8555.0,13537.0,2108.0,1841.0,28.0,311.0,162.0,2046.0,184.0,1304.0,1552.0,215.0,2327.0,648.0,8852.0,1377.0,683.0,617.0,875.0,28.0,0.0
KOSTOPOLSKI,4664.0,28816.0,4827.0,9799.0,7026.0,2314.0,3.0,33.0,5.0,1132.0,88.0,50.0,553.0,44.0,775.0,50.0,11558.0,0.0,1261.0,775.0,384.0,37.0,0.0
ZDOŁBUNOWSKI,10721.0,20451.0,6436.0,10406.0,2382.0,583.0,13.0,184.0,78.0,416.0,109.0,282.0,48.0,18.0,4031.0,224.0,5725.0,2926.0,73.0,264.0,374.0,349.0,0.0
SARNEŃSKI,902.0,36824.0,5639.0,6101.0,6051.0,2837.0,0.0,78.0,42.0,371.0,113.0,12.0,266.0,246.0,252.0,23.0,16834.0,0.0,781.0,510.0,0.0,11.0,0.0
OSZMIAŃSKI,626.6340310152237,30416.15834805373,6968.6884689212875,13944.350607504111,1629.8462237534277,0.9962385230766673,0.0,0.0,0.0,2502.551169968588,9.962385230766673,326.7662355691469,3480.8573996298755,1936.6876888610411,4204.126567383536,452.29228947680696,8960.169276551545,0.0,4217.077668183532,46.82321058460336,0.0,0.0,0.0
ŚWIĘCIAŃSKI,2592.0,37551.0,8097.0,11161.0,1762.0,0.0,0.0,59.0,524.0,6363.0,547.0,1639.0,1077.0,863.0,1849.0,218.0,12007.0,0.0,4145.0,95.0,0.0,0.0,0.0
WILNO (MIASTO),0.0,0.0,0.0,0.0,0.0,0.0,0.0,0.0,0.0,0.0,0.0,0.0,0.0,0.0,0.0,0.0,0.0,0.0,0.0,0.0,0.0,0.0,0.0
DZIŚNIEŃSKI,2815.0,41583.0,9284.0,18915.0,21.0,0.0,0.0,253.0,773.0,3353.0,431.0,1500.0,511.0,183.0,3668.0,52.0,13134.0,0.0,10028.0,65.0,1.0,0.0,0.0
WILEJSKI,875.0,30441.0,9506.0,10383.0,1171.0,0.0,0.0,67.0,271.0,6799.0,107.0,38.0,2970.0,2414.0,2965.0,23.0,15676.0,0.0,2379.0,117.0,1.0,0.0,0.0
WILEŃSKO-TROCKI,2068.3659689847764,69962.84165194626,15098.311531078713,20350.649392495885,9066.153776246572,0.0037614769233326223,0.0,388.0,423.0,6660.4488300314115,167.03761476923333,1011.2337644308531,8127.1426003701245,4746.312311138959,5629.873432616464,238.70771052319301,21541.830723448453,0.0,1891.922331816467,265.1767894153966,2.0,0.0,0.0
POSTAWSKI,1618.0,28079.0,5983.0,6868.0,446.0,0.0,0.0,35.0,144.0,4642.0,231.0,334.0,423.0,71.0,564.0,17.0,10087.0,0.0,4235.0,113.0,3.0,0.0,0.0
MOŁODECZAŃSKI,1673.0,21010.0,5811.0,13295.0,161.0,0.0,0.0,130.0,119.0,1870.0,82.0,321.0,2761.0,841.0,3302.0,85.0,9335.0,0.0,2651.0,178.0,1.0,0.0,0.0
