District,Pszenica,Żyto,Jęczmień,Owies,Ziemniaki,Buraki Cukrowe
AUGUSTOWSKI,30725.0,173227.0,37480.0,152079.0,910705.0,0.0
BIAŁOSTOCKI,35228.0,362994.0,38960.0,142142.0,1140186.0,0.0
BIELSKI (BIELSK PODLASKI),103710.0,510034.0,70917.0,186060.0,1511626.0,0.0
GRODZIEŃSKI,54596.168025288156,517748.0751236178,75552.81604976783,131000.65395491091,2466802.75660788,0.0
ŁOMŻYŃSKI,115649.44106065368,630311.6808438116,34589.15023954093,142940.65479606285,2610309.032721816,22572.0
OSTROŁĘCKI,89618.55893934632,503196.3191561884,33441.849760459074,100001.34520393716,1737935.9672781841,20373.0
OSTROWSKI (OSTRÓW MAZOWIECKA),58950.0,311233.0,18616.0,55590.0,1099107.0,12186.0
SOKÓLSKI,25765.0,392282.0,44940.0,137890.0,1220723.0,0.0
SUWALSKI,28738.0,275724.0,36269.0,269505.0,818629.0,0.0
SZCZUCZYŃSKI (WOJ. BIAŁOSTOCKIE),59462.0,260162.0,29881.0,91662.0,1052737.0,0.0
WOŁKOWYSKI,42327.0,540900.0,84919.0,131141.0,2230286.0,0.0
WYSOKOMAZOWIECKI,91457.0,301598.0,40336.0,92760.0,1279241.0,16791.0
BIAŁYSTOK (MIASTO),0.0,0.0,0.0,0.0,0.0,0.0
BĘDZIŃSKI,7776.0,114408.0,15807.0,14212.0,594576.0,0.0
CZĘSTOCHOWSKI,18011.0,517951.0,21161.0,64347.0,2247101.0,8650.0
IŁŻECKI,69423.0,435227.0,146125.0,206978.0,1707216.0,28284.0
JĘDRZEJOWSKI,220471.44684412173,349670.33195996366,111593.35651794261,121282.99694018319,1877879.2594819153,1440.4315742058943
KIELECKI,64426.0,298425.0,52891.0,66634.0,2296402.0,13824.0
KONECKI,20543.0,268976.0,27757.0,68773.0,1619117.0,0.0
KOZIENICKI,48973.0,488500.0,111820.0,141312.0,1749574.0,69506.0
MIECHOWSKI,361097.55315587827,346885.66804003634,165184.6434820574,215205.0030598168,2008117.740518085,179391.5684257941
OLKUSKI,70633.0,296695.0,81703.0,92149.0,1621692.0,0.0
OPATOWSKI,220236.0,352275.0,184184.0,327954.0,2359235.0,310457.0
OPOCZYŃSKI,35144.0,523846.0,43385.0,92503.0,2360190.0,0.0
PIŃCZOWSKI,243354.0,303099.0,134421.0,107833.0,1100096.0,400260.0
RADOMSKI,52260.71426130302,658235.8103156738,104035.08504384544,155798.60434917413,2341244.6822805344,2596.4625478660064
SANDOMIERSKI,156752.0,212787.0,120822.0,131942.0,1428777.0,265987.0
STOPNICKI,147631.0,331801.0,92254.0,108012.0,1850564.0,26341.0
WŁOSZCZOWSKI,107834.0,280445.0,31070.0,73391.0,1530245.0,0.0
ZAWIERCIAŃSKI,13720.0,202716.0,20479.0,21477.0,1009144.0,0.0
CZĘSTOCHOWA (MIASTO),0.0,0.0,0.0,0.0,0.0,0.0
SOSNOWIEC,0.0,0.0,0.0,0.0,0.0,0.0
RADOM (MIASTO),715.2857386969733,9009.189684326147,1423.9149561545628,2132.395650825878,32044.31771946544,35.53745213399339
BIALSKI (BIAŁA KRAKOWSKA),22867.936918749518,118351.84503151709,10115.191014447164,97110.8124091147,714753.5684576366,0.0
BOCHEŃSKI,87326.0,114578.0,32276.0,66096.0,653957.0,0.0
BRZESKI (BRZESKO),101734.0,165366.0,48597.0,87681.0,937667.0,0.0
CHRZANOWSKI,14369.0,97865.0,9040.0,34695.0,677729.0,0.0
DĄBROWSKI,80851.0,106831.0,30236.0,51420.0,600672.0,13738.0
GORLICKI,86170.19488667688,110668.38307059096,53034.45512937392,116173.35718764555,804492.7628185824,0.0
JASIELSKI,87914.69116658295,115882.78150342924,41304.16171166771,77224.68468095532,844997.4403147325,4397.575416946665
KRAKOWSKI,138852.31023253332,217302.26922863678,35719.793767139534,107396.49598418802,898429.0312138257,23328.0
KRAKÓW (MIASTO),0.0,0.0,0.0,0.0,0.0,0.0
LIMANOWSKI,45724.0,54491.0,28380.0,70707.0,585117.0,0.0
MIELECKI,81142.4965776633,132637.0984736036,35448.548102154724,58880.95957844856,670908.0909793732,1217.62987251045
MYŚLENICKI,68344.7270336573,121176.2009619463,28080.031222978574,101255.84188612754,713600.9250458075,0.0
NOWOSĄDECKI,65242.29632767577,109484.11363950337,61795.302051690895,137714.32700341364,987263.3813827442,0.0
NOWOTARSKI,4403.3050068664,49091.417287984674,67969.46919713955,236856.07858384823,937700.2433887491,0.0
ROPCZYCKI,121037.30883341706,217022.21849657077,62374.8382883323,93095.31531904468,1373747.5596852677,35836.42458305334
TARNOWSKI,87198.50878564734,157293.50328990567,44515.24281893519,105967.31580894082,939422.8557986734,20106.0
WADOWICKI,79714.73516721383,193373.91845189643,24319.663660943886,164166.17588305657,1275390.4336334644,13392.0
ŻYWIECKI,14918.985640979636,64875.34903801871,28040.851137351296,110330.59525366494,706424.7982605167,0.0
BIALSKI (BIAŁA PODLASKA),65996.07267029243,398013.9251877972,33388.182298231935,137327.29716784836,1970919.3416689069,105898.88078903452
BIŁGORAJSKI,41891.0,166101.0,48285.0,103631.0,750923.0,2800.0
CHEŁMSKI,221993.0,358128.0,125879.0,96777.0,1235285.0,125090.0
GARWOLIŃSKI,84660.0,567149.0,122856.0,155975.0,1954040.0,6845.0
HRUBIESZOWSKI,374482.58766600944,275052.9579845604,146050.2368544558,231265.68243657044,1047138.244387128,411873.8281120454
JANOWSKI,99688.0,251967.0,118053.0,181984.0,1390570.0,111016.0
KRASNOSTAWSKI,332651.0,280118.0,153671.0,182926.0,1445079.0,117620.0
LUBARTOWSKI,59038.0,382830.0,41059.0,97493.0,1484503.0,46963.0
LUBELSKI,484263.1147465309,565516.5461289918,266486.85378622793,320145.45722825936,2375374.032778515,700230.22194611
ŁUKOWSKI,51447.0,514343.0,35441.0,163450.0,2061913.0,1860.0
PUŁAWSKI,124903.0,325457.0,149304.0,136381.0,2046518.0,375823.0
RADZYŃSKI,94667.67089106402,266744.6353626457,25192.07317453023,146858.00753847623,1663181.6467633524,50400.0774652532
SIEDLECKI,61644.162418939595,427138.84638511983,29200.728929536126,138001.53840141153,2435415.3968308046,95968.52957711717
SOKOŁOWSKI,79179.0,298891.0,39958.0,104271.0,1736223.0,109366.0
TOMASZOWSKI,211630.4123339906,246539.04201543963,142240.7631455442,162545.31756342956,1403887.755612872,341890.1718879546
WĘGROWSKI,49179.0,285737.0,29950.0,90888.0,1916383.0,14177.0
WŁODAWSKI,65851.0,337287.0,32803.0,96694.0,1319610.0,16041.0
ZAMOJSKI,242744.0,214802.0,144385.0,184931.0,1076988.0,252623.0
LUBLIN (MIASTO),1564.8852534691243,1827.4538710082309,861.1462137720828,1034.5427717406435,7675.9672214849625,2262.77805389003
BÓBRECKI,124932.0,91855.0,39179.0,70190.0,984926.0,180864.0
BRZOZOWSKI,60308.0,108755.0,42590.0,67932.0,648804.0,11261.0
DOBROMILSKI,53031.002504209515,82191.08180093257,23655.56979574386,101357.229601751,366474.3321152812,7906.0
DROHOBYCKI,51111.8675223557,126145.88082158915,29085.469185232727,92574.72191974333,1049286.9059084295,397.49819681421855
GRÓDECKI,65347.00723658821,94772.83890204693,33245.61879073426,77467.90828822038,648679.2774616578,20822.049918300505
JAROSŁAWSKI,166638.12786908145,327191.00286647485,69779.57844531456,95522.0224105398,427843.9848061377,409337.67668819684
JAWOROWSKI,52570.20533821931,210843.4746477134,48036.257705129115,108535.59042032112,904387.276947357,2826.727868058486
KOLBUSZOWSKI,27062.5034223367,166921.9015263964,29115.45189784528,45017.04042155145,640829.9090206269,6.370127489549943
KROŚNIEŃSKI,79468.08395055764,135659.6175567602,44779.57889728838,85740.65755529172,817735.9072074154,4095.471713698589
LESKI,19087.0,56220.0,15038.0,140956.0,660470.0,0.0
LWOWSKI,163479.0,177519.0,50842.0,153166.0,1250921.0,74974.0
LWÓW (MIASTO),0.0,0.0,0.0,0.0,0.0,0.0
ŁAŃCUCKI,76831.4004061313,150617.96880273958,58810.16605191008,67091.05570782293,644996.8369017722,89560.28709206491
MOŚCISKI,84833.0,153283.0,42453.0,64302.0,803752.0,13547.0
NIŻAŃSKI,29108.0,90792.0,24385.0,29947.0,465767.0,5201.0
PRZEMYSKI,158470.0,186346.0,57371.0,92884.0,1086237.0,131637.0
PRZEWORSKI,72730.0,103004.0,19829.0,46337.0,426922.0,365557.0
RAWSKI (RAWA RUSKA),147994.0,195291.0,89105.0,95099.0,896972.0,42302.0
RUDECKI,84066.99276341179,95776.16109795307,54979.38120926574,54463.09171177962,821511.7225383422,35845.95008169949
RZESZOWSKI,143058.51564331105,228205.41364050022,62747.25505080154,97869.28673688535,975970.2558908124,32169.241194236496
SAMBORSKI,96373.69175497217,170905.4907939488,51954.88866933681,83721.42366159229,1191842.458750848,6621.501803185781
SANOCKI,67379.0,113938.0,48567.0,106035.0,893698.0,14457.0
SOKALSKI,238180.2057821746,163776.6432255363,117550.93855206406,118049.72337344223,1131494.8606640964,179321.60570257955
TARNOBRZESKI,33727.0,90995.0,39282.0,40093.0,606206.0,39827.0
ŻÓŁKIEWSKI,100957.0,130746.0,43605.0,71711.0,646737.0,2115.0
LUBACZOWSKI,58768.66679269923,147136.52248581176,39629.16384955633,83396.38716913907,785075.7382465053,10864.595443744678
TURCZAŃSKI,9452.438218462605,44822.54658352947,12208.072349686592,269861.6248169134,458645.30322544114,0.0
BRZEZIŃSKI,40970.0,462904.0,10435.0,77839.0,1910878.0,4397.0
KALISKI,143111.0,477913.0,26889.0,119127.0,1895247.0,352933.0
KOLSKI,110991.0,518774.0,44143.0,67371.0,2160750.0,266124.0
KONIŃSKI,104135.0,922381.0,66819.0,132815.0,4138518.0,242482.0
ŁASKI,37939.0,588560.0,25593.0,93404.0,2092793.0,15181.0
ŁĘCZYCKI,149836.0,480747.0,42417.0,88552.0,1939404.0,572252.0
ŁÓDZKI,13213.0,313735.0,6819.0,50043.0,1467160.0,0.0
ŁÓDŹ (MIASTO),0.0,0.0,0.0,0.0,0.0,0.0
PIOTRKOWSKI,73245.0,700771.0,30713.0,105431.0,2774517.0,18830.0
RADOMSZCZAŃSKI,52447.0,686676.0,49236.0,82629.0,3235745.0,8500.0
SIERADZKI,69552.0,789221.0,23038.0,134108.0,2732466.0,91959.0
TURECKI,69231.0,465358.0,16424.0,98282.0,1975193.0,153781.0
WIELUŃSKI,41232.0,713892.0,22388.0,151030.0,2719355.0,99790.0
POŁUDNIOWO-WARSZAWSKI,0.0,0.0,0.0,0.0,0.0,0.0
PÓŁNOCNO-WARSZAWSKI,0.0,0.0,0.0,0.0,0.0,0.0
PRASKO-WARSZAWSKI,0.0,0.0,0.0,0.0,0.0,0.0
ŚRÓDMIEJSKO-WARSZAWSKI,0.0,0.0,0.0,0.0,0.0,0.0
BARANOWICKI,39680.0,309694.0,72229.0,156872.0,1579256.0,0.0
BRASŁAWSKI,29765.0,355865.0,79278.0,138501.0,759753.0,0.0
LIDZKI,7744.0,538172.0,121310.0,192146.0,2027799.0,0.0
NIEŚWIESKI,40656.0,349903.0,39325.0,148242.0,1551263.0,0.0
NOWOGRÓDZKI,83780.57060083972,460437.3001711526,114000.93782338304,234951.67285587182,1951685.5884555685,0.0
SŁONIMSKI,23425.0,337631.0,31454.0,88775.0,1015392.0,0.0
STOŁPECKI,18423.429399160268,338683.69982884737,41618.062176616964,110042.3271441282,1180071.4115444312,0.0
WOŁOŻYŃSKI,12824.0,217470.0,73406.0,115333.0,1278009.0,0.0
SZCZUCZYŃSKI (WOJ. NOWOGRÓDZKIE),6814.831974711842,249418.9248763822,49540.18395023216,69237.34604508909,1208990.2433921199,0.0
BRZESKI (BRZEŚĆ N.BUG.),65116.09401970397,600989.5930644373,75514.01559770171,122238.1568922639,2362222.614736936,4778.512168595132
DROHICKI,20916.0,764029.0,30509.0,68618.0,1112657.0,0.0
KOBRYŃSKI,26013.0,337129.0,32190.0,69253.0,1081532.0,4590.0
KOSZYRSKI,6018.0,171948.0,28010.0,51804.0,814910.0,0.0
ŁUNINIECKI,7070.0,148009.0,19303.0,27681.0,957234.0,0.0
PIŃSKI,19774.0,499490.0,38073.0,114133.0,1601709.0,0.0
PRUŻAŃSKI,12294.0,321290.0,37111.0,59131.0,1127383.0,1760.0
STOLIŃSKI,16457.0,252754.0,19556.0,50327.0,1202577.0,0.0
IWACEWICKI,6107.0,216615.0,21473.0,53268.0,949024.0,0.0
BRODNICKI,61018.72593189192,362266.8472600356,75572.83339065446,44880.05992575304,1667682.961608375,202435.24870542088
CHEŁMIŃSKI,178849.06685215016,170421.31424674863,90469.73368802883,39561.85810530976,990009.7958168808,1053609.2249938594
CHOJNICKI,22120.857075711338,462537.66984061856,29171.613156467778,77823.47335166765,1108654.0610234644,16758.33345288465
DZIAŁDOWSKI,8503.0,155373.0,20251.0,14371.0,818713.0,7641.0
GRUDZIĄDZ (MIASTO),0.0,0.0,0.0,0.0,0.0,0.0
GRUDZIĄDZKI,186984.11234196034,211818.78067227043,95767.09966459605,60569.97516336462,1032589.8912890599,559456.1901434128
KARTUSKI,6705.5838588172555,221151.93881415442,15876.607717230441,102879.32934743266,1157436.3300425082,1126.200228212835
KOŚCIERSKI,10527.226540244726,222948.26695562687,13714.729863785566,68024.77723583466,870106.771901188,28.21754035228814
LUBAWSKI,40692.090466174675,323674.811999414,77880.3666499709,57547.291390234845,1308283.133420894,61229.80308323089
SĘPOLEŃSKI,19204.0,165611.0,35576.0,41685.0,787243.0,51295.0
STAROGARDZKI,62083.81820463516,261851.7074093605,46595.04663738495,64767.69323544929,1253691.0464804387,244969.4648195973
ŚWIECKI,87647.22877125464,358129.7249355287,84754.92796198165,64566.775167096355,1803742.8989657033,379840.4608288705
TCZEWSKI,129022.13038742497,128276.62423902216,66976.07561029447,58366.707665074355,865290.8809930657,621861.2251969418
TORUŃ (MIASTO),1169.2400030560425,1555.574185170567,555.3103412051163,267.6540821184998,7099.377863644922,8790.542164365343
TORUŃSKI,151943.46004307206,199644.08134259906,72358.6626395096,34718.200769810195,918923.5848492094,1131997.393246832
TUCHOLSKI,31661.89185640955,256032.90325284426,49572.24795695851,45011.35862360383,984264.6701264109,103255.91627872938
WĄBRZESKI,103846.1634641954,195757.77205973954,68596.14921427851,27273.871110481407,958331.1030102413,428657.1970858552
MORSKI,11915.491428053045,216691.3613600312,18561.08799886715,85732.23748832129,1188891.647999941,4847.575170044625
GDYNIA (MIASTO),67.91277494878484,1211.6214268355952,104.5075087860271,475.737338447584,6660.8446089753115,28.00706139025195
BYDGOSKI,95631.05888797996,373327.8864489319,102702.87180990887,70720.12408894266,1387645.2951154308,319532.2365009328
BYDGOSZCZ (MIASTO),245.94111202002856,960.1135510680606,264.1281900911197,181.87591105733455,3568.7048845691043,821.7634990671821
CHODZIESKI,22490.0,270084.0,44520.0,59683.0,1217868.0,108706.0
CZARNKOWSKI,24221.272730819157,189570.3213081599,24884.039338687304,35556.52277826412,940673.2783260206,135786.12793929077
GNIEŹNIEŃSKI,97880.89164852456,445556.7324793721,101365.03910533778,80794.58877547868,2020132.4298819888,689567.6176392682
GOSTYŃSKI,186936.59880400842,208393.873967313,71574.21335110776,104780.44617425796,1330085.359515725,1375379.327830026
INOWROCŁAWSKI,216395.408054747,284019.59197821,139305.42278226683,41284.51972401663,1131761.867433672,2596937.005189416
JAROCIŃSKI,179860.52278069587,401313.7809623545,62025.736901340904,113908.7491168968,2116050.942054352,1215188.1707099436
KĘPIŃSKI,49872.18040283617,403380.2853749333,23282.59997683553,96328.93561694023,2042994.1287281231,263941.1370727339
KOŚCIAŃSKI,144030.4039697231,346372.77277355327,80327.5717596978,96768.33921582066,2324310.033955374,1250213.65366884
KROTOSZYŃSKI,187158.2859832319,307810.1526027082,65257.73787445272,154483.86182407913,1448137.4701624583,983192.2162557889
LESZCZYŃSKI,102458.26210405756,273211.39611451665,44441.05920396531,87925.40602974017,1524829.678374814,677062.2642026871
MIĘDZYCHODZKI,30435.0,184224.0,19142.0,27899.0,968140.0,252100.0
MOGILEŃSKI,213093.2484627087,494295.06204465625,189924.06166793592,72671.3043679655,2159343.642591292,2138479.226998821
NOWOTOMYSKI,113108.79414018958,404985.8443335132,64883.56538078894,63822.79443465236,2074653.2757329168,2519293.233161372
OBORNICKI,66839.88147725146,317750.88213128154,56273.27494662908,65545.09394472171,1617224.6370347198,606498.4217337223
OSTROWSKI (OSTRÓW WIELKOPOLSKI),69246.40632686274,380548.89523497596,33890.32301673301,100398.54678634433,1686258.7832295871,273555.56696779584
POZNAŃ (MIASTO),0.0,0.0,0.0,0.0,0.0,0.0
RAWICKI,89866.70772208844,183860.41594505758,39527.702214478515,41296.28571417778,979411.5050327771,753430.8789853259
SZAMOTULSKI,145539.0,350844.0,71363.0,62220.0,1525755.0,1530545.0
SZUBIŃSKI,71847.0,242748.0,77245.0,39032.0,1508374.0,589794.0
ŚREDZKI,129403.0,402769.0,89559.0,67534.0,1775970.0,980957.0
ŚREMSKI,82829.63190649578,352377.4270245876,53991.055701388446,70361.42952174292,1578705.0989467897,584138.7843068588
WĄGROWIECKI,83064.0,413128.0,110468.0,68579.0,2046035.0,488167.0
WOLSZTYŃSKI,25280.0,232336.0,14815.0,36462.0,1129764.0,349629.0
WRZESIŃSKI,117910.0,321080.0,75109.0,69014.0,1256885.0,1211199.0
WYRZYSKI,137685.0,411077.0,116850.0,68462.0,1881057.0,662794.0
ŻNIŃSKI,18412.773442457757,276740.6639806046,99426.04645900721,52554.129116637225,1350605.76301612,805836.5380570923
POZNAŃSKI,95233.99033347954,430227.51282334013,109501.14343866752,77701.46293434486,2353583.7702003503,1283141.1201531305
GNIEZNO (MIASTO),318.14776456926245,1467.9808990721933,326.82966294623486,267.10364793553094,6614.203216591304,2186.7143173028785
INOWROCŁAW (MIASTO),2130.5919452529856,2796.4080217899946,1371.5772177331498,406.4802759833715,11143.132566327868,25568.99481058376
DOLIŃSKI,13046.26014560488,74813.58020850527,3999.618248678194,72903.99880546005,587899.0073927229,0.0
HORODEŃSKI,144435.48769984132,136214.10059903073,94017.8654056313,37253.46477832336,910691.5647912108,336163.9249714111
KAŁUSKI,40497.52086630315,69155.28552649653,5147.554674442967,58338.00183979294,712685.2221823293,0.0
KOŁOMYJSKI,116355.51230015868,151536.89940096927,26063.13459436871,76774.53522167665,1023000.4352087892,98850.0750285889
KOSOWSKI (KOSÓW HUCULSKI),11764.0,19919.0,3756.0,8819.0,108638.0,0.0
NADWÓRNIAŃSKI,18609.623421662473,92107.7181689998,9360.048683142906,67949.12382342327,884322.5892394176,0.0
ROHATYŃSKI,218991.0,148742.0,71816.0,114769.0,1567442.0,103252.0
STANISŁAWOWSKI,85550.7395514999,133945.71580823726,10914.108759313898,80069.02146597988,916247.6051685151,15784.934847622175
STRYJSKI,36620.88974954927,114558.58709941816,14675.94041332209,125643.18349001044,1122426.9707885792,765.9968904349244
ŚNIATYŃSKI,126409.0,115977.0,46984.0,43236.0,565711.0,59423.0
TŁUMACKI,98930.98743638395,139493.14603382294,25549.00099297845,71842.2006996103,826966.544630455,5428.213291547061
ŻYDACZOWSKI,79147.85010484584,93411.83269207657,21223.441337999713,81641.8177045295,1129051.021818698,24172.003109565074
BIELSKI (BIELSKO),10883.0,39180.0,6199.0,45354.0,268079.0,6048.0
BIELSKO (MIASTO),0.0,0.0,0.0,0.0,0.0,0.0
CIESZYŃSKI,25653.0,43245.0,13008.0,63272.0,407710.0,0.0
TARNOGÓRSKI,2807.0,50958.0,4109.0,11473.0,422949.0,5000.0
KATOWICE (MIASTO),0.0,0.0,0.0,0.0,0.0,0.0
KATOWICKI,3242.197426856778,41885.613890542685,6025.777085523548,20037.523802463846,328868.78110414447,0.0
LUBLINIECKI,15837.0,104756.0,10074.0,41251.0,589083.0,15600.0
PSZCZYŃSKI,29841.0,213789.0,23834.0,100117.0,1276937.0,20520.0
RYBNICKI,59542.0,289301.0,26541.0,111529.0,1557892.0,88560.0
ŚWIĘTOCHŁOWICKI,5133.450077663555,21511.272204636945,3036.7580996341453,7064.7691672850115,181694.60187635987,0.0
CHORZÓW,501.35249547966635,5765.113904820365,828.4648148423065,2706.7070302511415,45468.61701949563,0.0
BORSZCZOWSKI,180867.24578374618,160085.5893017013,54969.56320258987,21573.038654714073,571968.512378085,22178.38695843489
BRODZKI,77944.14732480326,126131.77061495949,55034.43377751505,60945.17341037794,651422.280455909,58454.48128872579
BRZEŻAŃSKI,154945.4081615144,175835.5837620804,105412.28506755338,108788.1761109227,922205.3555842994,57428.07067275338
BUCZACKI,139982.3963757985,187961.02655881297,67878.80162442254,54418.04846469707,1081049.6590849422,26289.458394688016
CZORTKOWSKI,131782.83605349262,118664.69266400249,57044.28397895211,19299.49682820996,771676.7075726106,57402.013734404994
KAMIONECKI,105440.39979316911,97921.62879554743,37424.60462578978,62561.34941338436,679917.4160418891,36832.67133951963
PODHAJECKI,132128.11410827487,133703.642923468,66034.82646387411,57317.290094342265,1117053.8273839687,31151.04004362385
PRZEMYŚLAŃSKI,160250.0,113085.0,53989.0,98200.0,942622.0,31823.0
RADZIECHOWSKI,100744.85267519676,114009.22938504051,57946.56622248496,69833.82658962207,624892.719544091,20430.51871127421
SKAŁACKI,196231.23460074994,163971.90535799554,142976.97930754314,55235.31398066288,691460.7570745522,27901.78122791139
TARNOPOLSKI,202244.85002141347,240423.12794986722,151143.15433367188,114824.95179137836,972830.0057319278,55935.12552955743
TREMBOWELSKI,124754.07387716942,110055.6509141592,65702.14952309651,26476.838623194053,689229.7451215596,20567.936508063536
ZALESZCZYCKI,114120.45776849211,93226.6986401308,49603.61780317059,20069.589599695242,573634.5378577636,118146.72858066409
ZBARASKI,162835.0,100391.0,78750.0,92994.0,381529.0,7792.0
ZBOROWSKI,97208.0,110389.0,94284.0,107923.0,538694.0,78651.0
ZŁOCZOWSKI,131386.39442465626,117113.72797891627,78028.45682214615,103167.9272131734,1019717.7232940145,93282.72295790083
KOPYCZYNIECKI,158283.51197349903,176385.2163902256,86433.62558524766,25894.908023376996,891462.9309895738,58581.310210729185
BŁOŃSKI,68628.0,282987.0,26526.0,83765.0,1090065.0,307624.0
CIECHANOWSKI,182946.0,401959.0,52628.0,71015.0,1187569.0,409814.0
GOSTYNIŃSKI,74300.0,321843.0,16806.0,55876.0,1046627.0,268997.0
GRÓJECKI,105834.0,561620.0,30388.0,130542.0,2292866.0,4379.0
KUTNOWSKI,190365.0,381792.0,54825.0,105166.0,1233248.0,1170081.0
LIPNOWSKI,102558.0,560523.0,103413.0,59279.0,1712804.0,339284.0
ŁOWICKI,144291.0,602637.0,44670.0,155196.0,1479405.0,158382.0
MAKOWSKI (MAKÓW MAZOWIECKI),63688.0,309976.0,19864.0,50347.0,879282.0,31991.0
MIŃSKI,27562.0,330332.0,37546.0,109709.0,1590261.0,0.0
MŁAWSKI,18272.0,487615.0,14101.0,31208.0,1986398.0,50375.0
NIESZAWSKI,195546.0,542543.0,136387.0,31266.0,1902228.0,1187220.0
PŁOCKI,186664.0,585856.0,72386.0,75748.0,1980225.0,737339.0
PŁOŃSKI,118208.0,483982.0,54385.0,74067.0,1537300.0,290573.0
PRZASNYCKI,70230.0,303888.0,22031.0,33196.0,1234933.0,83696.0
PUŁTUSKI,84203.0,495974.0,34944.0,95286.0,1707690.0,66168.0
RADZYMIŃSKI,9837.0,230711.0,19840.0,55729.0,909141.0,4760.0
RAWSKI (RAWA MAZOWIECKA),41445.0,471044.0,20384.0,60723.0,1901821.0,0.0
RYPIŃSKI,68392.0,418955.0,90820.0,40063.0,1254108.0,241052.0
SIERPECKI,37372.0,438532.0,29939.0,39761.0,1759375.0,70938.0
SKIERNIEWICKI,26083.0,379775.0,29659.0,67911.0,1109385.0,0.0
SOCHACZEWSKI,96813.0,306194.0,23015.0,79038.0,1112057.0,183655.0
WARSZAWSKI,47159.0,204964.0,35682.0,81451.0,1660090.0,43240.0
WŁOCŁAWSKI,159803.0,423854.0,86649.0,36594.0,1340223.0,1004803.0
DUBIEŃSKI,526644.0,535680.0,314343.0,385522.0,1706024.0,81654.0
HOROCHOWSKI,313902.0,254181.0,180584.0,213212.0,932097.0,45711.0
KOWELSKI,160131.0,423175.0,74936.0,94869.0,1083347.0,3600.0
KRZEMIENIECKI,204301.0,664249.0,234910.0,381264.0,1110965.0,44088.0
LUBOMELSKI,31789.0,172976.0,38256.0,27535.0,707201.0,0.0
ŁUCKI,422714.0,642102.0,216735.0,329204.0,1850899.0,108321.0
RÓWIEŃSKI,259612.0,521929.0,168009.0,310128.0,1299047.0,686637.0
WŁODZIMIERSKI,348886.0,379660.0,186095.0,202037.0,1190123.0,98930.0
KOSTOPOLSKI,67306.0,253454.0,41872.0,89486.0,893288.0,0.0
ZDOŁBUNOWSKI,137644.0,187906.0,108142.0,142862.0,585856.0,306808.0
SARNEŃSKI,13930.0,529721.0,59733.0,69780.0,998704.0,0.0
OSZMIAŃSKI,8020.716349290248,315640.24374342663,71249.98293192017,153266.31558272988,849051.2549617512,0.0
ŚWIĘCIAŃSKI,27223.0,325635.0,58353.0,109936.0,984774.0,0.0
WILNO (MIASTO),0.0,0.0,0.0,0.0,0.0,0.0
DZIŚNIEŃSKI,41793.0,374398.0,66533.0,150344.0,1345784.0,0.0
WILEJSKI,6106.0,341310.0,115474.0,97602.0,1406429.0,0.0
WILEŃSKO-TROCKI,10255.28365070975,495969.7562565733,141840.01706807982,208367.6844172701,2340533.7450382486,0.0
POSTAWSKI,31286.0,321540.0,46416.0,69528.0,941700.0,0.0
MOŁODECZAŃSKI,18080.0,227184.0,67876.0,137043.0,715048.0,0.0
