District,Roman Catholic,% Roman Catholic,Greek Catholic,% Greek Catholic,Orthodox,% Orthodox,Evangelical,% Evangelical,Mosaic (Jewish),% Mosaic (Jewish),Other Christian denominations,% Other Christian,Other or unknown,% Other
AUGUSTOWSKI,67821.0,0.90729221,35.0,0.000468221,840.0,0.011237308,322.0,0.004307635,4266.0,0.057069471,1356.0,0.018140226,111.0,0.00148493
BIAŁOSTOCKI,105685.0,0.754472508,116.0,0.00082811,21919.0,0.156477106,983.0,0.007017519,11005.0,0.078563372,75.0,0.000535416,295.0,0.00210597
BIELSKI (BIELSK PODLASKI),91215.0,0.450644731,328.0,0.001620473,91421.0,0.451662467,330.0,0.001630354,18502.0,0.091408527,430.0,0.002124401,184.0,0.000909046
GRODZIEŃSKI,89122.0,0.418206987,217.0,0.001018277,86988.0,0.408193144,489.0,0.002294643,35693.0,0.167490204,140.0,0.000656953,456.0,0.00213979
ŁOMŻYŃSKI,145230.0,0.86360582,84.0,0.000499503,211.0,0.001254705,1048.0,0.0062319,21451.0,0.127557725,45.0,0.000267591,98.0,0.000582754
OSTROŁĘCKI,103871.0,0.922584313,44.0,0.000390809,122.0,0.001083606,159.0,0.001412241,8122.0,0.072139767,177.0,0.001572118,92.0,0.000817146
OSTROWSKI (OSTRÓW MAZOWIECKA),85540.0,0.857621239,56.0,0.000561454,104.0,0.001042701,1559.0,0.015630483,12361.0,0.123930981,14.0,0.000140364,107.0,0.001072778
SOKÓLSKI,81030.0,0.785669268,63.0,0.00061085,13266.0,0.128627527,27.0,0.000261793,8528.0,0.082687739,8.0,7.75682e-05,213.0,0.002065254
SUWALSKI,87350.0,0.79319676,173.0,0.001570956,1346.0,0.012222585,7163.0,0.065044859,8133.0,0.073853111,5817.0,0.052822273,142.0,0.001289456
SZCZUCZYŃSKI (WOJ. BIAŁOSTOCKIE),60763.0,0.890757165,39.0,0.000571722,161.0,0.002360185,135.0,0.001979037,6981.0,0.102338195,12.0,0.000175914,124.0,0.001817782
WOŁKOWYSKI,76373.0,0.445773287,169.0,0.000986418,80452.0,0.46958156,284.0,0.001657649,13283.0,0.077530103,613.0,0.003577953,153.0,0.000893029
WYSOKOMAZOWIECKI,78584.0,0.881945614,41.0,0.000460142,335.0,0.003759694,116.0,0.001301864,9875.0,0.110826796,4.0,4.48919e-05,148.0,0.001660999
BIAŁYSTOK (MIASTO),41493.0,0.455461521,126.0,0.00138308,7502.0,0.082348163,2633.0,0.028901988,39165.0,0.429907465,123.0,0.00135015,59.0,0.000647633
BĘDZIŃSKI,198211.0,0.856906316,101.0,0.000436643,365.0,0.001577969,312.0,0.001348839,31875.0,0.137802084,107.0,0.000462583,339.0,0.001465566
CZĘSTOCHOWSKI,174127.0,0.954298335,48.0,0.000263063,82.0,0.000449399,761.0,0.00417064,6927.0,0.037963237,80.0,0.000438438,441.0,0.002416889
IŁŻECKI,147062.0,0.92076034,61.0,0.000381923,105.0,0.000657409,660.0,0.004132283,11377.0,0.071231796,98.0,0.000613581,355.0,0.002222667
JĘDRZEJOWSKI,99883.8488225679,0.917098032132998,21.25489852666889,0.0001951390421215,38.533693790212986,0.0003535766722339,27.2867608425025,0.0002506271674082,9492.917724606546,0.0873067775420355,4.103552526459237,3.7525121918117485e-05,296.32594905585364,0.0027239014804838
KIELECKI,190243.0,0.867513007,164.0,0.000747844,381.0,0.00173737,969.0,0.004418665,26895.0,0.122641897,30.0,0.000136801,615.0,0.002804416
KONECKI,156301.0,0.872341969,59.0,0.000329289,151.0,0.000842756,227.0,0.001266925,21840.0,0.121892685,3.0,1.67435e-05,593.0,0.003309632
KOZIENICKI,125935.0,0.88000587,48.0,0.000335413,107.0,0.000747692,2606.0,0.01821015,14073.0,0.098339005,1.0,6.98778e-06,337.0,0.002354881
MIECHOWSKI,145693.1511774321,0.942546295867002,31.74510147333111,0.0002053719578784,66.46630620978702,0.000429996327766,35.7132391574975,0.0002310428325917,7213.082275393453,0.0466642664579644,12.896447473540764,8.343217808188252e-05,289.6740509441464,0.0018740155195161
OLKUSKI,140045.0,0.922994286,61.0,0.000402033,65.0,0.000428395,130.0,0.000856791,11234.0,0.0740399,6.0,3.95442e-05,188.0,0.001239051
OPATOWSKI,158886.0,0.851721014,77.0,0.000412765,93.0,0.000498534,71.0,0.000380601,24763.0,0.132744027,2254.0,0.012082746,403.0,0.002160313
OPOCZYŃSKI,119801.0,0.917846526,64.0,0.000490331,47.0,0.000360087,1284.0,0.009837271,8854.0,0.067834268,5.0,3.83071e-05,469.0,0.003593209
PIŃCZOWSKI,112747.0,0.894122032,54.0,0.000428238,33.0,0.000261701,12.0,9.51641e-05,12900.0,0.102301385,4.0,3.17214e-05,348.0,0.002759758
RADOMSKI,140866.0,0.936316444,44.0,0.000292462,43.0,0.000285815,1189.0,0.007903115,7774.0,0.051672682,6.0,3.98812e-05,525.0,0.003489601
SANDOMIERSKI,107315.0,0.869919424,42.0,0.000340461,75.0,0.000607967,161.0,0.001305102,15427.0,0.125054717,1.0,8.10622e-06,341.0,0.002764222
STOPNICKI,135246.0,0.883435342,58.0,0.00037886,36.0,0.000235154,234.0,0.001528503,17157.0,0.112070599,4.0,2.61283e-05,356.0,0.002325414
WŁOSZCZOWSKI,92575.0,0.920164601,32.0,0.000318069,35.0,0.000347888,558.0,0.005546334,7131.0,0.07087976,0.0,0.0,276.0,0.002743348
ZAWIERCIAŃSKI,119491.0,0.911637027,29.0,0.000221251,80.0,0.000610347,230.0,0.001754747,10535.0,0.080375058,553.0,0.004219023,155.0,0.001182547
CZĘSTOCHOWA (MIASTO),90343.0,0.770982855,74.0,0.000631512,335.0,0.002858874,735.0,0.006272455,25588.0,0.218366772,37.0,0.000315756,67.0,0.000571775
SOSNOWIEC,86605.0,0.794840261,97.0,0.000890243,479.0,0.004396149,781.0,0.007167834,20805.0,0.190943382,89.0,0.000816821,103.0,0.00094531
RADOM (MIASTO),51811.0,0.665079202,64.0,0.000821545,264.0,0.003388873,488.0,0.006264281,25159.0,0.322957049,21.0,0.000269569,95.0,0.001219481
BIALSKI (BIAŁA KRAKOWSKA),126431.0,0.908745247,173.0,0.001243468,24.0,0.000172504,2243.0,0.016121961,9951.0,0.071524578,48.0,0.000345009,257.0,0.001847233
BOCHEŃSKI,107399.0,0.943835135,100.0,0.000878812,34.0,0.000298796,232.0,0.002038843,5656.0,0.049705598,69.0,0.00060638,300.0,0.002636436
BRZESKI (BRZESKO),97730.0,0.956019017,57.0,0.000557588,9.0,8.80402e-05,5.0,4.89112e-05,4121.0,0.040312641,8.0,7.8258e-05,296.0,0.002895545
CHRZANOWSKI,125016.0,0.905512781,186.0,0.001347231,54.0,0.000391131,230.0,0.00166593,12127.0,0.087837985,40.0,0.000289727,408.0,0.002955215
DĄBROWSKI,61584.0,0.923602987,34.0,0.000509913,2.0,2.99949e-05,16.0,0.000239959,4807.0,0.072092744,1.0,1.49975e-05,234.0,0.003509403
GORLICKI,73788.0,0.704050379,20134.0,0.192109155,4958.0,0.047306903,26.0,0.00024808,5578.0,0.053222652,38.0,0.000362578,283.0,0.002700253
JASIELSKI,102213.0,0.880038917,4991.0,0.042971777,2668.0,0.022971088,20.0,0.000172197,5786.0,0.04981661,26.0,0.000223856,442.0,0.003805555
KRAKOWSKI,181836.0,0.969745452,237.0,0.001263939,72.0,0.000383982,372.0,0.001983905,4138.0,0.022068274,150.0,0.000799962,704.0,0.003754486
KRAKÓW (MIASTO),159372.0,0.0,1554.0,0.0,340.0,0.0,580.0,0.0,56515.0,0.0,0.0,0.0,0.0,0.0
LIMANOWSKI,84048.0,0.962980786,32.0,0.00036664,11.0,0.000126033,9.0,0.000103118,2766.0,0.031691472,10.0,0.000114575,403.0,0.004617376
MIELECKI,69737.0,0.900238818,67.0,0.000864907,5.0,6.45453e-05,685.0,0.008842703,6457.0,0.083353773,6.0,7.74543e-05,508.0,0.0065578
MYŚLENICKI,99978.0,0.973571456,29.0,0.000282398,3.0,2.92136e-05,9.0,8.76407e-05,2189.0,0.021316169,16.0,0.000155806,468.0,0.004557317
NOWOSĄDECKI,141857.0,0.771519631,21413.0,0.11645918,3647.0,0.019834989,1371.0,0.007456477,15135.0,0.082314934,13.0,7.07033e-05,431.0,0.002344086
NOWOTARSKI,121767.0,0.940365591,2234.0,0.017252431,62.0,0.000478805,138.0,0.001065728,4853.0,0.037478087,16.0,0.000123563,419.0,0.003235796
ROPCZYCKI,104033.0,0.937867929,113.0,0.001018706,23.0,0.000207347,20.0,0.000180302,6410.0,0.057786793,2.0,1.80302e-05,324.0,0.002920892
TARNOWSKI,120610.0,0.847188565,234.0,0.001643662,59.0,0.000414428,70.0,0.000491694,21219.0,0.149046465,16.0,0.000112387,157.0,0.001102799
WADOWICKI,140469.0,0.967797276,101.0,0.000695865,24.0,0.000165354,95.0,0.000654527,3665.0,0.025250959,15.0,0.000103346,774.0,0.005332672
ŻYWIECKI,127685.0,0.975074266,61.0,0.00046583,10.0,7.63656e-05,268.0,0.002046598,2245.0,0.017144079,61.0,0.00046583,619.0,0.004727031
BIALSKI (BIAŁA PODLASKA),82454.4608038815,0.7097049323758868,519.734275920091,0.0044704358592206,18081.23528471304,0.1555279142978045,334.7753792596383,0.0028852781870552,14261.72155708697,0.1227643953500663,131.2120083827203,0.0011286596307573,150.93187719903855,0.0012995273228264
BIŁGORAJSKI,82614.0,0.706398406,142.0,0.001214184,20913.0,0.17881848,31.0,0.000265068,12938.0,0.110627528,240.0,0.002052141,73.0,0.000624193
CHEŁMSKI,88488.0,0.545078231,345.0,0.002125169,37530.0,0.231181471,10609.0,0.065350499,22852.0,0.140766293,2409.0,0.014839226,107.0,0.000659111
GARWOLIŃSKI,139128.0,0.869865326,80.0,0.000500181,67.0,0.000418902,1305.0,0.008159208,18741.0,0.117173725,426.0,0.002663466,195.0,0.001219192
HRUBIESZOWSKI,63365.0,0.487584355,674.0,0.005186331,49128.0,0.378032734,419.0,0.003224143,15785.0,0.121463253,544.0,0.004186,42.0,0.000323184
JANOWSKI,135182.0,0.885173981,47.0,0.000307757,1159.0,0.007589151,20.0,0.00013096,15317.0,0.10029597,430.0,0.002815647,563.0,0.003686533
KRASNOSTAWSKI,113442.0,0.845578754,33.0,0.000245977,4853.0,0.036173496,28.0,0.000208708,12127.0,0.090392743,3507.0,0.026140624,169.0,0.001259699
LUBARTOWSKI,94356.0,0.873739478,39.0,0.000361141,1544.0,0.014297488,1762.0,0.016316174,9652.0,0.089377819,547.0,0.005065237,91.0,0.000842663
LUBELSKI,149192.0,0.912478135,61.0,0.000373084,125.0,0.000764517,755.0,0.004617681,12049.0,0.073693288,792.0,0.004843977,528.0,0.003229318
ŁUKOWSKI,113549.0,0.879658824,42.0,0.000325372,76.0,0.000588768,502.0,0.003888971,14736.0,0.114159107,48.0,0.000371854,130.0,0.001007104
PUŁAWSKI,149060.0,0.865284703,126.0,0.000731423,182.0,0.0010565,88.0,0.000510835,21949.0,0.127412679,334.0,0.001938851,528.0,0.00306501
RADZYŃSKI,80173.34223995787,0.8091043635323912,33.85362190956989,0.0003416487609218,1832.078362164959,0.0184892203260711,913.0520967963408,0.0092144650062672,15481.0621602939,0.1562339125020721,16.926810954784944,0.0001708243804609,212.0829843158349,0.0021403285336834
SIEDLECKI,125018.0,0.825686377,52.0,0.000343436,657.0,0.004339183,600.0,0.003962724,23069.0,0.152360132,1614.0,0.010659727,401.0,0.002648421
SOKOŁOWSKI,74941.0,0.892696756,31.0,0.000369272,145.0,0.001727239,137.0,0.001631943,8334.0,0.09927456,0.0,0.0,361.0,0.00430023
TOMASZOWSKI,73021.0,0.60286153,583.0,0.004813249,33059.0,0.272935174,26.0,0.000214656,14204.0,0.117268254,182.0,0.001502592,49.0,0.000404544
WĘGROWSKI,76511.0,0.86172681,43.0,0.0004843,40.0,0.000450511,1483.0,0.016702708,8888.0,0.100103618,1608.0,0.018110555,215.0,0.002421498
WŁODAWSKI,57939.0,0.510179103,203.0,0.001787507,33382.0,0.29394361,3522.0,0.031012803,18188.0,0.160153567,263.0,0.002315834,69.0,0.000607576
ZAMOJSKI,125249.0,0.837517051,164.0,0.001096638,6778.0,0.045323241,59.0,0.000394522,16738.0,0.111923931,313.0,0.002092973,247.0,0.001651644
LUBLIN (MIASTO),71542.0,0.637146547,160.0,0.001424945,703.0,0.006260854,628.0,0.005592911,38937.0,0.346769381,172.0,0.001531816,143.0,0.001273545
BÓBRECKI,22820.0,0.234957374,66077.0,0.680336477,36.0,0.00037066,131.0,0.001348791,7972.0,0.082080639,8.0,8.23689e-05,80.0,0.000823689
BRZOZOWSKI,65813.0,0.7909741,12711.0,0.152767262,32.0,0.000384592,0.0,0.0,4316.0,0.051871883,43.0,0.000516796,290.0,0.003485367
DOBROMILSKI,25941.0,0.276056188,59640.0,0.63467064,24.0,0.000255401,503.0,0.005352772,7522.0,0.080046823,259.0,0.002756199,81.0,0.000861977
DROHOBYCKI,52172.0,0.268297198,110317.0,0.567310857,533.0,0.00274098,2285.0,0.01175073,28888.0,0.148558029,94.0,0.0004834,167.0,0.000858806
GRÓDECKI,22408.0,0.263601821,56686.0,0.666839201,27.0,0.000317621,778.0,0.009152187,4982.0,0.058606938,71.0,0.000835225,55.0,0.000647006
JAROSŁAWSKI,83652.0,0.565109304,52238.0,0.352892696,64.0,0.000432351,93.0,0.00062826,11721.0,0.079180966,18.0,0.000121599,242.0,0.001634826
JAWOROWSKI,18394.0,0.212005256,62783.0,0.723623245,45.0,0.00051866,286.0,0.003296374,5161.0,0.059484567,30.0,0.000345773,63.0,0.000726124
KOLBUSZOWSKI,63999.0,0.9199885,87.0,0.001250629,4.0,5.75002e-05,80.0,0.001150004,5091.0,0.073183354,4.0,5.75002e-05,300.0,0.004312513
KROŚNIEŃSKI,91189.0,0.804227998,10880.0,0.095954563,4252.0,0.03749989,43.0,0.000379232,6521.0,0.057511002,182.0,0.001605122,320.0,0.002822193
LESKI,18209.0,0.163199641,81544.0,0.730844723,44.0,0.000394354,674.0,0.00604078,10916.0,0.097835537,89.0,0.00079767,99.0,0.000887296
LWOWSKI,67430.0,0.47219888,67507.0,0.472738095,85.0,0.000595238,2320.0,0.016246499,5087.0,0.035623249,252.0,0.001764706,119.0,0.000833333
LWÓW (MIASTO),157490.0,0.0,49747.0,0.0,1077.0,0.0,1660.0,0.0,99595.0,0.0,0.0,0.0,0.0,0.0
ŁAŃCUCKI,86066.0,0.881110576,4781.0,0.048946038,25.0,0.00025594,70.0,0.000716633,6281.0,0.06430246,133.0,0.001361603,323.0,0.00330675
MOŚCISKI,34619.0,0.38697742,49221.0,0.550201207,9.0,0.000100604,72.0,0.000804829,5428.0,0.060675162,16.0,0.000178851,95.0,0.001061927
NIŻAŃSKI,59069.0,0.919605187,915.0,0.014245014,10.0,0.000155683,51.0,0.000793984,3985.0,0.062039761,6.0,9.34099e-05,197.0,0.003066959
PRZEMYSKI,67068.0,0.412614431,73477.0,0.452043754,154.0,0.000947436,162.0,0.000996653,21424.0,0.131804311,203.0,0.001248893,56.0,0.000344522
PRZEWORSKI,54833.0,0.893220173,3029.0,0.049341891,13.0,0.000211768,10.0,0.000162898,3405.0,0.055466866,0.0,0.0,98.0,0.001596403
RAWSKI (RAWA RUSKA),22489.0,0.184227341,84157.0,0.689404614,651.0,0.005332918,542.0,0.004440003,13381.0,0.109615637,629.0,0.005152697,223.0,0.001826791
RUDECKI,27674.0,0.349551598,45742.0,0.577769357,14.0,0.000176835,270.0,0.003410383,5396.0,0.06815713,2.0,2.52621e-05,72.0,0.000909435
RZESZOWSKI,164050.0,0.88624896,3260.0,0.017611531,17.0,9.18393e-05,27.0,0.000145862,17098.0,0.092368697,0.0,0.0,654.0,0.003533111
SAMBORSKI,43583.0,0.325698357,78504.0,0.586665072,23.0,0.00017188,324.0,0.002421271,11258.0,0.084131705,21.0,0.000156934,101.0,0.000754779
SANOCKI,48968.0,0.428810368,54567.0,0.477840536,315.0,0.00275844,49.0,0.000429091,9455.0,0.08279697,683.0,0.005980997,158.0,0.001383598
SOKALSKI,25425.0,0.233019586,69260.0,0.634766431,703.0,0.00644298,224.0,0.002052955,13372.0,0.122554096,45.0,0.000412424,82.0,0.000751528
TARNOBRZESKI,65891.0,0.89895903,165.0,0.002251115,29.0,0.000395651,15.0,0.000204647,6333.0,0.086401899,706.0,0.009632045,158.0,0.002155613
ŻÓŁKIEWSKI,20279.0,0.212329986,66784.0,0.699257646,39.0,0.000408347,282.0,0.002952663,7848.0,0.082171987,210.0,0.002198792,65.0,0.000680578
LUBACZOWSKI,32994.0,0.378085394,44696.0,0.512181147,27.0,0.000309399,129.0,0.001478239,9342.0,0.107052002,29.0,0.000332317,49.0,0.000561502
TURCZAŃSKI,6301.0,0.055051242,96564.0,0.843670549,775.0,0.006771102,40.0,0.000349476,10627.0,0.092847095,7.0,6.11583e-05,143.0,0.001249377
BRZEZIŃSKI,103067.0,0.682911153,55.0,0.000364424,240.0,0.001590215,15022.0,0.0995342,25396.0,0.168271238,7063.0,0.046798699,80.0,0.000530072
KALISKI,160163.0,0.818155812,88.0,0.000449528,1109.0,0.005665071,10512.0,0.053698132,23450.0,0.119788926,120.0,0.000612992,319.0,0.001629538
KOLSKI,100411.0,0.841174499,46.0,0.000385356,74.0,0.000619921,8820.0,0.073887912,9783.0,0.081955265,155.0,0.001298484,81.0,0.000678562
KONIŃSKI,180572.0,0.870247476,107.0,0.000515675,207.0,0.000997614,18561.0,0.089452758,7491.0,0.036102075,233.0,0.001122919,324.0,0.001561483
ŁASKI,138595.0,0.806323996,77.0,0.000447974,153.0,0.00089013,15366.0,0.089396981,17004.0,0.098926608,587.0,0.003415074,103.0,0.000599238
ŁĘCZYCKI,108277.0,0.848665595,29.0,0.000227299,71.0,0.000556492,5951.0,0.046643414,11937.0,0.093561155,1116.0,0.00874711,204.0,0.001598934
ŁÓDZKI,117102.0,0.724322853,73.0,0.000451534,226.0,0.001397901,29131.0,0.180186923,13152.0,0.081350397,1905.0,0.011783189,82.0,0.000507203
ŁÓDŹ (MIASTO),340179.0,0.000507749,307.0,0.000507749,2122.0,0.00350959,56159.0,0.092881751,202497.0,0.33491116,2667.0,0.004410969,698.0,0.001154427
PIOTRKOWSKI,188184.0,0.846931749,63.0,0.000283535,415.0,0.001867729,12044.0,0.05420464,20902.0,0.094070524,303.0,0.001363667,284.0,0.001278157
RADOMSZCZAŃSKI,169865.0,0.911234255,72.0,0.000386241,103.0,0.00055254,3820.0,0.020492243,12019.0,0.064475463,92.0,0.00049353,441.0,0.002365728
SIERADZKI,145689.0,0.866933252,53.0,0.00031538,94.0,0.000559354,5714.0,0.034001583,16042.0,0.095459117,289.0,0.001719716,170.0,0.001011598
TURECKI,92653.0,0.910737806,22.0,0.00021625,28.0,0.000275228,4528.0,0.044508227,4311.0,0.042375214,115.0,0.001130399,77.0,0.000756876
WIELUŃSKI,196813.0,0.918403726,114.0,0.000531967,135.0,0.000629961,2276.0,0.010620675,14511.0,0.067713802,16.0,7.4662e-05,434.0,0.002025208
POŁUDNIOWO-WARSZAWSKI,0.0,0.0,0.0,0.0,0.0,0.0,0.0,0.0,0.0,0.0,0.0,0.0,0.0,0.0
PÓŁNOCNO-WARSZAWSKI,0.0,0.0,0.0,0.0,0.0,0.0,0.0,0.0,0.0,0.0,0.0,0.0,0.0,0.0
PRASKO-WARSZAWSKI,0.0,0.0,0.0,0.0,0.0,0.0,0.0,0.0,0.0,0.0,0.0,0.0,0.0,0.0
ŚRÓDMIEJSKO-WARSZAWSKI,783933.0,0.0,969.0,0.0,8991.0,0.0,15824.0,0.0,352659.0,0.0,0.0,0.0,0.0,0.0
BARANOWICKI,45126.0,0.280219576,154.0,0.000956296,98964.0,0.614538184,154.0,0.000956296,16074.0,0.099814951,213.0,0.001322669,353.0,0.002192029
BRASŁAWSKI,89020.0,0.621817394,41.0,0.000286391,29672.0,0.207263151,179.0,0.001250341,7703.0,0.053806553,16183.0,0.113040563,363.0,0.002535607
LIDZKI,144627.0,0.788222471,44.0,0.000239802,22981.0,0.125247295,208.0,0.001133608,14913.0,0.081276399,46.0,0.000250702,666.0,0.003629725
NIEŚWIESKI,22378.0,0.195502516,25.0,0.000218409,82220.0,0.718304445,258.0,0.002253984,8880.0,0.077578977,241.0,0.002105465,462.0,0.004036204
NOWOGRÓDZKI,29449.38927110411,0.1991430732203629,588.9492923159004,0.0039417142787466,109506.3949126774,0.7354539196740376,170.21033401377233,0.0011490886893802,10582.387525516462,0.0711743621451777,258.82954519064447,0.001737057917156,695.2793734549288,0.0046606433297174
SŁONIMSKI,23817.0,0.188261797,877.0,0.006932258,88847.0,0.702292309,98.0,0.000774642,12344.0,0.097573314,142.0,0.001122441,385.0,0.003043238
STOŁPECKI,37202.61072889589,0.374313160779637,54.05070768409958,0.0005438297212533,53088.605087322605,0.5341497053259623,182.78966598622767,0.0018391333106197,6854.612474483538,0.0689675158548223,104.17045480935556,0.0010481080828439,186.72062654507127,0.0018786846702825
WOŁOŻYŃSKI,61852.0,0.535413168,37.0,0.000320285,47886.0,0.414518447,174.0,0.001506207,5341.0,0.046233618,134.0,0.001159952,98.0,0.000848323
SZCZUCZYŃSKI (WOJ. NOWOGRÓDZKIE),60097.0,0.560590655,60.0,0.000559686,38840.0,0.362303294,50.0,0.000466405,7883.0,0.07353339,64.0,0.000596998,209.0,0.001949572
BRZESKI (BRZEŚĆ N.BUG.),43559.196956160624,0.2038716150917219,204.41210217033895,0.0009602173798574,135828.686353122,0.6295202643761243,2884.1725239440207,0.0133657888066774,32373.216282619127,0.1502967181478615,1727.8611806624947,0.0080054799887817,107.98513848512655,0.00050401114349
DROHICKI,5699.0,0.058728359,66.0,0.000680132,83081.0,0.856152102,101.0,0.001040808,6981.0,0.071939406,990.0,0.010201979,122.0,0.001257214
KOBRYŃSKI,8973.0,0.078729863,67.0,0.000587864,93359.0,0.819139789,232.0,0.002035588,10527.0,0.092364791,749.0,0.00657179,65.0,0.000570316
KOSZYRSKI,6026.0,0.063439592,92.0,0.000968543,83021.0,0.874015665,463.0,0.0048743,4037.0,0.042500105,1303.0,0.013717522,46.0,0.000484272
ŁUNINIECKI,13754.0,0.126574823,85.0,0.000782235,85643.0,0.788152361,493.0,0.004536963,8072.0,0.074284715,536.0,0.004932682,80.0,0.000736221
PIŃSKI,16465.0,0.089335612,146.0,0.000792165,139876.0,0.758937631,359.0,0.001947858,25385.0,0.137733648,1999.0,0.010846152,75.0,0.000406934
PRUŻAŃSKI,16311.0,0.150216885,40.0,0.000368382,81975.0,0.754952433,100.0,0.000920954,9463.0,0.087149922,660.0,0.0060783,34.0,0.000313125
STOLIŃSKI,6893.0,0.055247866,897.0,0.007189516,104383.0,0.836636877,722.0,0.005786879,10910.0,0.087444395,922.0,0.007389893,38.0,0.000304573
IWACEWICKI,7810.0,0.093313898,186.0,0.002222328,68755.0,0.821484898,146.0,0.001744408,6333.0,0.075666699,443.0,0.005292965,23.0,0.000274804
BRODNICKI,50642.0,0.899710413,26.0,0.000461918,16.0,0.000284257,5281.0,0.09382273,126.0,0.002238528,162.0,0.002878107,34.0,0.000604047
CHEŁMIŃSKI,43944.0,0.832824789,33.0,0.000625415,40.0,0.000758078,8354.0,0.158324647,53.0,0.001004454,276.0,0.00523074,65.0,0.001231877
CHOJNICKI,73960.0,0.961330994,48.0,0.000623903,30.0,0.00038994,2680.0,0.034834601,86.0,0.001117827,18.0,0.000233964,113.0,0.001468772
DZIAŁDOWSKI,35448.0,0.829852982,25.0,0.000585261,27.0,0.000632082,6979.0,0.163381403,173.0,0.004050005,25.0,0.000585261,39.0,0.000913007
GRUDZIĄDZ (MIASTO),48554.0,0.898915096,63.0,0.001166364,239.0,0.004424779,3805.0,0.0704447,677.0,0.012533788,362.0,0.006701966,314.0,0.005813308
GRUDZIĄDZKI,34037.0,0.795238429,48.0,0.001121469,33.0,0.00077101,7953.0,0.185813416,16.0,0.000373823,627.0,0.01464919,87.0,0.002032663
KARTUSKI,64192.0,0.934735125,18.0,0.000262108,12.0,0.000174739,4358.0,0.063459242,50.0,0.000728078,6.0,8.73693e-05,38.0,0.000553339
KOŚCIERSKI,45362.0,0.87713667,13.0,0.000251373,17.0,0.000328718,6202.0,0.119924201,34.0,0.000657437,34.0,0.000657437,54.0,0.001044164
LUBAWSKI,51627.0,0.962813077,11.0,0.000205144,7.0,0.000130546,1640.0,0.030585032,86.0,0.001603849,197.0,0.003673934,53.0,0.000988419
SĘPOLEŃSKI,19661.0,0.665054291,12.0,0.000405913,16.0,0.000541217,9585.0,0.324222846,140.0,0.004735649,137.0,0.004634171,12.0,0.000405913
STAROGARDZKI,67922.0,0.945606928,72.0,0.001002381,53.0,0.000737864,3261.0,0.04539949,351.0,0.004886606,56.0,0.000779629,114.0,0.001587103
ŚWIECKI,73809.0,0.838757699,102.0,0.001159117,54.0,0.00061365,13156.0,0.149503398,338.0,0.003840996,433.0,0.004920566,106.0,0.001204573
TCZEWSKI,63843.0,0.947239573,65.0,0.000964406,37.0,0.00054897,3198.0,0.047448775,112.0,0.001661746,76.0,0.001127613,68.0,0.001008917
TORUŃ (MIASTO),50453.0,0.934435945,79.0,0.001463153,262.0,0.004852481,2617.0,0.048469246,493.0,0.009130813,45.0,0.000833441,44.0,0.00081492
TORUŃSKI,52491.0,0.871740791,93.0,0.001544491,97.0,0.001610921,7326.0,0.121666058,53.0,0.000880194,121.0,0.002009499,33.0,0.000548045
TUCHOLSKI,38829.0,0.941331911,26.0,0.000630318,11.0,0.000266673,2237.0,0.054231618,67.0,0.001624282,7.0,0.000169701,72.0,0.001745497
WĄBRZESKI,41950.0,0.841490813,63.0,0.001263741,50.0,0.001002969,7041.0,0.141238065,279.0,0.005596566,400.0,0.00802375,69.0,0.001384097
MORSKI,80091.0,0.938988217,50.0,0.000586201,57.0,0.000668269,4624.0,0.054211853,229.0,0.0026848,22.0,0.000257928,222.0,0.002602732
GDYNIA (MIASTO),32205.0,0.969533673,95.0,0.002859981,250.0,0.007526267,515.0,0.015504109,84.0,0.002528826,9.0,0.000270946,59.0,0.001776199
BYDGOSKI,44831.0,0.771100294,61.0,0.00104921,157.0,0.002700425,12700.0,0.21844201,148.0,0.002545623,78.0,0.001341612,164.0,0.002820826
BYDGOSZCZ (MIASTO),103594.0,0.88390785,138.0,0.001177474,350.0,0.002986348,10648.0,0.090853242,1692.0,0.01443686,627.0,0.005349829,151.0,0.001288396
CHODZIESKI,30831.0,0.692706929,16.0,0.000359486,19.0,0.00042689,13384.0,0.300709985,150.0,0.003370181,87.0,0.001954705,21.0,0.000471825
CZARNKOWSKI,36997.0,0.855303311,19.0,0.000439245,11.0,0.0002543,5894.0,0.136258554,259.0,0.005987609,15.0,0.000346773,61.0,0.001410209
GNIEŹNIEŃSKI,49215.0,0.85956057,48.0,0.00083834,12.0,0.000209585,7595.0,0.132649853,174.0,0.003038983,147.0,0.002567417,65.0,0.001135252
GOSTYŃSKI,53270.0,0.95245758,7.0,0.000125159,7.0,0.000125159,2543.0,0.045468362,28.0,0.000500635,13.0,0.000232438,61.0,0.001090669
INOWROCŁAWSKI,40796.0,0.839441141,28.0,0.000576144,32.0,0.00065845,7605.0,0.156484701,25.0,0.000514414,73.0,0.001502089,40.0,0.000823062
JAROCIŃSKI,84355.0,0.963550591,22.0,0.000251296,19.0,0.000217029,2912.0,0.033262513,113.0,0.00129075,8.0,9.13805e-05,117.0,0.00133644
KĘPIŃSKI,77658.0,0.894172644,23.0,0.000264827,7.0,8.05997e-05,8393.0,0.096638994,296.0,0.003408214,392.0,0.004513581,80.0,0.000921139
KOŚCIAŃSKI,75984.0,0.963054031,67.0,0.000849187,13.0,0.000164768,2675.0,0.033904105,24.0,0.000304186,19.0,0.000240814,117.0,0.001482909
KROTOSZYŃSKI,69264.0,0.917938931,20.0,0.000265055,17.0,0.000225297,5833.0,0.077303329,152.0,0.002014419,25.0,0.000331319,145.0,0.00192165
LESZCZYŃSKI,55120.0,0.900491742,19.0,0.000310402,25.0,0.000408423,5729.0,0.093594289,222.0,0.003626799,72.0,0.001176259,24.0,0.000392086
MIĘDZYCHODZKI,27107.0,0.873517659,15.0,0.000483372,12.0,0.000386698,3844.0,0.123872132,11.0,0.000354473,27.0,0.00087007,16.0,0.000515597
MOGILEŃSKI,80814.0,0.906128765,73.0,0.000818514,32.0,0.000358801,7965.0,0.089307739,158.0,0.001771578,56.0,0.000627901,88.0,0.000986702
NOWOTOMYSKI,71915.0,0.8234762,30.0,0.000343521,22.0,0.000251915,14888.0,0.170477837,150.0,0.001717603,270.0,0.003091686,56.0,0.000641239
OBORNICKI,42216.0,0.837818528,56.0,0.001111376,34.0,0.000674764,7785.0,0.154501072,193.0,0.003830277,54.0,0.001071684,50.0,0.0009923
OSTROWSKI (OSTRÓW WIELKOPOLSKI),93636.0,0.89925667,32.0,0.00030732,81.0,0.000777904,10082.0,0.096825,106.0,0.001017997,118.0,0.001133242,71.0,0.000681866
POZNAŃ (MIASTO),236829.0,0.0,367.0,0.0,466.0,0.0,1129.0,0.0,1954.0,0.0,0.0,0.0,0.0,0.0
RAWICKI,44254.0,0.88717373,45.0,0.000902129,70.0,0.001403312,5258.0,0.105408765,94.0,0.001884447,28.0,0.000561325,133.0,0.002666292
SZAMOTULSKI,62640.0,0.924684834,20.0,0.000295238,39.0,0.000575714,4578.0,0.067579936,250.0,0.003690473,9.0,0.000132857,206.0,0.003040949
SZUBIŃSKI,37770.0,0.789754313,31.0,0.000648197,51.0,0.001066388,9776.0,0.204411918,119.0,0.002488238,8.0,0.000167277,70.0,0.00146367
ŚREDZKI,47667.0,0.955212216,22.0,0.000440864,16.0,0.000320628,2029.0,0.040659693,75.0,0.001502946,15.0,0.000300589,78.0,0.001563064
ŚREMSKI,54107.0,0.944209828,16.0,0.000279213,9.0,0.000157057,3000.0,0.052352366,82.0,0.001430965,22.0,0.000383917,68.0,0.001186654
WĄGROWIECKI,46574.0,0.858364511,19.0,0.000350172,11.0,0.000202731,7424.0,0.136825227,100.0,0.001843012,13.0,0.000239592,118.0,0.002174754
WOLSZTYŃSKI,38708.0,0.808235196,12.0,0.000250564,9.0,0.000187923,8968.0,0.187254656,48.0,0.001002255,112.0,0.002338595,35.0,0.000730811
WRZESIŃSKI,41370.0,0.946725251,15.0,0.000343265,19.0,0.000434803,2188.0,0.050070941,77.0,0.001762094,2.0,4.57687e-05,27.0,0.000617877
WYRZYSKI,53414.0,0.798737906,42.0,0.000628056,31.0,0.000463565,13069.0,0.195430144,132.0,0.001973891,125.0,0.001869215,60.0,0.000897223
ŻNIŃSKI,36573.0,0.880831387,20.0,0.000481684,16.0,0.000385347,4724.0,0.113773753,71.0,0.001709978,35.0,0.000842947,82.0,0.001974904
POZNAŃSKI,86134.0,0.944638196,74.0,0.000811564,41.0,0.00044965,4654.0,0.051040776,32.0,0.000350946,79.0,0.000866399,168.0,0.001842469
GNIEZNO (MIASTO),29802.0,0.971540342,18.0,0.000586797,21.0,0.000684597,678.0,0.022102689,137.0,0.004466178,11.0,0.000358598,8.0,0.000260799
INOWROCŁAW (MIASTO),33356.0,0.970666977,11.0,0.000320102,57.0,0.001658713,750.0,0.021825166,139.0,0.004044931,27.0,0.000785706,24.0,0.000698405
DOLIŃSKI,15630.0,0.132040246,89761.0,0.758289475,50.0,0.000422394,2324.0,0.019632855,10471.0,0.088457672,31.0,0.000261884,106.0,0.000895474
HORODEŃSKI,15519.0,0.167061382,69728.0,0.750618985,61.0,0.000656662,35.0,0.000376774,7480.0,0.080521885,3.0,3.22949e-05,68.0,0.000732017
KAŁUSKI,14418.0,0.141004577,80706.0,0.789285295,44.0,0.000430309,716.0,0.007002308,6249.0,0.061113719,9.0,8.80178e-05,110.0,0.001075774
KOŁOMYJSKI,31925.0,0.181392045,121240.0,0.688863636,136.0,0.000772727,1575.0,0.008948864,20887.0,0.118676136,38.0,0.000215909,199.0,0.001130682
KOSOWSKI (KOSÓW HUCULSKI),4976.0,0.052963215,80848.0,0.860524523,55.0,0.000585405,22.0,0.000234162,7826.0,0.083297854,13.0,0.000138369,212.0,0.002256471
NADWÓRNIAŃSKI,15214.0,0.108129238,113017.0,0.803236628,99.0,0.000703615,543.0,0.00385922,11663.0,0.082891501,19.0,0.000135037,147.0,0.001044761
ROHATYŃSKI,27108.0,0.213026121,90406.0,0.710448559,50.0,0.000392921,50.0,0.000392921,9466.0,0.074387829,93.0,0.000730833,79.0,0.000620815
STANISŁAWOWSKI,42519.0,0.214353773,123767.0,0.623954547,192.0,0.000967942,2064.0,0.010405376,29525.0,0.148846284,30.0,0.000151241,262.0,0.001320837
STRYJSKI,23404.0,0.153337133,108052.0,0.707929582,107.0,0.000701037,3708.0,0.024293885,17115.0,0.112133184,65.0,0.000425864,180.0,0.001179315
ŚNIATYŃSKI,8659.0,0.110977251,61755.0,0.791477091,42.0,0.000538289,344.0,0.004408843,7073.0,0.090650433,87.0,0.001115027,65.0,0.000833066
TŁUMACKI,31478.0,0.271296584,76621.0,0.660366463,29.0,0.00024994,1022.0,0.008808219,6702.0,0.05776192,49.0,0.000422312,127.0,0.001094563
ŻYDACZOWSKI,15094.0,0.180082799,63118.0,0.753045325,26.0,0.0003102,89.0,0.001061837,5289.0,0.063101757,161.0,0.001920851,40.0,0.00047723
BIELSKI (BIELSKO),47995.0,0.766889301,54.0,0.00086284,13.0,0.000207721,12917.0,0.206394606,1253.0,0.020021092,276.0,0.004410073,76.0,0.001214368
BIELSKO (MIASTO),12645.0,0.566227834,50.0,0.00223894,7.0,0.000313452,5108.0,0.228730073,4430.0,0.198370052,56.0,0.002507612,36.0,0.001612037
CIESZYŃSKI,52004.0,0.641335849,164.0,0.002022519,31.0,0.000382305,26496.0,0.326760147,1940.0,0.02392492,344.0,0.004242357,108.0,0.001331903
TARNOGÓRSKI,63212.0,0.978635125,28.0,0.00043349,18.0,0.000278672,898.0,0.01390265,360.0,0.005573446,17.0,0.00026319,59.0,0.000913426
KATOWICE (MIASTO),113209.0,0.898070729,179.0,0.001419981,134.0,0.001063003,6414.0,0.05088134,5716.0,0.045344207,218.0,0.001729363,188.0,0.001491377
KATOWICKI,208509.0,0.969155686,78.0,0.000362546,53.0,0.000246345,5055.0,0.023495782,1124.0,0.005224384,200.0,0.000929606,126.0,0.000585652
LUBLINIECKI,44609.0,0.986226565,26.0,0.000574814,14.0,0.000309515,405.0,0.008953838,144.0,0.003183587,1.0,2.21082e-05,33.0,0.000729572
PSZCZYŃSKI,152958.0,0.944097769,60.0,0.000370336,26.0,0.000160479,8519.0,0.052581551,348.0,0.002147949,49.0,0.000302441,55.0,0.000339475
RYBNICKI,208907.0,0.98157206,69.0,0.000324204,43.0,0.00020204,3193.0,0.015002655,388.0,0.00182306,75.0,0.000352396,154.0,0.000723586
ŚWIĘTOCHŁOWICKI,196978.0,0.9791327,64.0,0.000318129,46.0,0.000228656,3394.0,0.0168708,424.0,0.002107607,100.0,0.000497077,170.0,0.000845031
CHORZÓW,94010.0,0.92187454,41.0,0.000402051,49.0,0.000480501,4870.0,0.047755867,2811.0,0.027565039,85.0,0.000833521,111.0,0.001088481
BORSZCZOWSKI,28432.0,0.275298469,65248.0,0.631776678,96.0,0.000929539,18.0,0.000174289,9353.0,0.090562274,11.0,0.00010651,119.0,0.001152241
BRODZKI,22521.0,0.246810889,57813.0,0.63358101,196.0,0.002147992,254.0,0.002783623,10360.0,0.113536735,65.0,0.000712344,39.0,0.000427407
BRZEŻAŃSKI,41962.0,0.40416474,54200.0,0.522037294,411.0,0.003958622,17.0,0.000163739,7151.0,0.068876175,51.0,0.000491216,32.0,0.000308214
BUCZACKI,51311.0,0.368979304,76995.0,0.553673901,28.0,0.000201349,20.0,0.000143821,10568.0,0.07599488,44.0,0.000316406,96.0,0.00069034
CZORTKOWSKI,33080.0,0.393772022,42781.0,0.509249119,47.0,0.000559471,200.0,0.002380726,7845.0,0.093383963,15.0,0.000178554,40.0,0.000476145
KAMIONECKI,29828.0,0.363264362,45075.0,0.548952028,38.0,0.000462788,400.0,0.004871454,6700.0,0.081596863,51.0,0.00062111,19.0,0.000231394
PODHAJECKI,38003.0,0.397259128,52613.0,0.549982752,21.0,0.000219521,35.0,0.000365868,4786.0,0.050029792,155.0,0.001620271,50.0,0.000522668
PRZEMYŚLAŃSKI,38475.0,0.427937447,43975.0,0.489111091,27.0,0.000300307,452.0,0.005027361,6860.0,0.076300218,104.0,0.001156738,15.0,0.000166837
RADZIECHOWSKI,17945.0,0.258898042,42894.0,0.61884495,34.0,0.000490528,1256.0,0.018120699,6934.0,0.100038954,227.0,0.003274999,23.0,0.000331828
SKAŁACKI,45631.0,0.511472286,34752.0,0.389530908,46.0,0.000515608,228.0,0.002555624,8486.0,0.095118534,66.0,0.000739786,6.0,6.72533e-05
TARNOPOLSKI,63286.0,0.44498664,60870.0,0.427998875,109.0,0.000766418,182.0,0.001279707,17684.0,0.124342568,40.0,0.000281254,49.0,0.000344537
TREMBOWELSKI,38979.0,0.462269186,40437.0,0.479560252,15.0,0.000177892,9.0,0.000106735,4845.0,0.057458996,7.0,8.30161e-05,29.0,0.000343924
ZALESZCZYCKI,17917.0,0.248774663,48025.0,0.6668194,44.0,0.000610933,32.0,0.000444315,5965.0,0.082823065,10.0,0.000138848,28.0,0.000388775
ZBARASKI,24855.0,0.379008524,36235.0,0.552539685,233.0,0.003552967,175.0,0.002668537,3997.0,0.060949389,71.0,0.001082664,13.0,0.000198234
ZBOROWSKI,26239.0,0.322294965,49507.0,0.608096987,418.0,0.005134315,41.0,0.000503605,5056.0,0.062103104,118.0,0.0014494,34.0,0.000417624
ZŁOCZOWSKI,36937.0,0.311418189,70596.0,0.595199352,67.0,0.000564881,352.0,0.002967734,10236.0,0.086300365,363.0,0.003060476,58.0,0.000489002
KOPYCZYNIECKI,31202.0,0.352111405,49955.0,0.563737107,52.0,0.000586815,78.0,0.000880222,7291.0,0.082278195,11.0,0.000124134,25.0,0.000282122
BŁOŃSKI,126320.0,0.878295695,58.0,0.000403271,306.0,0.0021276,3238.0,0.022513628,11803.0,0.08206558,1743.0,0.012118979,356.0,0.002475248
CIECHANOWSKI,71681.0,0.910084684,18.0,0.000228534,35.0,0.000444371,1672.0,0.021228242,4907.0,0.062300827,307.0,0.003897769,143.0,0.001815573
GOSTYNIŃSKI,66955.0,0.82086899,25.0,0.0003065,32.0,0.00039232,9134.0,0.111982934,4654.0,0.057058088,730.0,0.008949808,36.0,0.00044136
GRÓJECKI,112267.0,0.848213544,51.0,0.000385322,197.0,0.001488399,2798.0,0.021139796,16640.0,0.125720589,136.0,0.001027524,268.0,0.002024827
KUTNOWSKI,95701.0,0.886103961,63.0,0.000583323,98.0,0.000907391,1385.0,0.012823837,10353.0,0.095859336,225.0,0.002083295,177.0,0.001638859
LIPNOWSKI,83662.0,0.800593301,50.0,0.000478469,92.0,0.000880383,15830.0,0.151483254,4172.0,0.039923445,565.0,0.005406699,129.0,0.00123445
ŁOWICKI,97260.0,0.928186286,24.0,0.00022904,74.0,0.000706208,1143.0,0.01090805,5744.0,0.054817006,324.0,0.003092046,216.0,0.002061364
MAKOWSKI (MAKÓW MAZOWIECKI),57822.0,0.881957261,32.0,0.000488095,26.0,0.000396577,327.0,0.004987721,7172.0,0.109394305,34.0,0.000518601,148.0,0.00225744
MIŃSKI,88582.0,0.797080975,23.0,0.000206959,71.0,0.000638874,815.0,0.007333555,14896.0,0.134037595,6594.0,0.059334311,152.0,0.001367731
MŁAWSKI,94385.0,0.915195237,29.0,0.000281196,42.0,0.000407249,694.0,0.006729305,7782.0,0.075457428,15.0,0.000145446,184.0,0.001784139
NIESZAWSKI,103687.0,0.879642669,40.0,0.000339345,189.0,0.001603407,9616.0,0.081578635,3935.0,0.033383104,108.0,0.000916233,299.0,0.002536607
PŁOCKI,109217.0,0.852298976,43.0,0.00033556,316.0,0.002465976,4579.0,0.035733238,11591.0,0.090452928,2263.0,0.01765982,135.0,0.001053502
PŁOŃSKI,71436.0,0.877333464,42.0,0.000515818,26.0,0.000319316,1785.0,0.021922283,6736.0,0.082727451,1201.0,0.014749951,198.0,0.002431715
PRZASNYCKI,65288.0,0.944587517,24.0,0.000347232,30.0,0.00043404,87.0,0.001258717,3540.0,0.05121676,2.0,2.8936e-05,147.0,0.002126798
PUŁTUSKI,98668.0,0.834070179,29.0,0.000245146,68.0,0.000574824,1635.0,0.013821145,17398.0,0.147070509,355.0,0.003000921,144.0,0.001217275
RADZYMIŃSKI,86059.0,0.884125419,25.0,0.000256837,326.0,0.003349154,1514.0,0.015554049,9141.0,0.093909881,47.0,0.000482854,226.0,0.002321806
RAWSKI (RAWA MAZOWIECKA),83530.0,0.892872413,12.0,0.000128271,43.0,0.000459637,2778.0,0.029694715,7033.0,0.075177441,8.0,8.55139e-05,148.0,0.001582008
RYPIŃSKI,73027.0,0.843199741,35.0,0.000404124,88.0,0.001016084,8084.0,0.093341185,4864.0,0.056161742,367.0,0.004237533,142.0,0.00163959
SIERPECKI,72470.0,0.871368796,38.0,0.000456907,28.0,0.000336668,2737.0,0.032909292,7574.0,0.09106868,189.0,0.002272509,132.0,0.001587149
SKIERNIEWICKI,64533.0,0.908339785,38.0,0.000534872,40.0,0.000563023,1397.0,0.019663593,4558.0,0.064156521,373.0,0.005250194,106.0,0.001492012
SOCHACZEWSKI,65804.0,0.875274338,34.0,0.000452242,66.0,0.000877881,5123.0,0.068142217,3853.0,0.051249651,147.0,0.001955281,154.0,0.00204839
WARSZAWSKI,276510.0,0.848002895,228.0,0.000699232,2144.0,0.006575235,9689.0,0.029714296,35736.0,0.109595427,867.0,0.002658922,898.0,0.002753993
WŁOCŁAWSKI,124034.0,0.839281123,51.0,0.000345094,249.0,0.001684869,8055.0,0.054504486,15042.0,0.101782307,82.0,0.000554856,273.0,0.001847266
DUBIEŃSKI,27638.0,0.121909585,838.0,0.003696368,172674.0,0.761654809,3545.0,0.015636785,18227.0,0.08039822,3664.0,0.016161687,123.0,0.000542546
HOROCHOWSKI,17675.0,0.144823631,2060.0,0.01687902,85273.0,0.698701299,5199.0,0.042599041,10112.0,0.082854685,1672.0,0.013699865,54.0,0.00044246
KOWELSKI,35191.0,0.137952527,2412.0,0.009455301,185305.0,0.726415649,3398.0,0.013320528,26719.0,0.104741371,1833.0,0.007185558,237.0,0.000929066
KRZEMIENIECKI,25082.0,0.103204516,716.0,0.002946114,194517.0,0.800376082,1198.0,0.004929392,18751.0,0.077154449,2571.0,0.010578854,197.0,0.000810593
LUBOMELSKI,10998.0,0.128621049,107.0,0.00125136,65578.0,0.766931362,930.0,0.010876303,6861.0,0.080239045,931.0,0.010887997,102.0,0.001192885
ŁUCKI,55802.0,0.191888035,916.0,0.003149877,176461.0,0.606801809,18982.0,0.065273981,34354.0,0.118134145,4110.0,0.014133182,180.0,0.000618971
RÓWIEŃSKI,36444.0,0.144168806,501.0,0.001981906,166469.0,0.658534656,7752.0,0.030666134,37713.0,0.149188843,3686.0,0.014581446,222.0,0.00087821
WŁODZIMIERSKI,38483.0,0.255915251,1636.0,0.01087954,88005.0,0.5852408,2965.0,0.019717504,17331.0,0.115252637,1926.0,0.012808065,28.0,0.000186202
KOSTOPOLSKI,34450.0,0.215849425,1303.0,0.008164058,102609.0,0.642905477,6694.0,0.04194183,10786.0,0.067580607,3643.0,0.022825529,117.0,0.000733074
ZDOŁBUNOWSKI,17901.0,0.151275204,198.0,0.00167323,86750.0,0.733094461,1064.0,0.008991499,10850.0,0.091689624,1438.0,0.012152044,133.0,0.001123937
SARNEŃSKI,28192.0,0.155512897,450.0,0.002482293,132241.0,0.729468679,1700.0,0.009377551,16088.0,0.088744732,2478.0,0.01366916,135.0,0.000744688
OSZMIAŃSKI,81062.93238422534,0.774891335018052,28.89091716922335,0.0002761722621746,15039.216744365369,0.1437618703176273,65.75174252306005,0.0006285298729246,7029.459018828964,0.0671955322364821,754.1525619690372,0.0072090449599528,238.1010070153235,0.0022760394056922
ŚWIĘCIAŃSKI,117524.0,0.861139403,45.0,0.000329731,1933.0,0.014163766,188.0,0.001377542,7678.0,0.056259388,8687.0,0.063652684,420.0,0.003077487
WILNO (MIASTO),125999.0,0.0,277.0,0.0,9321.0,0.0,975.0,0.0,55006.0,0.0,0.0,0.0,0.0,0.0
DZIŚNIEŃSKI,56895.0,0.355847291,132.0,0.000825588,87986.0,0.550304592,356.0,0.002226586,11948.0,0.074728244,2174.0,0.013597188,395.0,0.00247051
WILEJSKI,53168.0,0.405645838,110.0,0.000839246,70554.0,0.538292515,293.0,0.002235447,6113.0,0.0466392,611.0,0.004661631,221.0,0.001686122
WILEŃSKO-TROCKI,201359.06761577463,0.940358132981948,123.10908283077664,0.0005745437378253,2921.7832556346293,0.0139011856823726,456.24825747694,0.0021285251270753,6639.540981171035,0.0310875707635178,2392.8474380309626,0.0111708650400471,972.8989929846764,0.0045406535943077
POSTAWSKI,50751.0,0.507982424,18.0,0.000180168,44459.0,0.445003854,44.0,0.00044041,2769.0,0.027715776,1568.0,0.015694596,298.0,0.002982774
MOŁODECZAŃSKI,21704.0,0.237760859,222.0,0.002431944,62852.0,0.688524949,193.0,0.002114258,5910.0,0.064742291,215.0,0.002355261,189.0,0.002070439
