District,Polish,% Polish,Ukrainian,% Ukrainian,Ruthenian,% Ruthenian,Belarusian,% Belarusian,Russian,% Russian,German,% German,Jewish,% Jewish,Hebrew,% Hebrew,Other and unknown: total,% Other: total,Minorities total (excluding Polish nationality),% Minorities total
AUGUSTOWSKI,68674.0,0.918703429,38.0,0.000508354,26.0,0.000347821,104.0,0.001391286,1478.0,0.019772311,45.0,0.000601999,4140.0,0.055383874,91.0,0.001217375,155.0,0.002073551,6077.0,0.081296571
BIAŁOSTOCKI,116709.0,0.833171519,62.0,0.000442611,46.0,0.000328388,9632.0,0.06876169,1833.0,0.013085567,642.0,0.004583161,8710.0,0.062179643,2204.0,0.015734091,240.0,0.001713331,23369.0,0.166828481
BIELSKI (BIELSK PODLASKI),111377.0,0.550254434,1777.0,0.008779211,302.0,0.001492021,57817.0,0.285643002,12539.0,0.06194852,85.0,0.00041994,16365.0,0.080850748,1896.0,0.009367126,252.0,0.001244998,91033.0,0.449745566
GRODZIEŃSKI,101089.0,0.474362404,151.0,0.000708571,60.0,0.000281551,63731.0,0.299059149,6101.0,0.02862908,153.0,0.000717956,31822.0,0.14932545,3532.0,0.016573989,6466.0,0.03034185,112016.0,0.525637596
ŁOMŻYŃSKI,146308.0,0.870016115,74.0,0.000440039,2.0,1.18929e-05,47.0,0.000279484,82.0,0.000487611,299.0,0.001777994,20472.0,0.121736131,731.0,0.004346869,152.0,0.000903863,21859.0,0.129983885
OSTROŁĘCKI,104341.0,0.926758862,50.0,0.000444101,2.0,1.7764e-05,14.0,0.000124348,35.0,0.000310871,5.0,4.44101e-05,7855.0,0.069768268,158.0,0.001403359,127.0,0.001128017,8246.0,0.073241138
OSTROWSKI (OSTRÓW MAZOWIECKA),85925.0,0.861481236,45.0,0.000451169,3.0,3.00779e-05,21.0,0.000210545,39.0,0.000391013,1391.0,0.01394612,10435.0,0.104620968,1792.0,0.017966533,90.0,0.000902337,13816.0,0.138518764
SOKÓLSKI,92816.0,0.899946672,28.0,0.000271489,28.0,0.000271489,1606.0,0.015571823,501.0,0.004857711,3.0,2.90881e-05,6581.0,0.06380957,1552.0,0.015048238,20.0,0.000193921,10319.0,0.100053328
SUWALSKI,85707.0,0.778277215,207.0,0.001879699,263.0,0.002388217,36.0,0.000326904,6253.0,0.056781446,2627.0,0.023854927,6921.0,0.062847336,1105.0,0.010034143,7005.0,0.063610112,24417.0,0.221722785
SZCZUCZYŃSKI (WOJ. BIAŁOSTOCKIE),60935.0,0.893278604,19.0,0.000278531,4.0,5.86381e-05,28.0,0.000410467,89.0,0.001304698,18.0,0.000263872,6011.0,0.088118449,899.0,0.01317892,212.0,0.003107821,7280.0,0.106721396
WOŁKOWYSKI,83111.0,0.485101589,63.0,0.000367718,22.0,0.000128409,71984.0,0.420155609,2839.0,0.016570651,59.0,0.000344371,10375.0,0.060556713,2707.0,0.015800195,167.0,0.000974744,88216.0,0.514898411
WYSOKOMAZOWIECKI,78881.0,0.885278835,31.0,0.000347912,2.0,2.24459e-05,52.0,0.000583594,96.0,0.001077405,15.0,0.000168345,8990.0,0.10089447,801.0,0.008989596,235.0,0.002637397,10222.0,0.114721165
BIAŁYSTOK (MIASTO),46386.0,0.50917114,87.0,0.000954984,13.0,0.000142699,518.0,0.005685997,3263.0,0.035817389,1948.0,0.021382861,33487.0,0.367581036,5303.0,0.058210118,96.0,0.001053775,44715.0,0.49082886
BĘDZIŃSKI,199763.0,0.863615927,42.0,0.000181575,10.0,4.3232e-05,31.0,0.000134019,98.0,0.000423674,88.0,0.000380442,28228.0,0.122035364,2309.0,0.009982275,741.0,0.003203493,31547.0,0.136384073
CZĘSTOCHOWSKI,175305.0,0.960754332,22.0,0.00012057,1.0,5.48047e-06,14.0,7.67266e-05,16.0,8.76876e-05,532.0,0.002915612,6465.0,0.035431258,26.0,0.000142492,85.0,0.00046584,7161.0,0.039245668
IŁŻECKI,148225.0,0.928041924,46.0,0.000288008,7.0,4.38272e-05,9.0,5.63493e-05,38.0,0.000237919,572.0,0.003581312,9961.0,0.06236617,839.0,0.005253008,21.0,0.000131482,11493.0,0.071958076
JĘDRZEJOWSKI,100617.81870415651,0.9238415470371539,22.127449263334444,0.00020352751707798425,0.03982789479201398,2.576625825674552e-07,3.007965578958403,2.76929324368577e-05,12.119483684376043,0.00011133798695114446,3.071690210625625,2.8105191852063522e-05,8790.864524279601,0.08086031021882013,248.9987206371182,0.0022832472930205726,66.22303621083528,0.0006095529088692619,9146.452697759642,0.08412403192124894
KIELECKI,192238.0,0.876610259,147.0,0.000670324,16.0,7.29604e-05,14.0,6.38404e-05,160.0,0.000729604,731.0,0.003333379,24882.0,0.113462564,987.0,0.004500746,122.0,0.000556323,27059.0,0.123389741
KONECKI,157453.0,0.878771474,50.0,0.000279058,0.0,0.0,15.0,8.37175e-05,45.0,0.000251153,113.0,0.000630672,20799.0,0.116082691,651.0,0.00363334,48.0,0.000267896,21721.0,0.121228526
KOZIENICKI,126546.0,0.884275402,57.0,0.000398303,3.0,2.09633e-05,10.0,6.98778e-05,21.0,0.000146743,2498.0,0.01745547,13754.0,0.096109904,130.0,0.000908411,88.0,0.000614924,16561.0,0.115724598
MIECHOWSKI,146561.1812958435,0.9481619239628462,15.872550736665556,0.00010268548292201573,4.960172105207986,3.208933741743255e-05,0.9920344210415972,6.417857563142299e-06,14.880516315623959,9.626791304885553e-05,8.928309789374374,5.776070814793648e-05,6210.135475720399,0.040175808781179864,498.0012793628818,0.003221765706979428,27.77696378916472,0.00017970009113073805,6781.5473022403585,0.043872497078751065
OLKUSKI,140591.0,0.926592807,27.0,0.000177949,5.0,3.29535e-05,6.0,3.95442e-05,16.0,0.000105451,68.0,0.000448167,10593.0,0.069815263,267.0,0.001759716,156.0,0.001028149,11138.0,0.073407193
OPATOWSKI,161840.0,0.867556165,56.0,0.000300192,7.0,3.75241e-05,13.0,6.96875e-05,36.0,0.000192981,11.0,5.89664e-05,23209.0,0.124413687,1297.0,0.006952671,78.0,0.000418125,24707.0,0.132443835
OPOCZYŃSKI,120629.0,0.924190187,67.0,0.000513316,0.0,0.0,3.0,2.29843e-05,6.0,4.59686e-05,1144.0,0.008764672,8519.0,0.06526769,121.0,0.000927033,35.0,0.00026815,9895.0,0.075809813
PIŃCZOWSKI,113643.0,0.901227617,42.0,0.000333074,1.0,7.93034e-06,2.0,1.58607e-05,7.0,5.55124e-05,9.0,7.13731e-05,12184.0,0.096623261,149.0,0.001181621,61.0,0.000483751,12455.0,0.098772383
RADOMSKI,142241.0,0.945455875,22.0,0.000146231,3.0,1.99406e-05,5.0,3.32343e-05,13.0,8.64092e-05,979.0,0.006507275,6925.0,0.046029499,211.0,0.001402487,48.0,0.000319049,8206.0,0.054544125
SANDOMIERSKI,108608.0,0.880400772,23.0,0.000186443,3.0,2.43187e-05,5.0,4.05311e-05,56.0,0.000453949,142.0,0.001151084,13649.0,0.110641851,767.0,0.006217474,109.0,0.000883578,14754.0,0.119599228
STOPNICKI,135791.0,0.886995317,52.0,0.000339667,3.0,1.95962e-05,0.0,0.0,15.0,9.79809e-05,203.0,0.001326009,16034.0,0.104735092,952.0,0.006218524,41.0,0.000267815,17300.0,0.113004683
WŁOSZCZOWSKI,93131.0,0.925691055,31.0,0.00030813,0.0,0.0,5.0,4.96983e-05,3.0,2.9819e-05,424.0,0.004214418,6817.0,0.067758705,142.0,0.001411433,54.0,0.000536742,7476.0,0.074308945
ZAWIERCIAŃSKI,120660.0,0.920555721,22.0,0.000167845,0.0,0.0,4.0,3.05173e-05,33.0,0.000251768,43.0,0.000328061,9594.0,0.073195853,424.0,0.003234839,293.0,0.002235396,10413.0,0.079444279
CZĘSTOCHOWA (MIASTO),92429.0,0.78878468,64.0,0.000546173,0.0,0.0,4.0,3.41358e-05,92.0,0.000785124,82.0,0.000699784,23852.0,0.203551831,366.0,0.003123427,290.0,0.002474846,24750.0,0.21121532
SOSNOWIEC,89202.0,0.818674914,52.0,0.000477244,4.0,3.67111e-05,5.0,4.58888e-05,180.0,0.001651998,167.0,0.001532687,18314.0,0.168081572,878.0,0.008058077,157.0,0.001440909,19757.0,0.181325086
RADOM (MIASTO),52767.0,0.677351031,43.0,0.000551976,0.0,0.0,2.0,2.56733e-05,83.0,0.001065441,120.0,0.001540397,24389.0,0.313072835,452.0,0.005802162,46.0,0.000590485,25135.0,0.322648969
BIALSKI (BIAŁA KRAKOWSKA),0.0,0.0,0.0,0.0,0.0,0.0,0.0,0.0,0.0,0.0,0.0,0.0,0.0,0.0,0.0,0.0,0.0,0.0,0.0,0.0
BOCHEŃSKI,0.0,0.0,0.0,0.0,0.0,0.0,0.0,0.0,0.0,0.0,0.0,0.0,0.0,0.0,0.0,0.0,0.0,0.0,0.0,0.0
BRZESKI (BRZESKO),0.0,0.0,0.0,0.0,0.0,0.0,0.0,0.0,0.0,0.0,0.0,0.0,0.0,0.0,0.0,0.0,0.0,0.0,0.0,0.0
CHRZANOWSKI,0.0,0.0,0.0,0.0,0.0,0.0,0.0,0.0,0.0,0.0,0.0,0.0,0.0,0.0,0.0,0.0,0.0,0.0,0.0,0.0
DĄBROWSKI,0.0,0.0,0.0,0.0,0.0,0.0,0.0,0.0,0.0,0.0,0.0,0.0,0.0,0.0,0.0,0.0,0.0,0.0,0.0,0.0
GORLICKI,0.0,0.0,0.0,0.0,0.0,0.0,0.0,0.0,0.0,0.0,0.0,0.0,0.0,0.0,0.0,0.0,0.0,0.0,0.0,0.0
JASIELSKI,0.0,0.0,0.0,0.0,0.0,0.0,0.0,0.0,0.0,0.0,0.0,0.0,0.0,0.0,0.0,0.0,0.0,0.0,0.0,0.0
KRAKOWSKI,0.0,0.0,0.0,0.0,0.0,0.0,0.0,0.0,0.0,0.0,0.0,0.0,0.0,0.0,0.0,0.0,0.0,0.0,0.0,0.0
KRAKÓW (MIASTO),0.0,0.0,0.0,0.0,0.0,0.0,0.0,0.0,0.0,0.0,0.0,0.0,0.0,0.0,0.0,0.0,0.0,0.0,0.0,0.0
LIMANOWSKI,0.0,0.0,0.0,0.0,0.0,0.0,0.0,0.0,0.0,0.0,0.0,0.0,0.0,0.0,0.0,0.0,0.0,0.0,0.0,0.0
MIELECKI,0.0,0.0,0.0,0.0,0.0,0.0,0.0,0.0,0.0,0.0,0.0,0.0,0.0,0.0,0.0,0.0,0.0,0.0,0.0,0.0
MYŚLENICKI,0.0,0.0,0.0,0.0,0.0,0.0,0.0,0.0,0.0,0.0,0.0,0.0,0.0,0.0,0.0,0.0,0.0,0.0,0.0,0.0
NOWOSĄDECKI,0.0,0.0,0.0,0.0,0.0,0.0,0.0,0.0,0.0,0.0,0.0,0.0,0.0,0.0,0.0,0.0,0.0,0.0,0.0,0.0
NOWOTARSKI,0.0,0.0,0.0,0.0,0.0,0.0,0.0,0.0,0.0,0.0,0.0,0.0,0.0,0.0,0.0,0.0,0.0,0.0,0.0,0.0
ROPCZYCKI,0.0,0.0,0.0,0.0,0.0,0.0,0.0,0.0,0.0,0.0,0.0,0.0,0.0,0.0,0.0,0.0,0.0,0.0,0.0,0.0
TARNOWSKI,0.0,0.0,0.0,0.0,0.0,0.0,0.0,0.0,0.0,0.0,0.0,0.0,0.0,0.0,0.0,0.0,0.0,0.0,0.0,0.0
WADOWICKI,0.0,0.0,0.0,0.0,0.0,0.0,0.0,0.0,0.0,0.0,0.0,0.0,0.0,0.0,0.0,0.0,0.0,0.0,0.0,0.0
ŻYWIECKI,0.0,0.0,0.0,0.0,0.0,0.0,0.0,0.0,0.0,0.0,0.0,0.0,0.0,0.0,0.0,0.0,0.0,0.0,0.0,0.0
BIALSKI (BIAŁA PODLASKA),106134.78817836005,0.9134020957321308,2116.457739248856,0.018205591573749468,120.2665524861129,0.0010344920881514617,174.9034219721196,0.001504415396539008,163.1280892136856,0.0014033549940819768,8.84105961554219,8.03359586870487e-05,6509.723603709333,0.05605875377357817,564.5660706125368,0.00487547580175589,141.39647122476237,0.0012166274933326576,9799.283008082948,0.08437904629370543
BIŁGORAJSKI,106100.0,0.907217553,2510.0,0.02146198,217.0,0.001855478,11.0,9.40565e-05,65.0,0.000555788,7.0,5.98541e-05,7837.0,0.06701097,150.0,0.001282588,54.0,0.000461732,10851.0,0.092782447
CHEŁMSKI,120805.0,0.744148084,9554.0,0.058851793,3549.0,0.021861525,350.0,0.002155969,563.0,0.00346803,6893.0,0.042460269,19061.0,0.117414069,1400.0,0.008623876,165.0,0.001016385,41535.0,0.255851916
GARWOLIŃSKI,140024.0,0.875467357,66.0,0.00041265,2.0,1.25045e-05,5.0,3.12613e-05,20.0,0.000125045,1212.0,0.007577747,17670.0,0.110477548,871.0,0.005445724,72.0,0.000450163,19918.0,0.124532643
HRUBIESZOWSKI,101394.0,0.780211916,16214.0,0.124764345,2852.0,0.021945721,58.0,0.000446301,412.0,0.003170279,365.0,0.002808621,8209.0,0.063167048,331.0,0.002546996,122.0,0.000938772,28563.0,0.219788084
JANOWSKI,142113.0,0.930558284,1006.0,0.006587305,3.0,1.9644e-05,3.0,1.9644e-05,18.0,0.000117864,2.0,1.3096e-05,8831.0,0.057825535,449.0,0.002940059,293.0,0.001918569,10605.0,0.069441716
KRASNOSTAWSKI,123204.0,0.91834316,868.0,0.006469935,186.0,0.001386415,58.0,0.000432323,100.0,0.000745384,6.0,4.47231e-05,9137.0,0.068105755,521.0,0.003883452,79.0,0.000588854,10955.0,0.08165684
LUBARTOWSKI,99918.0,0.92524377,557.0,0.005157837,71.0,0.000657462,9.0,8.33403e-05,13.0,0.00012038,1486.0,0.013760406,5755.0,0.053291478,152.0,0.001407525,30.0,0.000277801,8073.0,0.07475623
LUBELSKI,151946.0,0.929321965,55.0,0.000336387,2.0,1.22323e-05,6.0,3.66968e-05,11.0,6.72775e-05,850.0,0.005198713,10225.0,0.062537461,196.0,0.001198762,211.0,0.001290504,11556.0,0.070678035
ŁUKOWSKI,120991.0,0.937311652,28.0,0.000216915,0.0,0.0,11.0,8.52165e-05,9.0,6.97226e-05,187.0,0.00144868,7151.0,0.055398465,664.0,0.005143977,42.0,0.000325372,8092.0,0.062688348
PUŁAWSKI,150022.0,0.870869058,129.0,0.000748838,4.0,2.32198e-05,15.0,8.70741e-05,68.0,0.000394736,14.0,8.12692e-05,21074.0,0.122333355,717.0,0.004162144,224.0,0.001300307,22245.0,0.129130942
RADZYŃSKI,83811.61090047458,0.8458215428402255,311.6524605204522,0.003145176717677163,12.944031906600252,0.0001306301743066477,11.94833714455408,0.00012058162276807771,45.80195905412397,0.00046223038368993296,666.1197958088899,0.006722439160123311,10677.830628183161,0.10775999958413389,3049.8130561474286,0.0307785231849403,74.677107153463,0.0007536363869189383,14850.787375918673,0.1498732192059478
SIEDLECKI,129414.0,0.854719934,114.0,0.000752918,18.0,0.000118882,84.0,0.000554781,169.0,0.001116167,510.0,0.003368315,19979.0,0.131952104,943.0,0.006228081,180.0,0.001188817,21997.0,0.145280066
SOKOŁOWSKI,75376.0,0.897878474,39.0,0.000464568,0.0,0.0,6.0,7.1472e-05,22.0,0.000262064,69.0,0.000821928,8117.0,0.096689657,144.0,0.001715327,176.0,0.002096511,8573.0,0.102121526
TOMASZOWSKI,86612.0,0.715068855,17940.0,0.148112678,2812.0,0.023215878,41.0,0.000338496,348.0,0.002873089,3.0,2.4768e-05,12593.0,0.103967835,720.0,0.005944322,55.0,0.00045408,34512.0,0.284931145
WĘGROWSKI,79709.0,0.897745191,34.0,0.000382935,0.0,0.0,8.0,9.01023e-05,7.0,7.88395e-05,1201.0,0.013526603,7638.0,0.086025139,117.0,0.001317746,74.0,0.000833446,9079.0,0.102254809
WŁODAWSKI,86866.0,0.764894423,9077.0,0.079927091,586.0,0.005159995,412.0,0.003627846,402.0,0.003539792,2268.0,0.019970766,13537.0,0.119199408,360.0,0.003169963,58.0,0.000510716,26700.0,0.235105577
ZAMOJSKI,130530.0,0.872830128,2302.0,0.015393051,230.0,0.001537968,11.0,7.3555e-05,242.0,0.00161821,16.0,0.000106989,15417.0,0.103090646,722.0,0.004827881,78.0,0.000521572,19018.0,0.127169872
LUBLIN (MIASTO),73534.0,0.654887118,221.0,0.001968206,6.0,5.34355e-05,19.0,0.000169212,156.0,0.001389322,101.0,0.000899497,36549.0,0.325502071,1452.0,0.01293138,247.0,0.00219976,38751.0,0.345112882
BÓBRECKI,0.0,0.0,0.0,0.0,0.0,0.0,0.0,0.0,0.0,0.0,0.0,0.0,0.0,0.0,0.0,0.0,0.0,0.0,0.0,0.0
BRZOZOWSKI,0.0,0.0,0.0,0.0,0.0,0.0,0.0,0.0,0.0,0.0,0.0,0.0,0.0,0.0,0.0,0.0,0.0,0.0,0.0,0.0
DOBROMILSKI,0.0,0.0,0.0,0.0,0.0,0.0,0.0,0.0,0.0,0.0,0.0,0.0,0.0,0.0,0.0,0.0,0.0,0.0,0.0,0.0
DROHOBYCKI,0.0,0.0,0.0,0.0,0.0,0.0,0.0,0.0,0.0,0.0,0.0,0.0,0.0,0.0,0.0,0.0,0.0,0.0,0.0,0.0
GRÓDECKI,0.0,0.0,0.0,0.0,0.0,0.0,0.0,0.0,0.0,0.0,0.0,0.0,0.0,0.0,0.0,0.0,0.0,0.0,0.0,0.0
JAROSŁAWSKI,0.0,0.0,0.0,0.0,0.0,0.0,0.0,0.0,0.0,0.0,0.0,0.0,0.0,0.0,0.0,0.0,0.0,0.0,0.0,0.0
JAWOROWSKI,0.0,0.0,0.0,0.0,0.0,0.0,0.0,0.0,0.0,0.0,0.0,0.0,0.0,0.0,0.0,0.0,0.0,0.0,0.0,0.0
KOLBUSZOWSKI,0.0,0.0,0.0,0.0,0.0,0.0,0.0,0.0,0.0,0.0,0.0,0.0,0.0,0.0,0.0,0.0,0.0,0.0,0.0,0.0
KROŚNIEŃSKI,0.0,0.0,0.0,0.0,0.0,0.0,0.0,0.0,0.0,0.0,0.0,0.0,0.0,0.0,0.0,0.0,0.0,0.0,0.0,0.0
LESKI,0.0,0.0,0.0,0.0,0.0,0.0,0.0,0.0,0.0,0.0,0.0,0.0,0.0,0.0,0.0,0.0,0.0,0.0,0.0,0.0
LWOWSKI,0.0,0.0,0.0,0.0,0.0,0.0,0.0,0.0,0.0,0.0,0.0,0.0,0.0,0.0,0.0,0.0,0.0,0.0,0.0,0.0
LWÓW (MIASTO),0.0,0.0,0.0,0.0,0.0,0.0,0.0,0.0,0.0,0.0,0.0,0.0,0.0,0.0,0.0,0.0,0.0,0.0,0.0,0.0
ŁAŃCUCKI,0.0,0.0,0.0,0.0,0.0,0.0,0.0,0.0,0.0,0.0,0.0,0.0,0.0,0.0,0.0,0.0,0.0,0.0,0.0,0.0
MOŚCISKI,0.0,0.0,0.0,0.0,0.0,0.0,0.0,0.0,0.0,0.0,0.0,0.0,0.0,0.0,0.0,0.0,0.0,0.0,0.0,0.0
NIŻAŃSKI,0.0,0.0,0.0,0.0,0.0,0.0,0.0,0.0,0.0,0.0,0.0,0.0,0.0,0.0,0.0,0.0,0.0,0.0,0.0,0.0
PRZEMYSKI,0.0,0.0,0.0,0.0,0.0,0.0,0.0,0.0,0.0,0.0,0.0,0.0,0.0,0.0,0.0,0.0,0.0,0.0,0.0,0.0
PRZEWORSKI,0.0,0.0,0.0,0.0,0.0,0.0,0.0,0.0,0.0,0.0,0.0,0.0,0.0,0.0,0.0,0.0,0.0,0.0,0.0,0.0
RAWSKI (RAWA RUSKA),0.0,0.0,0.0,0.0,0.0,0.0,0.0,0.0,0.0,0.0,0.0,0.0,0.0,0.0,0.0,0.0,0.0,0.0,0.0,0.0
RUDECKI,0.0,0.0,0.0,0.0,0.0,0.0,0.0,0.0,0.0,0.0,0.0,0.0,0.0,0.0,0.0,0.0,0.0,0.0,0.0,0.0
RZESZOWSKI,0.0,0.0,0.0,0.0,0.0,0.0,0.0,0.0,0.0,0.0,0.0,0.0,0.0,0.0,0.0,0.0,0.0,0.0,0.0,0.0
SAMBORSKI,0.0,0.0,0.0,0.0,0.0,0.0,0.0,0.0,0.0,0.0,0.0,0.0,0.0,0.0,0.0,0.0,0.0,0.0,0.0,0.0
SANOCKI,0.0,0.0,0.0,0.0,0.0,0.0,0.0,0.0,0.0,0.0,0.0,0.0,0.0,0.0,0.0,0.0,0.0,0.0,0.0,0.0
SOKALSKI,0.0,0.0,0.0,0.0,0.0,0.0,0.0,0.0,0.0,0.0,0.0,0.0,0.0,0.0,0.0,0.0,0.0,0.0,0.0,0.0
TARNOBRZESKI,0.0,0.0,0.0,0.0,0.0,0.0,0.0,0.0,0.0,0.0,0.0,0.0,0.0,0.0,0.0,0.0,0.0,0.0,0.0,0.0
ŻÓŁKIEWSKI,0.0,0.0,0.0,0.0,0.0,0.0,0.0,0.0,0.0,0.0,0.0,0.0,0.0,0.0,0.0,0.0,0.0,0.0,0.0,0.0
LUBACZOWSKI,0.0,0.0,0.0,0.0,0.0,0.0,0.0,0.0,0.0,0.0,0.0,0.0,0.0,0.0,0.0,0.0,0.0,0.0,0.0,0.0
TURCZAŃSKI,0.0,0.0,0.0,0.0,0.0,0.0,0.0,0.0,0.0,0.0,0.0,0.0,0.0,0.0,0.0,0.0,0.0,0.0,0.0,0.0
BRZEZIŃSKI,115905.0,0.767974398,50.0,0.000331295,2.0,1.32518e-05,6.0,3.97554e-05,58.0,0.000384302,10020.0,0.066391471,22686.0,0.150315061,2132.0,0.014126409,64.0,0.000424057,35018.0,0.232025602
KALISKI,169363.0,0.865151894,698.0,0.003565572,3.0,1.53248e-05,10.0,5.10827e-05,202.0,0.00103187,3821.0,0.019518699,20866.0,0.106589157,759.0,0.003877177,39.0,0.000199223,26398.0,0.134848106
KOLSKI,101969.0,0.854226355,36.0,0.000301583,1.0,8.37731e-06,2.0,1.67546e-05,18.0,0.000150792,7771.0,0.065100109,9212.0,0.077171819,294.0,0.00246293,67.0,0.00056128,17401.0,0.145773645
KONIŃSKI,183237.0,0.883091159,127.0,0.000612063,6.0,2.89164e-05,2.0,9.63879e-06,62.0,0.000298802,16787.0,0.080903154,6799.0,0.032767055,330.0,0.0015904,145.0,0.000698812,24258.0,0.116908841
ŁASKI,142769.0,0.830607674,47.0,0.000273439,1.0,5.81784e-06,8.0,4.65427e-05,25.0,0.000145446,10488.0,0.061017541,14440.0,0.084009658,969.0,0.00563749,3138.0,0.018256392,29116.0,0.169392326
ŁĘCZYCKI,111517.0,0.87406043,26.0,0.000203786,1.0,7.83791e-06,8.0,6.27033e-05,26.0,0.000203786,4195.0,0.032880041,10910.0,0.08551162,853.0,0.006685739,49.0,0.000384058,16068.0,0.12593957
ŁÓDZKI,120095.0,0.742835759,38.0,0.000235045,6.0,3.71124e-05,13.0,8.04102e-05,70.0,0.000432978,28450.0,0.175974665,11866.0,0.073395971,949.0,0.005869946,184.0,0.001138114,41576.0,0.257164241
ŁÓDŹ (MIASTO),356987.0,0.590423218,73.0,0.000120735,15.0,2.48086e-05,73.0,0.000120735,871.0,0.001440553,53562.0,0.0,177429.0,0.293451025,14291.0,0.023635982,1253.0,0.002072345,247567.0,0.409452739
PIOTRKOWSKI,192161.0,0.864830442,88.0,0.000396049,2.0,9.0011e-06,21.0,9.45116e-05,144.0,0.000648079,8838.0,0.039775873,19519.0,0.087846261,915.0,0.004118004,507.0,0.00228178,30034.0,0.135169558
RADOMSZCZAŃSKI,171787.0,0.92154475,49.0,0.000262859,1.0,5.36446e-06,6.0,3.21868e-05,24.0,0.000128747,2601.0,0.013952964,11614.0,0.062302856,120.0,0.000643735,210.0,0.001126537,14625.0,0.07845525
SIERADZKI,147369.0,0.876930218,29.0,0.000172567,1.0,5.95057e-06,5.0,2.97529e-05,22.0,0.000130913,5493.0,0.032686506,14462.0,0.086057209,649.0,0.003861923,21.0,0.000124962,20682.0,0.123069782
TURECKI,94370.0,0.927615153,10.0,9.82956e-05,2.0,1.96591e-05,2.0,1.96591e-05,5.0,4.91478e-05,3176.0,0.031218668,3893.0,0.03826646,262.0,0.002575344,14.0,0.000137614,7364.0,0.072384847
WIELUŃSKI,200823.0,0.937115899,67.0,0.000312647,2.0,9.33275e-06,6.0,2.79983e-05,16.0,7.4662e-05,113.0,0.000527301,12498.0,0.058320384,718.0,0.003350459,56.0,0.000261317,13476.0,0.062884101
POŁUDNIOWO-WARSZAWSKI,0.0,0.0,0.0,0.0,0.0,0.0,0.0,0.0,0.0,0.0,0.0,0.0,0.0,0.0,0.0,0.0,0.0,0.0,0.0,0.0
PÓŁNOCNO-WARSZAWSKI,0.0,0.0,0.0,0.0,0.0,0.0,0.0,0.0,0.0,0.0,0.0,0.0,0.0,0.0,0.0,0.0,0.0,0.0,0.0,0.0
PRASKO-WARSZAWSKI,0.0,0.0,0.0,0.0,0.0,0.0,0.0,0.0,0.0,0.0,0.0,0.0,0.0,0.0,0.0,0.0,0.0,0.0,0.0,0.0
ŚRÓDMIEJSKO-WARSZAWSKI,826242.0,0.0,1188.0,0.0,94.0,0.0,578.0,0.0,3979.0,0.0,1892.0,0.0,313611.0,0.0,19743.0,0.0,0.0,0.0,0.0,0.0
BARANOWICKI,74916.0,0.46520697,145.0,0.000900409,43.0,0.000267018,68630.0,0.426172705,1997.0,0.0124008,30.0,0.000186291,14026.0,0.087097455,1008.0,0.006259392,243.0,0.001508961,86122.0,0.53479303
BRASŁAWSKI,93958.0,0.656310029,18.0,0.000125733,464.0,0.003241106,23138.0,0.16162223,14551.0,0.10164081,114.0,0.000796306,6846.0,0.047820286,335.0,0.002340023,3737.0,0.026103478,49203.0,0.343689971
LIDZKI,145609.0,0.793574407,37.0,0.000201651,58.0,0.000316102,19821.0,0.108025179,717.0,0.003907676,13.0,7.08505e-05,12544.0,0.068365261,2002.0,0.010910974,2684.0,0.014627899,37876.0,0.206425593
NIEŚWIESKI,27933.0,0.244033058,69.0,0.00060281,288.0,0.002516075,76286.0,0.666462818,808.0,0.007058988,116.0,0.001013419,7773.0,0.067907814,981.0,0.00857038,210.0,0.001834638,86531.0,0.755966942
NOWOGRÓDZKI,35978.40596018108,0.24361813175189856,67.74217399243123,0.0004555203577350565,48.34519720578197,0.0003244662016859753,103627.1926527243,0.6953372699262028,861.3041365925918,0.005794611820058388,33.93203245561132,0.00023006062729227298,9807.239909075246,0.06590582501507944,628.204865017928,0.004248956895550747,199.07332702822725,0.0013450176763353467,115273.03429409213,0.7736417285371999
SŁONIMSKI,52313.0,0.413508814,77.0,0.000608648,248.0,0.001960319,62434.0,0.493510394,1011.0,0.007991463,26.0,0.000205517,9193.0,0.072666192,865.0,0.006837404,343.0,0.002711248,74197.0,0.586491186
STOŁPECKI,50925.59403981891,0.5123866222481014,42.25782600756876,0.00042517564226494356,19.65480279421803,0.0001977567983140247,39582.80734727569,0.3982614510737971,586.6958634074082,0.0059030261799416115,53.06796754438868,0.000533942372707727,5422.760090924754,0.05456096798492056,808.7951349820719,0.008137672104449253,231.92667297177275,0.0023335243236646533,46747.965705907875,0.4703535174628
WOŁOŻYŃSKI,76722.0,0.664133239,21.0,0.000181784,2.0,1.73127e-05,32716.0,0.283201468,524.0,0.004535933,102.0,0.000882949,5036.0,0.043593428,225.0,0.001947681,174.0,0.001506207,38800.0,0.335866761
SZCZUCZYŃSKI (WOJ. NOWOGRÓDZKIE),89462.0,0.834510228,21.0,0.00019589,16.0,0.00014925,10369.0,0.096723039,289.0,0.00269582,5.0,4.66405e-05,5980.0,0.055782021,725.0,0.00676287,336.0,0.003134241,17741.0,0.165489772
BRZESKI (BRZEŚĆ N.BUG.),50942.60092116536,0.23868251542764363,17939.889800230692,0.08313826370857337,0.78941560728684,6.7897375418903994e-06,17023.148240883325,0.07884207398069291,3076.0699517321905,0.01425012662222809,59.039144575567946,0.0002735766811896407,28499.445768107507,0.13215498464228795,3635.6208732400346,0.01685164301330381,95508.92642162177,0.4423241211197484,165742.92961599838,0.7678415805003468
DROHICKI,6844.0,0.070527617,1493.0,0.015385408,0.0,0.0,355.0,0.003658285,1046.0,0.01077906,4.0,4.12201e-05,6427.0,0.06623042,520.0,0.005358615,80351.0,0.828019373,90196.0,0.929472383
KOBRYŃSKI,10040.0,0.088091812,21934.0,0.192450777,0.0,0.0,5208.0,0.045695434,3373.0,0.029594988,20.0,0.000175482,8697.0,0.076308216,1792.0,0.01572316,62908.0,0.551960131,103932.0,0.911908188
KOSZYRSKI,6692.0,0.070451004,8271.0,0.087074157,0.0,0.0,1136.0,0.011959405,250.0,0.002631911,200.0,0.002105529,3625.0,0.038162715,389.0,0.004095254,74425.0,0.783520024,88296.0,0.929548996
ŁUNINIECKI,16535.0,0.152167711,264.0,0.00242953,0.0,0.0,2850.0,0.026227879,596.0,0.005484848,185.0,0.001702511,6834.0,0.062891693,977.0,0.008991101,80422.0,0.740104727,92128.0,0.847832289
PIŃSKI,29077.0,0.15776566,1063.0,0.005767613,0.0,0.0,5671.0,0.030769648,4355.0,0.02362931,127.0,0.000689075,20652.0,0.11205339,4436.0,0.024068799,118924.0,0.645256504,155228.0,0.84223434
PRUŻAŃSKI,17762.0,0.163579934,301.0,0.002772073,0.0,0.0,24156.0,0.222465764,569.0,0.005240231,3.0,2.76286e-05,7424.0,0.06837166,1995.0,0.018373042,56373.0,0.519169667,90821.0,0.836420066
STOLIŃSKI,18452.0,0.147894041,2663.0,0.021344127,0.0,0.0,4681.0,0.037518535,2248.0,0.018017874,460.0,0.003686931,8663.0,0.069434537,2146.0,0.017200337,85452.0,0.684903619,106313.0,0.852105959
IWACEWICKI,8456.0,0.101032307,132.0,0.001577136,0.0,0.0,14259.0,0.170366565,686.0,0.00819633,5.0,5.974e-05,5735.0,0.068521793,565.0,0.006750621,53858.0,0.643495508,75240.0,0.898967693
BRODNICKI,0.0,0.0,0.0,0.0,0.0,0.0,0.0,0.0,0.0,0.0,0.0,0.0,0.0,0.0,0.0,0.0,0.0,0.0,0.0,0.0
CHEŁMIŃSKI,0.0,0.0,0.0,0.0,0.0,0.0,0.0,0.0,0.0,0.0,0.0,0.0,0.0,0.0,0.0,0.0,0.0,0.0,0.0,0.0
CHOJNICKI,0.0,0.0,0.0,0.0,0.0,0.0,0.0,0.0,0.0,0.0,0.0,0.0,0.0,0.0,0.0,0.0,0.0,0.0,0.0,0.0
DZIAŁDOWSKI,0.0,0.0,0.0,0.0,0.0,0.0,0.0,0.0,0.0,0.0,0.0,0.0,0.0,0.0,0.0,0.0,0.0,0.0,0.0,0.0
GRUDZIĄDZ (MIASTO),0.0,0.0,0.0,0.0,0.0,0.0,0.0,0.0,0.0,0.0,0.0,0.0,0.0,0.0,0.0,0.0,0.0,0.0,0.0,0.0
GRUDZIĄDZKI,0.0,0.0,0.0,0.0,0.0,0.0,0.0,0.0,0.0,0.0,0.0,0.0,0.0,0.0,0.0,0.0,0.0,0.0,0.0,0.0
KARTUSKI,0.0,0.0,0.0,0.0,0.0,0.0,0.0,0.0,0.0,0.0,0.0,0.0,0.0,0.0,0.0,0.0,0.0,0.0,0.0,0.0
KOŚCIERSKI,0.0,0.0,0.0,0.0,0.0,0.0,0.0,0.0,0.0,0.0,0.0,0.0,0.0,0.0,0.0,0.0,0.0,0.0,0.0,0.0
LUBAWSKI,0.0,0.0,0.0,0.0,0.0,0.0,0.0,0.0,0.0,0.0,0.0,0.0,0.0,0.0,0.0,0.0,0.0,0.0,0.0,0.0
SĘPOLEŃSKI,0.0,0.0,0.0,0.0,0.0,0.0,0.0,0.0,0.0,0.0,0.0,0.0,0.0,0.0,0.0,0.0,0.0,0.0,0.0,0.0
STAROGARDZKI,0.0,0.0,0.0,0.0,0.0,0.0,0.0,0.0,0.0,0.0,0.0,0.0,0.0,0.0,0.0,0.0,0.0,0.0,0.0,0.0
ŚWIECKI,0.0,0.0,0.0,0.0,0.0,0.0,0.0,0.0,0.0,0.0,0.0,0.0,0.0,0.0,0.0,0.0,0.0,0.0,0.0,0.0
TCZEWSKI,0.0,0.0,0.0,0.0,0.0,0.0,0.0,0.0,0.0,0.0,0.0,0.0,0.0,0.0,0.0,0.0,0.0,0.0,0.0,0.0
TORUŃ (MIASTO),0.0,0.0,0.0,0.0,0.0,0.0,0.0,0.0,0.0,0.0,0.0,0.0,0.0,0.0,0.0,0.0,0.0,0.0,0.0,0.0
TORUŃSKI,0.0,0.0,0.0,0.0,0.0,0.0,0.0,0.0,0.0,0.0,0.0,0.0,0.0,0.0,0.0,0.0,0.0,0.0,0.0,0.0
TUCHOLSKI,0.0,0.0,0.0,0.0,0.0,0.0,0.0,0.0,0.0,0.0,0.0,0.0,0.0,0.0,0.0,0.0,0.0,0.0,0.0,0.0
WĄBRZESKI,0.0,0.0,0.0,0.0,0.0,0.0,0.0,0.0,0.0,0.0,0.0,0.0,0.0,0.0,0.0,0.0,0.0,0.0,0.0,0.0
MORSKI,0.0,0.0,0.0,0.0,0.0,0.0,0.0,0.0,0.0,0.0,0.0,0.0,0.0,0.0,0.0,0.0,0.0,0.0,0.0,0.0
GDYNIA (MIASTO),0.0,0.0,0.0,0.0,0.0,0.0,0.0,0.0,0.0,0.0,0.0,0.0,0.0,0.0,0.0,0.0,0.0,0.0,0.0,0.0
BYDGOSKI,0.0,0.0,0.0,0.0,0.0,0.0,0.0,0.0,0.0,0.0,0.0,0.0,0.0,0.0,0.0,0.0,0.0,0.0,0.0,0.0
BYDGOSZCZ (MIASTO),0.0,0.0,0.0,0.0,0.0,0.0,0.0,0.0,0.0,0.0,0.0,0.0,0.0,0.0,0.0,0.0,0.0,0.0,0.0,0.0
CHODZIESKI,0.0,0.0,0.0,0.0,0.0,0.0,0.0,0.0,0.0,0.0,0.0,0.0,0.0,0.0,0.0,0.0,0.0,0.0,0.0,0.0
CZARNKOWSKI,0.0,0.0,0.0,0.0,0.0,0.0,0.0,0.0,0.0,0.0,0.0,0.0,0.0,0.0,0.0,0.0,0.0,0.0,0.0,0.0
GNIEŹNIEŃSKI,0.0,0.0,0.0,0.0,0.0,0.0,0.0,0.0,0.0,0.0,0.0,0.0,0.0,0.0,0.0,0.0,0.0,0.0,0.0,0.0
GOSTYŃSKI,0.0,0.0,0.0,0.0,0.0,0.0,0.0,0.0,0.0,0.0,0.0,0.0,0.0,0.0,0.0,0.0,0.0,0.0,0.0,0.0
INOWROCŁAWSKI,0.0,0.0,0.0,0.0,0.0,0.0,0.0,0.0,0.0,0.0,0.0,0.0,0.0,0.0,0.0,0.0,0.0,0.0,0.0,0.0
JAROCIŃSKI,0.0,0.0,0.0,0.0,0.0,0.0,0.0,0.0,0.0,0.0,0.0,0.0,0.0,0.0,0.0,0.0,0.0,0.0,0.0,0.0
KĘPIŃSKI,0.0,0.0,0.0,0.0,0.0,0.0,0.0,0.0,0.0,0.0,0.0,0.0,0.0,0.0,0.0,0.0,0.0,0.0,0.0,0.0
KOŚCIAŃSKI,0.0,0.0,0.0,0.0,0.0,0.0,0.0,0.0,0.0,0.0,0.0,0.0,0.0,0.0,0.0,0.0,0.0,0.0,0.0,0.0
KROTOSZYŃSKI,0.0,0.0,0.0,0.0,0.0,0.0,0.0,0.0,0.0,0.0,0.0,0.0,0.0,0.0,0.0,0.0,0.0,0.0,0.0,0.0
LESZCZYŃSKI,0.0,0.0,0.0,0.0,0.0,0.0,0.0,0.0,0.0,0.0,0.0,0.0,0.0,0.0,0.0,0.0,0.0,0.0,0.0,0.0
MIĘDZYCHODZKI,0.0,0.0,0.0,0.0,0.0,0.0,0.0,0.0,0.0,0.0,0.0,0.0,0.0,0.0,0.0,0.0,0.0,0.0,0.0,0.0
MOGILEŃSKI,0.0,0.0,0.0,0.0,0.0,0.0,0.0,0.0,0.0,0.0,0.0,0.0,0.0,0.0,0.0,0.0,0.0,0.0,0.0,0.0
NOWOTOMYSKI,0.0,0.0,0.0,0.0,0.0,0.0,0.0,0.0,0.0,0.0,0.0,0.0,0.0,0.0,0.0,0.0,0.0,0.0,0.0,0.0
OBORNICKI,0.0,0.0,0.0,0.0,0.0,0.0,0.0,0.0,0.0,0.0,0.0,0.0,0.0,0.0,0.0,0.0,0.0,0.0,0.0,0.0
OSTROWSKI (OSTRÓW WIELKOPOLSKI),0.0,0.0,0.0,0.0,0.0,0.0,0.0,0.0,0.0,0.0,0.0,0.0,0.0,0.0,0.0,0.0,0.0,0.0,0.0,0.0
POZNAŃ (MIASTO),0.0,0.0,0.0,0.0,0.0,0.0,0.0,0.0,0.0,0.0,0.0,0.0,0.0,0.0,0.0,0.0,0.0,0.0,0.0,0.0
RAWICKI,0.0,0.0,0.0,0.0,0.0,0.0,0.0,0.0,0.0,0.0,0.0,0.0,0.0,0.0,0.0,0.0,0.0,0.0,0.0,0.0
SZAMOTULSKI,0.0,0.0,0.0,0.0,0.0,0.0,0.0,0.0,0.0,0.0,0.0,0.0,0.0,0.0,0.0,0.0,0.0,0.0,0.0,0.0
SZUBIŃSKI,0.0,0.0,0.0,0.0,0.0,0.0,0.0,0.0,0.0,0.0,0.0,0.0,0.0,0.0,0.0,0.0,0.0,0.0,0.0,0.0
ŚREDZKI,0.0,0.0,0.0,0.0,0.0,0.0,0.0,0.0,0.0,0.0,0.0,0.0,0.0,0.0,0.0,0.0,0.0,0.0,0.0,0.0
ŚREMSKI,0.0,0.0,0.0,0.0,0.0,0.0,0.0,0.0,0.0,0.0,0.0,0.0,0.0,0.0,0.0,0.0,0.0,0.0,0.0,0.0
WĄGROWIECKI,0.0,0.0,0.0,0.0,0.0,0.0,0.0,0.0,0.0,0.0,0.0,0.0,0.0,0.0,0.0,0.0,0.0,0.0,0.0,0.0
WOLSZTYŃSKI,0.0,0.0,0.0,0.0,0.0,0.0,0.0,0.0,0.0,0.0,0.0,0.0,0.0,0.0,0.0,0.0,0.0,0.0,0.0,0.0
WRZESIŃSKI,0.0,0.0,0.0,0.0,0.0,0.0,0.0,0.0,0.0,0.0,0.0,0.0,0.0,0.0,0.0,0.0,0.0,0.0,0.0,0.0
WYRZYSKI,0.0,0.0,0.0,0.0,0.0,0.0,0.0,0.0,0.0,0.0,0.0,0.0,0.0,0.0,0.0,0.0,0.0,0.0,0.0,0.0
ŻNIŃSKI,0.0,0.0,0.0,0.0,0.0,0.0,0.0,0.0,0.0,0.0,0.0,0.0,0.0,0.0,0.0,0.0,0.0,0.0,0.0,0.0
POZNAŃSKI,0.0,0.0,0.0,0.0,0.0,0.0,0.0,0.0,0.0,0.0,0.0,0.0,0.0,0.0,0.0,0.0,0.0,0.0,0.0,0.0
GNIEZNO (MIASTO),0.0,0.0,0.0,0.0,0.0,0.0,0.0,0.0,0.0,0.0,0.0,0.0,0.0,0.0,0.0,0.0,0.0,0.0,0.0,0.0
INOWROCŁAW (MIASTO),0.0,0.0,0.0,0.0,0.0,0.0,0.0,0.0,0.0,0.0,0.0,0.0,0.0,0.0,0.0,0.0,0.0,0.0,0.0,0.0
DOLIŃSKI,0.0,0.0,0.0,0.0,0.0,0.0,0.0,0.0,0.0,0.0,0.0,0.0,0.0,0.0,0.0,0.0,0.0,0.0,0.0,0.0
HORODEŃSKI,0.0,0.0,0.0,0.0,0.0,0.0,0.0,0.0,0.0,0.0,0.0,0.0,0.0,0.0,0.0,0.0,0.0,0.0,0.0,0.0
KAŁUSKI,0.0,0.0,0.0,0.0,0.0,0.0,0.0,0.0,0.0,0.0,0.0,0.0,0.0,0.0,0.0,0.0,0.0,0.0,0.0,0.0
KOŁOMYJSKI,0.0,0.0,0.0,0.0,0.0,0.0,0.0,0.0,0.0,0.0,0.0,0.0,0.0,0.0,0.0,0.0,0.0,0.0,0.0,0.0
KOSOWSKI (KOSÓW HUCULSKI),0.0,0.0,0.0,0.0,0.0,0.0,0.0,0.0,0.0,0.0,0.0,0.0,0.0,0.0,0.0,0.0,0.0,0.0,0.0,0.0
NADWÓRNIAŃSKI,0.0,0.0,0.0,0.0,0.0,0.0,0.0,0.0,0.0,0.0,0.0,0.0,0.0,0.0,0.0,0.0,0.0,0.0,0.0,0.0
ROHATYŃSKI,0.0,0.0,0.0,0.0,0.0,0.0,0.0,0.0,0.0,0.0,0.0,0.0,0.0,0.0,0.0,0.0,0.0,0.0,0.0,0.0
STANISŁAWOWSKI,0.0,0.0,0.0,0.0,0.0,0.0,0.0,0.0,0.0,0.0,0.0,0.0,0.0,0.0,0.0,0.0,0.0,0.0,0.0,0.0
STRYJSKI,0.0,0.0,0.0,0.0,0.0,0.0,0.0,0.0,0.0,0.0,0.0,0.0,0.0,0.0,0.0,0.0,0.0,0.0,0.0,0.0
ŚNIATYŃSKI,0.0,0.0,0.0,0.0,0.0,0.0,0.0,0.0,0.0,0.0,0.0,0.0,0.0,0.0,0.0,0.0,0.0,0.0,0.0,0.0
TŁUMACKI,0.0,0.0,0.0,0.0,0.0,0.0,0.0,0.0,0.0,0.0,0.0,0.0,0.0,0.0,0.0,0.0,0.0,0.0,0.0,0.0
ŻYDACZOWSKI,0.0,0.0,0.0,0.0,0.0,0.0,0.0,0.0,0.0,0.0,0.0,0.0,0.0,0.0,0.0,0.0,0.0,0.0,0.0,0.0
BIELSKI (BIELSKO),0.0,0.0,0.0,0.0,0.0,0.0,0.0,0.0,0.0,0.0,0.0,0.0,0.0,0.0,0.0,0.0,0.0,0.0,0.0,0.0
BIELSKO (MIASTO),0.0,0.0,0.0,0.0,0.0,0.0,0.0,0.0,0.0,0.0,0.0,0.0,0.0,0.0,0.0,0.0,0.0,0.0,0.0,0.0
CIESZYŃSKI,0.0,0.0,0.0,0.0,0.0,0.0,0.0,0.0,0.0,0.0,0.0,0.0,0.0,0.0,0.0,0.0,0.0,0.0,0.0,0.0
TARNOGÓRSKI,0.0,0.0,0.0,0.0,0.0,0.0,0.0,0.0,0.0,0.0,0.0,0.0,0.0,0.0,0.0,0.0,0.0,0.0,0.0,0.0
KATOWICE (MIASTO),0.0,0.0,0.0,0.0,0.0,0.0,0.0,0.0,0.0,0.0,0.0,0.0,0.0,0.0,0.0,0.0,0.0,0.0,0.0,0.0
KATOWICKI,0.0,0.0,0.0,0.0,0.0,0.0,0.0,0.0,0.0,0.0,0.0,0.0,0.0,0.0,0.0,0.0,0.0,0.0,0.0,0.0
LUBLINIECKI,0.0,0.0,0.0,0.0,0.0,0.0,0.0,0.0,0.0,0.0,0.0,0.0,0.0,0.0,0.0,0.0,0.0,0.0,0.0,0.0
PSZCZYŃSKI,0.0,0.0,0.0,0.0,0.0,0.0,0.0,0.0,0.0,0.0,0.0,0.0,0.0,0.0,0.0,0.0,0.0,0.0,0.0,0.0
RYBNICKI,0.0,0.0,0.0,0.0,0.0,0.0,0.0,0.0,0.0,0.0,0.0,0.0,0.0,0.0,0.0,0.0,0.0,0.0,0.0,0.0
ŚWIĘTOCHŁOWICKI,0.0,0.0,0.0,0.0,0.0,0.0,0.0,0.0,0.0,0.0,0.0,0.0,0.0,0.0,0.0,0.0,0.0,0.0,0.0,0.0
CHORZÓW,0.0,0.0,0.0,0.0,0.0,0.0,0.0,0.0,0.0,0.0,0.0,0.0,0.0,0.0,0.0,0.0,0.0,0.0,0.0,0.0
BORSZCZOWSKI,0.0,0.0,0.0,0.0,0.0,0.0,0.0,0.0,0.0,0.0,0.0,0.0,0.0,0.0,0.0,0.0,0.0,0.0,0.0,0.0
BRODZKI,0.0,0.0,0.0,0.0,0.0,0.0,0.0,0.0,0.0,0.0,0.0,0.0,0.0,0.0,0.0,0.0,0.0,0.0,0.0,0.0
BRZEŻAŃSKI,0.0,0.0,0.0,0.0,0.0,0.0,0.0,0.0,0.0,0.0,0.0,0.0,0.0,0.0,0.0,0.0,0.0,0.0,0.0,0.0
BUCZACKI,0.0,0.0,0.0,0.0,0.0,0.0,0.0,0.0,0.0,0.0,0.0,0.0,0.0,0.0,0.0,0.0,0.0,0.0,0.0,0.0
CZORTKOWSKI,0.0,0.0,0.0,0.0,0.0,0.0,0.0,0.0,0.0,0.0,0.0,0.0,0.0,0.0,0.0,0.0,0.0,0.0,0.0,0.0
KAMIONECKI,0.0,0.0,0.0,0.0,0.0,0.0,0.0,0.0,0.0,0.0,0.0,0.0,0.0,0.0,0.0,0.0,0.0,0.0,0.0,0.0
PODHAJECKI,0.0,0.0,0.0,0.0,0.0,0.0,0.0,0.0,0.0,0.0,0.0,0.0,0.0,0.0,0.0,0.0,0.0,0.0,0.0,0.0
PRZEMYŚLAŃSKI,0.0,0.0,0.0,0.0,0.0,0.0,0.0,0.0,0.0,0.0,0.0,0.0,0.0,0.0,0.0,0.0,0.0,0.0,0.0,0.0
RADZIECHOWSKI,0.0,0.0,0.0,0.0,0.0,0.0,0.0,0.0,0.0,0.0,0.0,0.0,0.0,0.0,0.0,0.0,0.0,0.0,0.0,0.0
SKAŁACKI,0.0,0.0,0.0,0.0,0.0,0.0,0.0,0.0,0.0,0.0,0.0,0.0,0.0,0.0,0.0,0.0,0.0,0.0,0.0,0.0
TARNOPOLSKI,0.0,0.0,0.0,0.0,0.0,0.0,0.0,0.0,0.0,0.0,0.0,0.0,0.0,0.0,0.0,0.0,0.0,0.0,0.0,0.0
TREMBOWELSKI,0.0,0.0,0.0,0.0,0.0,0.0,0.0,0.0,0.0,0.0,0.0,0.0,0.0,0.0,0.0,0.0,0.0,0.0,0.0,0.0
ZALESZCZYCKI,0.0,0.0,0.0,0.0,0.0,0.0,0.0,0.0,0.0,0.0,0.0,0.0,0.0,0.0,0.0,0.0,0.0,0.0,0.0,0.0
ZBARASKI,0.0,0.0,0.0,0.0,0.0,0.0,0.0,0.0,0.0,0.0,0.0,0.0,0.0,0.0,0.0,0.0,0.0,0.0,0.0,0.0
ZBOROWSKI,0.0,0.0,0.0,0.0,0.0,0.0,0.0,0.0,0.0,0.0,0.0,0.0,0.0,0.0,0.0,0.0,0.0,0.0,0.0,0.0
ZŁOCZOWSKI,0.0,0.0,0.0,0.0,0.0,0.0,0.0,0.0,0.0,0.0,0.0,0.0,0.0,0.0,0.0,0.0,0.0,0.0,0.0,0.0
KOPYCZYNIECKI,0.0,0.0,0.0,0.0,0.0,0.0,0.0,0.0,0.0,0.0,0.0,0.0,0.0,0.0,0.0,0.0,0.0,0.0,0.0,0.0
BŁOŃSKI,130553.0,0.9077275,38.0,0.000264212,4.0,2.78118e-05,29.0,0.000201635,128.0,0.000889977,775.0,0.00538853,11059.0,0.076892591,544.0,0.003782401,694.0,0.004825342,13271.0,0.0922725
CIECHANOWSKI,71748.0,0.910935338,32.0,0.000406282,0.0,0.0,4.0,5.07853e-05,10.0,0.000126963,1882.0,0.023894468,4532.0,0.057539708,306.0,0.003885073,249.0,0.003161383,7015.0,0.089064662
GOSTYNIŃSKI,69357.0,0.850317534,16.0,0.00019616,3.0,3.678e-05,1.0,1.226e-05,13.0,0.00015938,7532.0,0.092342398,4144.0,0.050805483,384.0,0.004707844,116.0,0.001422161,12209.0,0.149682466
GRÓJECKI,114288.0,0.863482853,53.0,0.000400432,3.0,2.2666e-05,20.0,0.000151106,68.0,0.000513762,904.0,0.006830013,15568.0,0.117621282,899.0,0.006792236,554.0,0.004185649,18069.0,0.136517147
KUTNOWSKI,96770.0,0.896001926,24.0,0.000222218,1.0,9.25909e-06,10.0,9.25909e-05,32.0,0.000296291,589.0,0.005453603,9609.0,0.088970575,605.0,0.005601748,362.0,0.00335179,11232.0,0.103998074
LIPNOWSKI,84609.0,0.809655502,29.0,0.000277512,1.0,9.56938e-06,3.0,2.87081e-05,35.0,0.000334928,15407.0,0.147435407,3564.0,0.034105263,544.0,0.005205742,308.0,0.002947368,19891.0,0.190344498
ŁOWICKI,97906.0,0.934351291,12.0,0.00011452,4.0,3.81734e-05,5.0,4.77168e-05,24.0,0.00022904,701.0,0.006689889,5428.0,0.051801307,229.0,0.002185427,476.0,0.004542635,6879.0,0.065648709
MAKOWSKI (MAKÓW MAZOWIECKI),57875.0,0.882765669,34.0,0.000518601,0.0,0.0,4.0,6.10119e-05,12.0,0.000183036,241.0,0.003675966,6389.0,0.097451229,731.0,0.011149921,275.0,0.004194567,7686.0,0.117234331
MIŃSKI,95195.0,0.856586253,32.0,0.000287943,2.0,1.79965e-05,10.0,8.99823e-05,27.0,0.000242952,769.0,0.006919637,14277.0,0.128467692,407.0,0.003662279,414.0,0.003725266,15938.0,0.143413747
MŁAWSKI,94997.0,0.921129437,24.0,0.000232714,2.0,1.93928e-05,3.0,2.90892e-05,8.0,7.75712e-05,162.0,0.001570818,6753.0,0.065479827,812.0,0.007873481,370.0,0.00358767,8134.0,0.078870563
NIESZAWSKI,104638.0,0.887710606,67.0,0.000568404,4.0,3.39345e-05,5.0,4.24182e-05,60.0,0.000509018,8890.0,0.075419516,3455.0,0.029310959,223.0,0.001891851,532.0,0.004513294,13236.0,0.112289394
PŁOCKI,112267.0,0.876100325,47.0,0.000366775,2.0,1.56074e-05,5.0,3.90186e-05,158.0,0.001232988,3945.0,0.030785679,10378.0,0.080987015,960.0,0.007491572,382.0,0.002981021,15877.0,0.123899675
PŁOŃSKI,72891.0,0.895202889,32.0,0.000393005,2.0,2.45628e-05,21.0,0.000257909,11.0,0.000135095,1486.0,0.018250147,5403.0,0.066356357,1243.0,0.015265769,335.0,0.004114266,8533.0,0.104797111
PRZASNYCKI,65270.0,0.944327093,27.0,0.000390636,0.0,0.0,2.0,2.8936e-05,13.0,0.000188084,4.0,5.7872e-05,3189.0,0.046138488,322.0,0.0046587,291.0,0.004210191,3848.0,0.055672907
PUŁTUSKI,99140.0,0.838060137,24.0,0.000202879,2.0,1.69066e-05,8.0,6.76264e-05,29.0,0.000245146,1439.0,0.012164298,16684.0,0.141034853,559.0,0.004725395,412.0,0.003482759,19157.0,0.161939863
RADZYMIŃSKI,86477.0,0.888419733,22.0,0.000226017,5.0,5.13674e-05,20.0,0.00020547,139.0,0.001428014,1186.0,0.012184347,8525.0,0.087581417,463.0,0.004756621,501.0,0.005147013,10861.0,0.111580267
RAWSKI (RAWA MAZOWIECKA),84040.0,0.898323927,13.0,0.00013896,2.0,2.13785e-05,4.0,4.2757e-05,12.0,0.000128271,2258.0,0.024136309,6886.0,0.073606123,78.0,0.000833761,259.0,0.002768514,9512.0,0.101676073
RYPIŃSKI,74136.0,0.856004711,40.0,0.000461856,3.0,3.46392e-05,3.0,3.46392e-05,37.0,0.000427217,7337.0,0.084716016,4329.0,0.049984412,466.0,0.005380627,256.0,0.002955881,12471.0,0.143995289
SIERPECKI,72917.0,0.876743459,25.0,0.000300596,0.0,0.0,1.0,1.20239e-05,21.0,0.000252501,2418.0,0.029073682,6513.0,0.07831137,1009.0,0.01213207,264.0,0.003174298,10251.0,0.123256541
SKIERNIEWICKI,65354.0,0.919895841,26.0,0.000365965,1.0,1.40756e-05,2.0,2.81512e-05,17.0,0.000239285,949.0,0.013357731,4021.0,0.056597931,451.0,0.006348089,224.0,0.003152931,5691.0,0.080104159
SOCHACZEWSKI,66137.0,0.879703649,47.0,0.000625158,6.0,7.98074e-05,10.0,0.000133012,24.0,0.00031923,4834.0,0.06429816,3740.0,0.049746612,38.0,0.000505447,345.0,0.004588925,9044.0,0.120296351
WARSZAWSKI,284171.0,0.871497706,226.0,0.000693098,23.0,7.05366e-05,116.0,0.00035575,960.0,0.002944135,4179.0,0.012816188,32567.0,0.099876714,2157.0,0.006615103,1673.0,0.005130769,41901.0,0.128502294
WŁOCŁAWSKI,126908.0,0.858728161,31.0,0.000209763,2.0,1.35331e-05,12.0,8.11985e-05,65.0,0.000439825,5705.0,0.038603115,13144.0,0.088939412,1461.0,0.009885916,458.0,0.003099076,20878.0,0.141271839
DUBIEŃSKI,33987.0,0.149914648,157639.0,0.695336312,534.0,0.002355442,107.0,0.000471971,2751.0,0.012134498,2789.0,0.012302114,15698.0,0.06924295,1732.0,0.00763975,11472.0,0.050602314,192722.0,0.850085352
HOROCHOWSKI,21100.0,0.17288705,83119.0,0.681052071,1105.0,0.009054037,15.0,0.000122905,403.0,0.003302061,4977.0,0.04078004,7520.0,0.061616617,2473.0,0.020263018,1333.0,0.010922201,100945.0,0.82711295
KOWELSKI,36720.0,0.143946373,182807.0,0.716623219,2433.0,0.009537623,237.0,0.000929066,3120.0,0.012230738,1813.0,0.007107156,22825.0,0.08947647,3651.0,0.014312315,1489.0,0.005837041,218375.0,0.856053627
KRZEMIENIECKI,25758.0,0.105986043,195817.0,0.0,183.0,0.805725172,56.0,0.000752987,1754.0,0.007217157,118.0,0.000485533,13881.0,0.057115935,4798.0,0.019742256,667.0,0.002744495,217274.0,0.894013957
LUBOMELSKI,12150.0,0.14209363,65741.0,0.768837639,165.0,0.001929667,114.0,0.001333224,371.0,0.004338826,8.0,9.35596e-05,6765.0,0.07911633,53.0,0.000619832,140.0,0.001637293,73357.0,0.85790637
ŁUCKI,56446.0,0.194102577,171793.0,0.590749815,245.0,0.000842489,220.0,0.000756521,3909.0,0.013441997,17619.0,0.060586991,29887.0,0.102773336,4255.0,0.014631798,6431.0,0.022114475,234359.0,0.805897423
RÓWIEŃSKI,36990.0,0.146328727,160371.0,0.63441158,113.0,0.000447017,140.0,0.000553826,4093.0,0.016191497,7458.0,0.029503099,33149.0,0.131134117,4335.0,0.017148825,6138.0,0.024281312,215797.0,0.853671273
WŁODZIMIERSKI,40286.0,0.267905356,87212.0,0.579967282,962.0,0.006397383,77.0,0.000512057,1228.0,0.008166305,2778.0,0.018473938,14446.0,0.096067139,2790.0,0.018553739,595.0,0.003956801,110088.0,0.732094644
KOSTOPOLSKI,34951.0,0.218988484,103980.0,0.651495595,1366.0,0.00855879,212.0,0.001328304,588.0,0.003684164,7545.0,0.047273844,6884.0,0.043132292,3597.0,0.022537312,479.0,0.003001216,124651.0,0.781011516
ZDOŁBUNOWSKI,17826.0,0.150641405,81561.0,0.689244004,89.0,0.000752108,56.0,0.000473237,2405.0,0.020323829,856.0,0.007233762,9694.0,0.081920665,1093.0,0.009236568,4754.0,0.040174422,100508.0,0.849358595
SARNEŃSKI,30426.0,0.167836102,128284.0,0.707641049,1353.0,0.007463428,1183.0,0.006525672,2765.0,0.015252311,922.0,0.005085942,13408.0,0.073961298,2611.0,0.014402815,332.0,0.001831381,150858.0,0.832163898
OSZMIAŃSKI,84631.45877388596,0.8090033529863547,18.92853193845668,0.00018094082551527662,56.78559581537004,0.0005428214803073068,10110.824770705096,0.09665071691269912,911.5582486151505,0.00871370683961204,9.962385230766673,9.523173553097862e-05,5423.522519629377,0.051844172045589394,1272.1965939689042,0.012161096602297677,1783.2669563072345,0.017046485940109348,19587.045602210354,0.18723517009031254
ŚWIĘCIAŃSKI,68441.0,0.501491116,27.0,0.000197838,242.0,0.001773219,8062.0,0.05907309,8752.0,0.064128961,105.0,0.000769372,6594.0,0.048316541,1060.0,0.00776699,43192.0,0.316482872,68034.0,0.498508884
WILNO (MIASTO),128628.0,0.0,143.0,0.0,70.0,0.0,1737.0,0.0,7372.0,0.0,561.0,0.0,47523.0,0.0,7073.0,0.0,0.0,0.0,0.0,0.0
DZIŚNIEŃSKI,62282.0,0.389540047,82.0,0.000512865,109.0,0.000681736,79984.0,0.500256433,5067.0,0.03169133,200.0,0.001250891,10955.0,0.068517569,807.0,0.005047346,400.0,0.002501783,97604.0,0.610459953
WILEJSKI,59477.0,0.453780423,17.0,0.000129702,46.0,0.000350958,64337.0,0.490859846,883.0,0.006736858,128.0,0.000976577,4698.0,0.035843442,1236.0,0.009430076,248.0,0.001892119,71593.0,0.546219577
WILEŃSKO-TROCKI,180865.54122611403,0.8448707180136452,20.07146806154332,9.393547448472336e-05,151.21440418462996,0.0007061045196926931,5587.175229294903,0.02623776308730087,3717.4417513848493,0.01734984616038796,171.03761476923333,0.0007976665644690214,6122.477480370623,0.0286470129544106,410.80340603109573,0.0019389373977023213,17819.733043692766,0.08311949305989065,33999.95439778964,0.15889075890968746
POSTAWSKI,47917.0,0.479616043,17.0,0.000170158,27.0,0.000270251,47707.0,0.477514088,1364.0,0.013652697,3.0,3.00279e-05,2195.0,0.021970433,488.0,0.004884543,189.0,0.001891759,51990.0,0.520383957
MOŁODECZAŃSKI,35523.0,0.38914389,23.0,0.000251958,32.0,0.00035055,49012.0,0.536911869,735.0,0.008051706,65.0,0.000712056,4822.0,0.052823575,967.0,0.010593197,106.0,0.001161198,55762.0,0.61085611
