District,Pszenica,Żyto,Jęczmień,Owies,Ziemniaki,Buraki cukrowe,Gryka,Proso,Kukurydza,Mieszanki na ziarno: Jęczmień,Mieszanki na ziarno: Inne mieszanki zbóż,Groch,"Fasola, bób, soczewica",Len,Konopie,Rzepak i rzepik,Chmiel,Tytoń
AUGUSTOWSKI,2631.0,14996.0,3796.0,11266.0,8783.0,0.0,1131.0,8.0,1.0,119.0,199.0,1640.0,136.0,612.0,44.0,5.0,0.0,111.0
BIAŁOSTOCKI,4102.0,33264.0,5050.0,15048.0,15554.0,0.0,1210.0,7.0,0.0,186.0,407.0,2782.0,49.0,1073.0,43.0,144.0,0.0,0.0
BIELSKI (BIELSK PODLASKI),11461.0,51681.0,7542.0,22566.0,23801.0,0.0,1598.0,253.0,0.0,150.0,1001.0,4119.0,199.0,2169.0,150.0,243.0,0.0,0.0
GRODZIEŃSKI,6144.0,49277.0,10146.0,22642.0,19449.0,0.0,4480.0,24.0,3.0,398.0,373.0,3408.0,81.0,1219.0,135.0,9.0,0.0,38.0
ŁOMŻYŃSKI,11135.0,56747.0,4158.0,19432.0,23525.0,61.0,2331.0,217.0,0.0,316.0,718.0,3627.0,68.0,783.0,53.0,270.0,0.0,0.0
OSTROŁĘCKI,4372.0,33935.0,2111.0,5232.0,15237.0,90.0,2509.0,288.0,3.0,198.0,100.0,2114.0,19.0,1442.0,43.0,53.0,0.0,0.0
OSTROWSKI (OSTRÓW MAZOWIECKA),5305.0,26289.0,1985.0,5136.0,9780.0,37.0,1825.0,150.0,0.0,352.0,238.0,1492.0,45.0,563.0,14.0,86.0,0.0,0.0
SOKÓLSKI,2540.0,36508.0,5111.0,21236.0,12896.0,0.0,1914.0,0.0,0.0,151.0,290.0,2520.0,142.0,1463.0,123.0,46.0,0.0,0.0
SUWALSKI,3650.0,26995.0,5026.0,26711.0,10032.0,0.0,545.0,0.0,0.0,160.0,107.0,3781.0,488.0,1165.0,99.0,19.0,0.0,0.0
SZCZUCZYŃSKI (WOJ. BIAŁOSTOCKIE),47131.0,20607.0,2500.0,8164.0,9979.0,0.0,643.0,29.0,0.0,312.0,660.0,2195.0,6.0,285.0,18.0,58.0,0.0,0.0
WOŁKOWYSKI,65891.0,61615.0,11561.0,28735.0,21419.0,0.0,5249.0,10.0,1.0,199.0,528.0,1975.0,102.0,914.0,172.0,110.0,0.0,158.0
WYSOKOMAZOWIECKI,8502.0,24080.0,3472.0,8513.0,10117.0,39.0,106.0,32.0,2.0,662.0,1110.0,1848.0,16.0,711.0,67.0,31.0,0.0,0.0
BIAŁYSTOK (MIASTO),0.0,0.0,0.0,0.0,0.0,0.0,0.0,0.0,0.0,0.0,0.0,0.0,0.0,0.0,0.0,0.0,0.0,0.0
BĘDZIŃSKI,670.0,9393.0,1428.0,1400.0,7295.0,0.0,7.0,0.0,0.0,58.0,15.0,11.0,1.0,0.0,1.0,0.0,0.0,0.0
CZĘSTOCHOWSKI,2114.0,50754.0,3047.0,8021.0,20818.0,34.0,160.0,188.0,8.0,217.0,158.0,130.0,77.0,54.0,0.0,62.0,4.0,0.0
IŁŻECKI,5667.0,35873.0,13976.0,18022.0,16293.0,47.0,2360.0,768.0,0.0,302.0,66.0,402.0,180.0,223.0,76.0,372.0,18.0,0.0
JĘDRZEJOWSKI,14168.668575718415,24059.007607804753,7317.13674758885,7774.222099633296,13602.278673507333,22.480318323381123,17.270829684585696,363.9588927423262,9.59741842188021,179.96383505396673,136.00732589751752,412.43746716127123,69.8762136854243,16.25489852666889,4.14338042125125,82.55328789688855,0.0,0.8602825275075019
KIELECKI,6251.0,31191.0,6259.0,7270.0,20422.0,0.0,311.0,253.0,0.0,83.0,70.0,204.0,31.0,245.0,28.0,6.0,0.0,0.0
KONECKI,1899.0,29375.0,2743.0,5440.0,18665.0,0.0,163.0,252.0,1.0,11.0,34.0,102.0,9.0,106.0,8.0,31.0,0.0,0.0
KOZIENICKI,3790.0,38388.0,8918.0,12332.0,13695.0,113.0,2824.0,921.0,1.0,153.0,216.0,189.0,110.0,234.0,47.0,132.0,23.0,0.0
MIECHOWSKI,22002.331424281583,20300.992392195247,10353.86325241115,14349.777900366704,12488.721326492667,682.5196816766189,33.72917031541431,493.04110725767384,74.4025815781198,120.03616494603327,249.9926741024825,303.56253283872877,109.1237863145757,31.74510147333111,17.85661957874875,193.44671210311145,0.0,107.1397174724925
OLKUSKI,5132.0,25144.0,7097.0,8999.0,17188.0,0.0,149.0,3.0,0.0,151.0,95.0,87.0,19.0,16.0,10.0,34.0,0.0,0.0
OPATOWSKI,14605.0,25294.0,12329.0,19787.0,16071.0,1133.0,451.0,570.0,0.0,248.0,192.0,645.0,66.0,64.0,19.0,452.0,21.0,0.0
OPOCZYŃSKI,2904.0,46617.0,4355.0,11128.0,17787.0,0.0,822.0,669.0,3.0,75.0,71.0,241.0,60.0,280.0,31.0,129.0,1.0,0.0
PIŃCZOWSKI,15103.0,17404.0,8575.0,8174.0,9845.0,1147.0,53.0,1594.0,13.0,353.0,181.0,236.0,121.0,10.0,12.0,259.0,0.0,0.0
RADOMSKI,5046.0,56022.0,10418.0,15980.0,21910.0,5.0,1232.0,1126.0,4.0,170.0,63.0,725.0,519.0,587.0,56.0,532.0,17.0,0.0
SANDOMIERSKI,10540.0,16554.0,9106.0,10486.0,11700.0,826.0,72.0,1310.0,6.0,124.0,97.0,481.0,135.0,57.0,70.0,251.0,14.0,0.0
STOPNICKI,12866.0,30792.0,9015.0,11361.0,17374.0,46.0,126.0,1974.0,15.0,251.0,374.0,395.0,210.0,26.0,23.0,114.0,2.0,0.0
WŁOSZCZOWSKI,8806.0,21929.0,3004.0,5236.0,12150.0,0.0,33.0,139.0,4.0,198.0,110.0,196.0,41.0,106.0,9.0,63.0,10.0,0.0
ZAWIERCIAŃSKI,1912.0,18923.0,2565.0,3177.0,11429.0,0.0,112.0,11.0,1.0,138.0,42.0,94.0,48.0,18.0,3.0,7.0,0.0,0.0
CZĘSTOCHOWA (MIASTO),0.0,0.0,0.0,0.0,0.0,0.0,0.0,0.0,0.0,0.0,0.0,0.0,0.0,0.0,0.0,0.0,0.0,0.0
SOSNOWIEC,0.0,0.0,0.0,0.0,0.0,0.0,0.0,0.0,0.0,0.0,0.0,0.0,0.0,0.0,0.0,0.0,0.0,0.0
RADOM (MIASTO),0.0,0.0,0.0,0.0,0.0,0.0,0.0,0.0,0.0,0.0,0.0,0.0,0.0,0.0,0.0,0.0,0.0,0.0
BIALSKI (BIAŁA KRAKOWSKA),1318.0,7327.0,536.0,7186.0,6534.0,31.0,3.0,0.0,3.0,199.0,32.0,3.0,22.0,0.0,0.0,13.0,0.0,0.0
BOCHEŃSKI,8452.0,10345.0,3450.0,6245.0,7343.0,0.0,0.0,202.0,41.0,75.0,13.0,73.0,62.0,1.0,3.0,15.0,5.0,0.0
BRZESKI (BRZESKO),8035.0,12439.0,4199.0,7041.0,8702.0,15.0,21.0,455.0,44.0,74.0,37.0,96.0,95.0,13.0,11.0,6.0,0.0,0.0
CHRZANOWSKI,1706.0,10797.0,1064.0,3858.0,8525.0,0.0,1.0,46.0,5.0,48.0,25.0,36.0,64.0,0.0,0.0,0.0,0.0,0.0
DĄBROWSKI,7800.0,10858.0,3494.0,5597.0,6063.0,44.0,10.0,504.0,263.0,62.0,122.0,106.0,158.0,10.0,23.0,45.0,0.0,0.0
GORLICKI,7204.0,9017.0,4378.0,12908.0,7607.0,0.0,4.0,4.0,2.0,498.0,125.0,87.0,167.0,189.0,2.0,2.0,0.0,0.0
JASIELSKI,9457.12003519985,11181.431108612944,4804.134666263401,8630.819991057337,8894.075972938926,15.080446617920693,59.05580531153057,123.25728422848509,16.008696931667103,490.2181480359831,88.06450224319767,144.05580531153058,419.086969316671,53.03623721527959,35.034787726668405,5.0094216759726935,0.0,0.0
KRAKOWSKI,9901.0,15428.0,2681.0,9735.0,9491.0,90.0,23.0,51.0,7.0,111.0,182.0,106.0,63.0,1.0,0.0,49.0,0.0,0.0
KRAKÓW (MIASTO),0.0,0.0,0.0,0.0,0.0,0.0,0.0,0.0,0.0,0.0,0.0,0.0,0.0,0.0,0.0,0.0,0.0,0.0
LIMANOWSKI,5513.0,6129.0,3985.0,10156.0,6426.0,0.0,0.0,0.0,0.0,260.0,126.0,81.0,29.0,92.0,20.0,0.0,0.0,0.0
MIELECKI,7287.872913408135,13380.001458550289,3437.018962029089,7561.441716463996,8966.093170699907,2.984386942427574,85.55242568292378,323.3085854296538,10.942752122234436,302.4178768326608,145.24016453147524,73.61487791321349,61.67733014350319,23.87509553942059,11.937547769710296,12.932343417186154,0.0,0.0
MYŚLENICKI,6331.0,9261.0,3619.0,13639.0,8864.0,0.0,0.0,11.0,3.0,121.0,97.0,86.0,59.0,77.0,1.0,2.0,0.0,0.0
NOWOSĄDECKI,6984.0,9906.0,8213.0,18990.0,11221.0,0.0,2.0,8.0,6.0,1159.0,52.0,261.0,235.0,320.0,95.0,7.0,0.0,0.0
NOWOTARSKI,324.0,4229.0,7429.0,33891.0,12961.0,0.0,5.0,0.0,0.0,393.0,4.0,234.0,69.0,510.0,26.0,0.0,0.0,0.0
ROPCZYCKI,11195.879964800148,19897.568891387054,5700.865333736599,10782.180008942663,12513.924027061074,110.9195533820793,76.94419468846942,354.7427157715149,11.991303068332897,300.7818519640168,88.93549775680232,76.94419468846942,119.91303068332897,49.96376278472041,47.96521227333159,12.990578324027306,0.0,0.0
TARNOWSKI,8055.0,13279.0,4034.0,8499.0,7957.0,25.0,136.0,155.0,19.0,151.0,113.0,129.0,178.0,21.0,11.0,5.0,7.0,0.0
WADOWICKI,5451.0,12532.0,1484.0,14943.0,11758.0,80.0,0.0,3.0,8.0,275.0,65.0,55.0,51.0,10.0,0.0,0.0,0.0,0.0
ŻYWIECKI,1529.0,5666.0,2773.0,13922.0,10215.0,0.0,0.0,0.0,0.0,193.0,24.0,7.0,11.0,83.0,0.0,2.0,0.0,0.0
BIALSKI (BIAŁA PODLASKA),6531.995951523725,38018.59205480877,3472.2205070148925,14725.585935309547,18099.18901221268,23.271859113131246,1300.3819571923739,645.6548088877464,1.0279178077026239,243.92683552800918,256.6612022868846,870.0587824820515,113.57053543483843,486.85261873930074,176.05188644252937,371.3328445746407,0.0,0.0
BIŁGORAJSKI,5336.0,17943.0,5060.0,10690.0,9763.0,0.0,5016.0,858.0,1.0,65.0,24.0,142.0,57.0,639.0,664.0,2.0,0.0,0.0
CHEŁMSKI,18305.0,30927.0,10081.0,10177.0,15701.0,511.0,1850.0,578.0,2.0,891.0,156.0,519.0,173.0,272.0,241.0,367.0,11.0,16.0
GARWOLIŃSKI,5344.0,37756.0,9378.0,12326.0,18360.0,3.0,2501.0,965.0,3.0,253.0,171.0,325.0,86.0,466.0,53.0,278.0,4.0,0.0
HRUBIESZOWSKI,24616.0,16804.0,10210.0,12819.0,10031.0,1564.0,2049.0,778.0,15.0,333.0,216.0,380.0,320.0,273.0,248.0,604.0,16.0,98.0
JANOWSKI,10233.0,26849.0,11046.0,16990.0,13423.0,321.0,5501.0,1386.0,52.0,3239.0,285.0,281.0,181.0,577.0,356.0,307.0,35.0,0.0
KRASNOSTAWSKI,23728.0,19827.0,9772.0,11623.0,12072.0,1148.0,2682.0,639.0,9.0,1506.0,244.0,174.0,33.0,198.0,166.0,250.0,41.0,133.0
LUBARTOWSKI,4779.0,32189.0,3737.0,8580.0,12522.0,178.0,6858.0,469.0,5.0,316.0,100.0,91.0,40.0,222.0,41.0,187.0,40.0,18.0
LUBELSKI,28676.0,31588.0,13144.0,17898.0,17198.0,2667.0,3615.0,448.0,24.0,2402.0,146.0,226.0,82.0,139.0,69.0,417.0,47.0,104.0
ŁUKOWSKI,4731.0,40946.0,3124.0,13541.0,17277.0,0.0,3509.0,478.0,2.0,128.0,103.0,477.0,47.0,754.0,16.0,191.0,28.0,0.0
PUŁAWSKI,8892.0,28040.0,11406.0,9714.0,14518.0,1076.0,3939.0,1363.0,3.0,995.0,153.0,239.0,60.0,150.0,106.0,136.0,156.0,101.0
RADZYŃSKI,8476.349509299072,23495.40930000355,2073.0364945801325,12933.079264217744,12877.320357543158,97.57808668052498,2739.1562903890226,665.1241010468437,7.965558096369386,121.47476096963314,79.65558096369386,407.2391576768849,72.68571762937064,470.96362244783995,47.79334857821632,177.23366764421883,0.0,0.0
SIEDLECKI,7246.0,39862.0,2726.0,14601.0,19283.0,13.0,369.0,161.0,4.0,170.0,1337.0,849.0,36.0,962.0,16.0,121.0,0.0,0.0
SOKOŁOWSKI,6601.0,23390.0,3483.0,7551.0,12824.0,300.0,240.0,199.0,4.0,591.0,777.0,663.0,64.0,633.0,10.0,48.0,0.0,0.0
TOMASZOWSKI,16533.0,16933.0,10262.0,10733.0,9699.0,1008.0,1750.0,693.0,17.0,238.0,275.0,251.0,216.0,349.0,417.0,184.0,21.0,58.0
WĘGROWSKI,5011.0,20799.0,2600.0,7237.0,13118.0,110.0,689.0,366.0,1.0,141.0,166.0,237.0,15.0,539.0,7.0,12.0,0.0,0.0
WŁODAWSKI,7897.0,36263.0,3394.0,11120.0,13581.0,72.0,5233.0,951.0,0.0,31.0,91.0,558.0,189.0,637.0,240.0,429.0,28.0,0.0
ZAMOJSKI,16630.0,16706.0,9154.0,11817.0,10264.0,996.0,1704.0,727.0,12.0,366.0,136.0,509.0,142.0,427.0,422.0,56.0,19.0,161.0
LUBLIN (MIASTO),0.0,0.0,0.0,0.0,0.0,0.0,0.0,0.0,0.0,0.0,0.0,0.0,0.0,0.0,0.0,0.0,0.0,0.0
BÓBRECKI,10827.0,7452.0,3572.0,6975.0,7880.0,1159.0,655.0,585.0,691.0,143.0,62.0,272.0,115.0,284.0,246.0,28.0,2.0,0.0
BRZOZOWSKI,6133.0,10104.0,3722.0,6567.0,6002.0,40.0,33.0,47.0,2.0,177.0,75.0,77.0,90.0,64.0,104.0,5.0,0.0,0.0
DOBROMILSKI,6614.5158201522745,10062.443747124466,2929.105997923195,10011.886293966496,6926.406554612979,31.014331912215066,31.371551765906847,75.84754887121538,35.517914890268834,143.8915276331238,161.13409218909504,72.6376751671488,221.79532620151454,209.1453800990988,181.98979004168115,16.0,0.0,0.0
DROHOBYCKI,4890.529297418321,11058.076244291404,2895.5902645891083,9909.627318907354,9615.433248943731,1.0113860569823019,77.69702948528614,465.52611188182084,56.26423257122788,53.98743731270023,25.581992285145652,59.83483879939123,241.96008542619654,610.1400358260092,216.04096445539014,0.0,0.0,0.0
GRÓDECKI,5948.301877348101,9759.410195813249,3095.9863168128554,7060.472312919703,6692.346730117621,53.71784160774877,1347.69241997064,494.47355047972695,23.29460401937192,181.99453987817034,58.75042554443762,118.18082543239461,313.93841327641235,473.8642041314149,237.19702900359448,13.47918739584571,0.0,0.0
JAROSŁAWSKI,11197.619377540237,19541.304314372857,4867.371993403131,9062.617007989033,9880.380981047781,1097.1483686126458,572.1995522323182,636.8810928164957,95.5402714817545,175.13423676206494,160.10788681133673,102.3906895844932,60.925765411584074,250.2516242830741,298.1993841490521,55.18115045764084,0.05133709095584882,0.0
JAWOROWSKI,4117.530738146497,15776.179261815874,3362.419221898652,7665.34376878778,7432.038115297805,2.897227059848124,1301.4454193082986,794.226771369674,11.610044998765794,92.84463504926886,81.08663273488996,78.8974871140474,77.87235428444234,518.1950434315119,365.85484414743456,0.25364111247960297,0.021136759373300246,0.0
KOLBUSZOWSKI,2862.127086591865,15369.998541449711,3291.981037970911,4677.558283536004,7933.906829300093,0.015613057572426332,693.4475743170763,659.6914145703462,4.057247877765564,45.582123167339205,115.75983546852474,61.38512208678652,49.32266985649681,266.1249044605794,128.0624522302897,0.06765658281384744,0.0,0.0
KROŚNIEŃSKI,7540.0,10919.0,4228.0,9214.0,7966.0,19.0,42.0,76.0,4.0,705.0,142.0,99.0,257.0,69.0,51.0,11.0,0.0,0.0
LESKI,3282.0,8228.0,2726.0,25883.0,8483.0,0.0,5.0,1.0,0.0,32.0,35.0,125.0,366.0,575.0,245.0,1.0,0.0,0.0
LWOWSKI,13444.0,13586.0,3997.0,11610.0,11259.0,255.0,1565.0,588.0,194.0,247.0,245.0,196.0,177.0,295.0,219.0,6.0,25.0,0.0
LWÓW (MIASTO),0.0,0.0,0.0,0.0,0.0,0.0,0.0,0.0,0.0,0.0,0.0,0.0,0.0,0.0,0.0,0.0,0.0,0.0
ŁAŃCUCKI,6205.90211000055,16804.272891766086,3560.260677461287,6190.899780140386,7210.390827857272,352.1847761453633,1410.3397212212133,1158.090216924575,8.350388627086565,65.37804854849333,159.94738668666935,102.43138557785949,80.74055201352411,419.3397212212133,160.99927628396452,0.9481104027048204,29.0,0.0
MOŚCISKI,7895.0,14004.0,3250.0,5636.0,7247.0,32.0,325.0,768.0,219.0,112.0,151.0,68.0,132.0,369.0,266.0,75.0,11.0,0.0
NIŻAŃSKI,3132.0,10599.0,2345.0,3372.0,6699.0,14.0,929.0,776.0,35.0,49.0,18.0,27.0,69.0,247.0,197.0,0.0,0.0,0.0
PRZEMYSKI,12480.0,14330.0,3657.0,6842.0,8739.0,395.0,45.0,128.0,80.0,105.0,70.0,176.0,155.0,28.0,96.0,42.0,0.0,0.0
PRZEWORSKI,5959.0,7327.0,1444.0,3662.0,3522.0,1250.0,68.0,223.0,19.0,138.0,92.0,60.0,34.0,6.0,28.0,44.0,0.0,0.0
RAWSKI (RAWA RUSKA),10892.0,16241.0,8020.0,9622.0,10226.0,155.0,2201.0,980.0,55.0,274.0,153.0,345.0,216.0,189.0,352.0,64.0,0.0,0.0
RUDECKI,5951.698122651899,6511.589804186752,3177.0136831871446,4545.527687080297,7052.653269882379,188.28215839225123,514.30758002936,709.5264495202731,470.7053959806281,109.00546012182966,82.24957445556238,19.819174567605394,322.06158672358765,533.1357958685851,240.80297099640552,52.520812604154294,0.0,0.0
RZESZOWSKI,14203.09788999945,21015.72710823391,6379.739322538712,10449.100219859614,10947.609172142727,103.81522385463671,63.66027877878666,336.9097830754248,16.649611372913434,445.6219514515066,140.05261331333065,210.5686144221405,225.2594479864759,63.66027877878666,95.00072371603548,45.05188959729518,0.0,0.0
SAMBORSKI,8803.954882429405,14186.48000858413,5155.303737487697,8370.48638712615,11083.16019644329,20.974282030802634,55.93141874880702,508.6263392469638,26.21785253850329,207.121035054176,74.28391552575933,79.52748603345998,310.24458837228894,334.714584074892,228.96924550292874,0.0,0.0,0.0
SANOCKI,7144.0,10236.0,5318.0,15151.0,8343.0,64.0,10.0,19.0,4.0,371.0,65.0,261.0,449.0,244.0,207.0,10.0,0.0,0.0
SOKALSKI,18592.42822203041,12439.753179880587,7756.551982749072,9447.044251611596,10279.347865727656,374.33751065507005,1222.5703805436863,963.7199742396484,14.933677286771413,391.262344913411,357.4126763967291,888.0560093200066,150.3323513534989,394.2490803707653,546.5725886958337,38.827560945605676,0.0,0.0
TARNOBRZESKI,2855.0,10726.0,3567.0,4126.0,6701.0,168.0,243.0,788.0,0.0,100.0,152.0,74.0,26.0,127.0,82.0,1.0,0.0,0.0
ŻÓŁKIEWSKI,9564.0,11858.0,3858.0,3867.0,6479.0,7169.0,10.0,1171.0,712.0,85.0,126.0,215.0,274.0,173.0,403.0,297.0,12.0,10.0
LUBACZOWSKI,6034.849884313267,13724.516423811267,3915.2087846982176,9242.039223223186,7620.580903654413,28.954404327506285,2226.3550284593834,871.8921358138304,4.849683519479717,108.02112818866618,91.8054804537733,154.71182330145942,60.20188030397358,603.553332285414,533.9457717035133,24.565208429879558,1.927526149670851,0.0
TURCZAŃSKI,667.0,4814.0,1032.0,32622.0,9671.0,0.0,1.0,0.0,0.0,25.0,17.0,45.0,363.0,805.0,146.0,0.0,0.0,0.0
BRZEZIŃSKI,2719.0,34906.0,1032.0,8260.0,13620.0,47.0,121.0,11.0,4.0,93.0,124.0,174.0,25.0,29.0,3.0,236.0,5.0,0.0
KALISKI,8757.0,36614.0,1931.0,10349.0,15024.0,1232.0,253.0,99.0,19.0,271.0,413.0,711.0,37.0,133.0,6.0,388.0,2.0,0.0
KOLSKI,6230.0,36129.0,3097.0,5008.0,13638.0,746.0,141.0,33.0,4.0,482.0,366.0,607.0,74.0,28.0,1.0,378.0,0.0,0.0
KONIŃSKI,7339.0,70525.0,5057.0,9912.0,24550.0,1162.0,367.0,30.0,20.0,963.0,691.0,763.0,69.0,60.0,8.0,258.0,6.0,0.0
ŁASKI,3150.0,40274.0,1654.0,6589.0,14239.0,42.0,227.0,234.0,23.0,221.0,237.0,205.0,86.0,86.0,4.0,188.0,0.0,0.0
ŁĘCZYCKI,9660.0,36148.0,3052.0,8118.0,13656.0,1473.0,49.0,61.0,6.0,229.0,273.0,329.0,35.0,48.0,0.0,252.0,6.0,0.0
ŁÓDZKI,1060.0,26480.0,576.0,5778.0,11434.0,0.0,70.0,9.0,2.0,131.0,47.0,40.0,21.0,37.0,0.0,185.0,0.0,0.0
ŁÓDŹ (MIASTO),0.0,0.0,0.0,0.0,0.0,0.0,0.0,0.0,0.0,0.0,0.0,0.0,0.0,0.0,0.0,0.0,0.0,0.0
PIOTRKOWSKI,4547.0,54721.0,2830.0,11092.0,21364.0,3.0,313.0,348.0,1.0,175.0,326.0,244.0,111.0,193.0,3.0,201.0,2.0,0.0
RADOMSZCZAŃSKI,3468.0,53888.0,3983.0,9026.0,23383.0,18.0,256.0,604.0,2.0,155.0,291.0,127.0,95.0,261.0,2.0,94.0,32.0,0.0
SIERADZKI,4058.0,49265.0,1466.0,10479.0,18336.0,200.0,239.0,205.0,9.0,122.0,310.0,277.0,131.0,161.0,1.0,185.0,0.0,0.0
TURECKI,4650.0,36974.0,1450.0,7531.0,12319.0,418.0,145.0,221.0,1.0,253.0,154.0,420.0,110.0,181.0,5.0,208.0,0.0,0.0
WIELUŃSKI,2784.0,53970.0,1598.0,10892.0,21668.0,471.0,350.0,164.0,8.0,214.0,297.0,128.0,107.0,205.0,7.0,29.0,0.0,0.0
POŁUDNIOWO-WARSZAWSKI,0.0,0.0,0.0,0.0,0.0,0.0,0.0,0.0,0.0,0.0,0.0,0.0,0.0,0.0,0.0,0.0,0.0,0.0
PÓŁNOCNO-WARSZAWSKI,0.0,0.0,0.0,0.0,0.0,0.0,0.0,0.0,0.0,0.0,0.0,0.0,0.0,0.0,0.0,0.0,0.0,0.0
PRASKO-WARSZAWSKI,0.0,0.0,0.0,0.0,0.0,0.0,0.0,0.0,0.0,0.0,0.0,0.0,0.0,0.0,0.0,0.0,0.0,0.0
ŚRÓDMIEJSKO-WARSZAWSKI,0.0,0.0,0.0,0.0,0.0,0.0,0.0,0.0,0.0,0.0,0.0,0.0,0.0,0.0,0.0,0.0,0.0,0.0
BARANOWICKI,3733.0,39739.0,8216.0,18220.0,16778.0,0.0,6716.0,65.0,1.0,168.0,352.0,632.0,106.0,1218.0,59.0,33.0,0.0,0.0
BRASŁAWSKI,3894.0,41358.0,8768.0,18419.0,12341.0,0.0,170.0,0.0,0.0,167.0,1108.0,4916.0,750.0,3191.0,35.0,1.0,0.0,0.0
LIDZKI,1662.0,49156.0,12732.0,22239.0,16740.0,0.0,7762.0,0.0,2.0,693.0,437.0,4379.0,231.0,2077.0,95.0,0.0,0.0,0.0
NIEŚWIESKI,4378.0,27604.0,6781.0,17479.0,14855.0,0.0,2266.0,42.0,0.0,13.0,72.0,407.0,13.0,1106.0,18.0,0.0,0.0,0.0
NOWOGRÓDZKI,6523.269397848002,34804.084938710796,8731.63141686605,18664.50243749462,14617.107385477493,0.0,3880.2057178906844,0.0,1.0172598602890985,264.6396867274644,347.1046310585023,2364.8262199883357,181.13807888231278,2830.7733685107005,211.1391507790805,8.017259860289098,0.0,0.0
SŁONIMSKI,3085.0,38071.0,6100.0,12428.0,12894.0,0.0,5591.0,28.0,0.0,167.0,105.0,1688.0,53.0,985.0,79.0,0.0,0.0,0.0
STOŁPECKI,2406.7306021519976,29270.9150612892,6071.368583133949,11131.497562505381,13044.892614522507,0.0,2687.7942821093156,0.0,0.9827401397109015,93.36031327253563,62.89536894149769,844.1737800116643,7.861921117687212,784.2266314892994,64.86084922091949,0.9827401397109015,0.0,0.0
WOŁOŻYŃSKI,1443.0,23048.0,7902.0,14618.0,10540.0,0.0,1920.0,0.0,0.0,30.0,67.0,2642.0,72.0,3029.0,202.0,1.0,0.0,0.0
SZCZUCZYŃSKI (WOJ. NOWOGRÓDZKIE),1090.0,24593.0,6959.0,8944.0,9029.0,0.0,2445.0,0.0,0.0,119.0,198.0,2025.0,59.0,1065.0,41.0,6.0,0.0,0.0
BRZESKI (BRZEŚĆ N.BUG.),7673.6545391772015,57797.99864518768,8855.742998404974,18177.334800472705,26547.490630244163,0.1500542063437795,4554.461752418603,1852.2210900654097,5.006524095927991,151.59840350235766,54.683216749421526,1399.7020598410636,213.7437469357909,1485.1837588128594,438.1547649792543,215.43348778114043,0.0,0.0
DROHICKI,2360.0,21364.0,2983.0,8699.0,11164.0,0.0,1588.0,1218.0,1.0,5.0,189.0,137.0,106.0,1136.0,54.0,8.0,0.0,0.0
KOBRYŃSKI,4755.0,35163.0,4177.0,9763.0,13834.0,0.0,2966.0,1629.0,0.0,39.0,35.0,320.0,93.0,1684.0,35.0,12.0,0.0,0.0
KOSZYRSKI,983.0,23607.0,3627.0,5627.0,11609.0,0.0,3019.0,1300.0,121.0,2.0,3.0,779.0,188.0,1450.0,966.0,0.0,0.0,0.0
ŁUNINIECKI,466.0,16799.0,1459.0,3266.0,11810.0,0.0,2532.0,1316.0,0.0,3.0,2.0,251.0,14.0,791.0,117.0,3.0,0.0,0.0
PIŃSKI,1969.0,37367.0,4467.0,13936.0,21755.0,0.0,4022.0,2772.0,0.0,11.0,49.0,137.0,211.0,1799.0,361.0,17.0,0.0,0.0
PRUŻAŃSKI,2108.0,30137.0,4314.0,8527.0,17042.0,0.0,2416.0,764.0,0.0,219.0,11.0,366.0,63.0,1095.0,12.0,36.0,0.0,0.0
STOLIŃSKI,2368.0,23308.0,2550.0,4485.0,11500.0,0.0,4011.0,3568.0,6.0,5.0,10.0,261.0,137.0,656.0,415.0,0.0,0.0,0.0
IWACEWICKI,536.0,24842.0,3373.0,6299.0,9723.0,0.0,2037.0,358.0,0.0,8.0,21.0,185.0,26.0,931.0,31.0,34.0,0.0,0.0
BRODNICKI,3363.7662777335095,21371.027225358066,5346.437392916233,2631.361470030547,8992.446623976153,598.6190542909819,2.5992707901336076,0.03926123323870437,1.2498230504707668,2058.5897616564985,1164.3559184413512,763.3158418898845,5.833981599365504,3.3948188429591766,0.0,122.71755851256793,0.0,2.889989748547136
CHEŁMIŃSKI,7736.474357125394,11159.07667282754,5433.493007411995,2467.7487016502373,6269.160439173014,3124.663448487365,81.9816481596516,3.1115434474780583,13.789255696400152,1693.6180120037266,1233.5117203153532,860.2414352893859,11.516701815586966,4.9440880826620734,0.0,48.24684745716667,0.0,105.68015912891455
CHOJNICKI,1051.5620154839307,27488.81437391313,2052.9216110451307,5248.2976370790875,10366.096171046818,18.814686335458322,813.458571915439,0.0,3.9443021845669937,544.487235382355,633.1927441196214,465.7157392952807,2.959463448105853,12.824975869833366,0.0,41.416124330015435,0.0,0.0
DZIAŁDOWSKI,658.0,19760.0,3298.0,2447.0,7924.0,15.0,131.0,0.0,0.0,1004.0,1230.0,478.0,14.0,3.0,0.0,243.0,0.0,0.0
GRUDZIĄDZ (MIASTO),0.0,0.0,0.0,0.0,0.0,0.0,0.0,0.0,0.0,0.0,0.0,0.0,0.0,0.0,0.0,0.0,0.0,0.0
GRUDZIĄDZKI,7979.776210940848,11623.7598540486,5150.894172212462,3880.7838691099205,5817.261750342531,1640.9668553951933,27.398373256449265,0.0,10.76364663646221,2541.199119535669,891.4256441651885,1302.4012430119276,41.09755988467389,5.871079983524842,0.0,70.45295980229811,0.0,214.29441939865674
KARTUSKI,344.42956979509205,23932.69334971292,1007.9492042504874,9535.161932202003,11569.830344506525,0.0,18.77000380354725,0.0,2.8155005705320875,294.6890597156918,387.6005785432507,511.4826036466626,18.77000380354725,0.9385001901773625,0.0,4.692500950886813,0.0,0.0
KOŚCIERSKI,796.7788022702415,22203.183028202515,950.6817096791023,5602.353229076906,9255.202364197945,0.0,121.42859461517924,0.0,0.07054385088072035,758.0930530573568,840.0998817944036,609.9270854152047,0.4702923392048023,0.023514616960240115,0.0,15.477357500797954,0.0,0.0
LUBAWSKI,2232.7568939532507,19809.472631851153,4746.0495078008,3792.0359124068336,7655.166493554003,144.11081501419434,22.0969916355098,0.9607387667612955,1.921477533522591,1205.727152285426,1513.1635576490405,570.6788274562095,2.8822163002838868,6.725171367329069,0.0,123.93530091220713,0.0,0.0
SĘPOLEŃSKI,922.0,14758.0,2802.0,3950.0,5484.0,136.0,7.0,0.0,0.0,1192.0,936.0,397.0,1.0,10.0,0.0,17.0,0.0,0.0
STAROGARDZKI,2848.5322695044124,18633.966855189752,2558.9562910203226,3379.8591581989217,8607.27480683991,435.9467696438455,30.246110995621645,0.0,2.0185294349476317,1298.297021027052,707.0246079635726,800.101636407304,15.074117739790527,4.352059264005002,0.0,32.881098238322465,0.0,0.0
ŚWIECKI,4259.389903460325,27794.020390505426,5690.332065967863,4175.085029409636,12763.425252952651,904.5420791569437,16.165423216907712,0.0,2.002544972567811,2647.51171370528,1245.292846064448,536.2268509968346,33.010179890271246,10.048354478788408,0.0,40.03308464338154,0.0,13.0
TCZEWSKI,7860.0,8568.0,4470.0,3388.0,4923.0,1868.0,2.0,0.0,10.0,1895.0,754.0,1806.0,129.0,8.0,0.0,108.0,0.0,0.0
TORUŃ (MIASTO),54.48093920413046,108.31089705788439,33.58753776823633,15.778547968650015,51.001288890808326,26.403493580152556,0.1859946715361495,0.061998223845383164,0.04649866788403737,15.026819504524745,9.42373002449824,4.239128555428074,0.12399644769076633,0.015499555961345791,0.0,0.32549067518826164,0.0,0.0077497779806728955
TORUŃSKI,7058.5812732165905,13878.949390217373,4376.005721170566,2051.9894928482977,6572.568487258269,3398.7567031965955,26.146645819614363,7.826458328676559,6.287716177102354,1930.5054408536444,1217.2901554058888,558.4593716629578,15.83073471292543,2.1077599294056055,0.0,42.23583268399335,0.0,4.7702773261641305
TUCHOLSKI,1318.3668737054995,17316.661599292256,2848.363020902879,2414.3134545514886,6462.889602848515,208.6964648637524,75.17159159605713,0.0,1.0346234079175636,588.994566553472,506.1014568625338,862.844154128707,3.956238921832376,18.774610387373222,0.0,13.309908372283806,0.0,0.0
WĄBRZESKI,5977.164047826278,13903.403328639386,4375.532660719709,1929.3020059855141,6376.394916805223,1249.4796300355183,6.591075667105222,0.0,0.9415822381578888,2412.333694160511,695.8292739986798,585.6641521342068,20.714809239473553,0.9415822381578888,0.0,63.08600995657855,0.0,10.357404619736776
MORSKI,782.4582762453726,20243.243653872858,1365.072410639015,7806.649082004352,9983.783406972832,5.9652086193909915,3.7423081669434453,0.0,2.102358451717523,818.2247156131418,893.567753139211,290.13051941916643,2.7481067303782805,0.03798519286239749,0.0,10.131940329963639,0.0,0.0
GDYNIA (MIASTO),4.482289535127279,112.41674931114173,7.7236864951999165,43.28047747760674,55.498050634803604,0.03479138060900863,0.017395690304504316,0.0,0.011597126869669544,4.702634945651,5.120131512959103,1.5714106908402232,0.011597126869669544,0.0,0.0,0.05798563434834772,0.0,0.0
BYDGOSKI,4261.041580039534,23582.351609755315,5390.137803963868,3969.790610617356,9703.045994996392,914.6477361648532,9.974348267882805,0.9974348267882804,9.974348267882805,2309.0616240148693,909.6605620309117,497.7199785673519,5.984608960729682,24.93587066970701,0.0,113.70757025386396,0.0,0.0
BYDGOSZCZ (MIASTO),10.958419960465617,60.648390244683654,13.862196036132069,10.20938938264353,24.954005003607097,2.3522638351467626,0.025651732117194796,0.0025651732117194796,0.025651732117194796,5.9383759851305955,2.3394379690881655,1.2800214326480204,0.015391039270316879,0.064129330292987,0.0,0.2924297461360207,0.0,0.0
CHODZIESKI,1054.0,19107.0,2730.0,4225.0,7864.0,182.0,1.0,1.0,4.0,1477.0,276.0,249.0,3.0,8.0,0.0,6.0,0.0,0.0
CZARNKOWSKI,984.4597340201028,15979.05697212896,1652.519275379447,2425.986877221065,7045.102617185439,260.6668369603756,13.377859196790642,0.0,12.133577590371925,869.0005108811267,207.07263490904893,142.42797086200912,13.695826703742327,13.437750886629596,0.0,64.11035368555211,0.0,0.0
GNIEŹNIEŃSKI,5684.802532460039,32462.709902884635,6541.373427793778,5849.246854131251,13679.144124312283,2229.7599696560433,60.98634914958398,0.3884678674086445,23.77192118104275,3146.5215171827926,1792.8720348014526,694.5218045083167,38.75011579063559,17.294020222517148,1.0353922036404284,207.42660308333177,0.05816445449717492,0.0
GOSTYŃSKI,8139.196240449524,11790.302183923628,3977.7864624317604,5701.630622655874,7367.422475563452,2567.675940802219,16.863860561370192,12.258389649193235,38.415575447316776,1032.7459229897183,1027.3212863456558,1561.6821995893927,19.191610291181384,117.7614570913405,0.2816978532228431,217.62352552519755,0.0,0.0
INOWROCŁAWSKI,9135.057793146085,18220.603077928234,7843.771575014648,2742.992963362022,7178.323462603356,6135.590036458877,0.9902501672787083,1.9805003345574166,15.844002676459333,2293.4193874174885,1344.7597271644859,1998.3248375684334,12.873252174623207,14.853752509180625,0.0,116.84951973888758,0.0,0.0
JAROCIŃSKI,8463.516634317493,26687.363940761155,4150.179993739112,9333.685417460263,12867.808417099375,2435.1598381700123,15.940591932572278,6.5637731487062325,85.32905093318102,1468.409821553423,1371.8285880796027,994.8804729681875,17.81595568934549,5.626091270319628,0.0,364.7582506923892,0.0,0.0
KĘPIŃSKI,2753.0445401204533,30940.229396694744,1558.3955584602766,9126.319973031921,13209.171200406605,534.281131509373,83.45307996411259,6.349690866834654,49.89042823941514,812.7604309548357,522.4888484709658,165.9990612329631,9.978085647883027,23.58456607681443,0.9070986952620934,56.24011910624979,0.0,0.0
KOŚCIAŃSKI,7024.299008846005,24913.862552693445,4980.6928830234665,6487.953290935715,13260.293372931379,2036.6434407493218,24.477531494675524,22.321106817513694,103.33198533853695,1820.4882762064497,839.4350992747585,939.5967322310828,39.139792093715364,218.59493694252123,0.0036211703751815073,227.48046348495842,0.0,0.0
KROTOSZYŃSKI,9120.591743540956,17254.63398212247,4306.0894961574695,8988.117104214602,9080.556625567497,3239.424059325207,3.080474847704567,4.640380128519924,13.02846650238932,1039.449495464317,852.1223280860158,1606.0726923839507,13.149505663811674,51.36189914477225,3.728038388386398,302.66407275319403,0.0,0.0
LESZCZYŃSKI,4562.914733706477,18193.11072201728,2631.497270123866,5291.729178375839,8612.552810689125,1286.854020679538,4.627723942208595,23.50251440819255,87.94912913789054,1096.2045051996606,414.3442903072206,548.1682099110951,5.629400214336961,64.71212024688538,1.0,51.275563149957584,6.0,0.0
MIĘDZYCHODZKI,1454.0,15581.0,1415.0,2905.0,6262.0,376.0,15.0,2.0,12.0,827.0,306.0,112.0,6.0,2.0,0.0,132.0,0.0,0.0
MOGILEŃSKI,9737.287748985233,31623.532470411297,11524.791342281997,4795.542930767926,12549.716893341358,5048.986252321725,41.48304882911125,7.716992013757847,47.268076963223066,3682.1821532013105,1937.086781059956,2148.260748497013,40.51685247800877,27.975239576696012,0.9646954721462194,273.96686733986286,0.0,0.0
NOWOTOMYSKI,5246.709061108209,29693.504925565707,4162.110320116022,6031.524311706779,13839.838480098648,1960.0462096167341,17.927251917226226,7.967667518767212,57.76558951106229,2353.449793355865,614.5063573849212,984.0069385677507,8.963625958613113,100.59180242443605,1.991916879691803,93.62009334551475,91.62817646582293,0.0
OBORNICKI,3369.8570527339402,23225.31626725076,3606.1170247039468,4939.770304561291,10097.717808251075,812.8039327266439,12.572116368037724,0.21110568107297,36.871926379821296,2347.354881077124,643.0060924292429,359.17134495318516,14.867121779118927,21.090013316052833,0.0,148.168960096859,0.105552840536485,0.0
OSTROWSKI (OSTRÓW WIELKOPOLSKI),5120.150647919752,25250.139190047637,2551.446128980743,7067.663027010294,12925.779368821382,561.1601385612552,32.38987244980376,18.174194244325587,27.868179087270313,1215.5823865614334,498.77681516777574,296.7161940471803,4.1045873583122034,4.687971348406664,0.09290130473790663,147.7166093248856,0.0,0.0
POZNAŃ (MIASTO),0.0,0.0,0.0,0.0,0.0,0.0,0.0,0.0,0.0,0.0,0.0,0.0,0.0,0.0,0.0,0.0,0.0,0.0
RAWICKI,4187.885417475,11468.325432673815,2253.1191069350853,3810.360644754651,5820.339663495997,1497.3761725769102,21.288887414243955,51.21666556068297,22.668052145439145,680.1165792939544,425.5137994885398,697.360976549761,20.32499834102445,91.05832282648818,0.0,24.538870824488452,0.0,0.0
SZAMOTULSKI,6510.0,21979.0,4542.0,4364.0,10550.0,2382.0,51.0,0.0,29.0,2110.0,957.0,1051.0,30.0,35.0,0.0,192.0,0.0,0.0
SZUBIŃSKI,2986.0,20554.0,4770.0,3142.0,8583.0,1323.0,18.0,1.0,15.0,2456.0,577.0,307.0,9.0,39.0,0.0,131.0,0.0,0.0
ŚREDZKI,5891.0,20726.0,5012.0,4301.0,9343.0,2720.0,71.0,0.0,35.0,1647.0,1224.0,807.0,13.0,13.0,2.0,205.0,0.0,0.0
ŚREMSKI,4328.40103362434,22157.03259906583,3560.79310014822,4613.5407415608415,9449.076065425188,1150.4252576261638,82.87797739330854,1.9732851760311556,35.5191331685608,1533.242581776208,726.1689447794653,404.5234610863869,24.666064700389445,28.612635052451758,0.9866425880155778,169.7025251386794,0.0,0.0
WĄGROWIECKI,3863.0,28177.0,6302.0,5063.0,11654.0,911.0,10.0,3.0,37.0,3550.0,1208.0,408.0,5.0,9.0,0.0,138.0,0.0,0.0
WOLSZTYŃSKI,1558.0,18454.0,1285.0,3598.0,8665.0,434.0,22.0,12.0,31.0,684.0,225.0,194.0,19.0,80.0,0.0,39.0,18.0,0.0
WRZESIŃSKI,4460.0,16037.0,4016.0,3766.0,7637.0,2538.0,27.0,0.0,71.0,1400.0,789.0,394.0,10.0,21.0,0.0,131.0,0.0,0.0
WYRZYSKI,5490.0,25444.0,7563.0,5083.0,11299.0,1983.0,11.0,0.0,3.0,3431.0,1498.0,631.0,7.0,46.0,0.0,223.0,0.0,0.0
ŻNIŃSKI,4519.494288273018,18647.763585055232,5502.171645716979,3528.955508367629,7829.856889028946,1297.340064135761,1.0367264605977917,0.007012216454178938,15.028486783130544,2390.0422231827692,1068.7302976932262,585.3889312948747,4.032957325010759,14.011920444838516,0.9999123242133522,104.14865658840766,1.9980715943131597,0.0
POZNAŃSKI,5703.389582419459,31967.11587670341,6594.916964007832,6067.9732132440595,15485.62318778226,1526.3967345827173,25.616648078652396,5.7087547025391485,54.16042159134815,2116.4489211190125,945.7258017221524,719.2222613168509,15.173499964870516,14.599253128829854,0.008083120308197094,330.55846586047187,3.2100346448302464,0.0
GNIEZNO (MIASTO),0.0,0.0,0.0,0.0,0.0,0.0,0.0,0.0,0.0,0.0,0.0,0.0,0.0,0.0,0.0,0.0,0.0,0.0
INOWROCŁAW (MIASTO),89.94220685391575,179.39692207176694,77.22842498535141,27.007036637977954,70.6765373966434,60.409963541123254,0.00974983272129168,0.01949966544258336,0.1559973235406669,22.580612582511534,13.240272835514103,19.675162431566612,0.12674782537679186,0.14624749081937521,0.0,1.1504802611124183,0.0,0.0
DOLIŃSKI,988.2083760758966,5701.055278791477,415.3339551623333,6542.225886832892,6420.967467739521,0.0,13.367069821316475,205.28000082736014,122.21320979489349,13.367069821316475,10.50269771674866,43.92037227003985,77.33804682333104,356.1369316679318,195.7320938121341,0.0,0.0,0.0
HORODEŃSKI,15809.460428745255,10452.600239096457,8612.092982230944,4196.434491963873,8008.009075795467,1549.1829213425956,336.1434640649028,110.09916359227252,6201.60332977712,727.8236743666156,399.4748413524932,321.5285308446896,506.6510183007231,41.89614189794441,350.75839728511596,92.56124372801672,0.0,371.2193037934144
KAŁUSKI,4921.0,8468.0,1122.0,7448.0,8128.0,0.0,538.0,650.0,1268.0,37.0,33.0,162.0,253.0,542.0,313.0,8.0,9.0,0.0
KOŁOMYJSKI,9596.539571254745,11158.399760903543,3123.9070177690555,7618.565508036127,10863.990924204532,242.81707865740447,69.8565359350972,47.90083640772749,9347.39667022288,258.17632563338435,126.52515864750681,264.4714691553104,505.3489816992769,144.1038581020556,528.241602714884,81.43875627198328,0.0,144.7806962065856
KOSOWSKI (KOSÓW HUCULSKI),948.0,1299.0,562.0,805.0,3522.0,0.0,5.0,2.0,3681.0,58.0,0.0,32.0,318.0,83.0,179.0,0.0,0.0,0.0
NADWÓRNIAŃSKI,1815.0,6911.0,896.0,6186.0,10485.0,0.0,171.0,72.0,1412.0,78.0,19.0,163.0,306.0,179.0,403.0,0.0,0.0,0.0
ROHATYŃSKI,15431.0,11272.0,5401.0,8802.0,12116.0,702.0,1251.0,675.0,3744.0,207.0,79.0,418.0,1044.0,186.0,428.0,60.0,10.0,76.0
STANISŁAWOWSKI,8965.33228031645,12591.07061253047,1340.933205449186,9119.72465072386,11932.237612487592,79.12114508514465,354.56680429807153,580.6142390476112,5047.075122964656,148.6641721427422,62.27231089792944,190.1257279907187,1024.8702296509787,188.0442946181749,406.6984626758521,15.454858572016962,0.11868162480709941,1.216486654272769
STRYJSKI,3258.9475880485957,8577.997182544126,1378.9651104421855,13792.094421385855,9205.116103512497,4.945284279413859,43.444980280259166,414.8048401471651,83.47232251110766,52.81031317247411,33.278833265897326,80.67340574667706,428.0065461246069,529.5658839249669,240.47254857570192,1.3207902112720245,0.18429630854958481,0.0
ŚNIATYŃSKI,8353.0,6876.0,3404.0,2573.0,4886.0,158.0,28.0,5.0,10735.0,223.0,117.0,106.0,187.0,71.0,226.0,26.0,0.0,174.0
TŁUMACKI,10028.828736172809,12149.609869523014,2644.564752796233,6901.909576768087,9135.141430677326,16.7689671009086,174.5945398153425,254.49373600202466,6807.214233139427,184.4586381099946,164.73044152069036,199.2547855519728,620.4517827336182,55.23895045005186,407.3872595691325,9.864098294652118,0.0,0.0
ŻYDACZOWSKI,6410.844035875508,8016.947538664397,1839.7009343954812,5658.6796917812535,7449.916428747982,156.05471572058613,341.18794989842434,696.9151590254747,684.3144676939988,131.8226170062094,56.21846901735401,113.40622198328309,168.65540705206203,369.2971844071013,195.79535761216397,41.679209788727974,5.815703691450415,0.0
BIELSKI (BIELSKO),808.0,3040.0,517.0,4495.0,3377.0,30.0,0.0,0.0,13.0,236.0,35.0,1.0,31.0,0.0,0.0,1.0,0.0,0.0
BIELSKO (MIASTO),0.0,0.0,0.0,0.0,0.0,0.0,0.0,0.0,0.0,0.0,0.0,0.0,0.0,0.0,0.0,0.0,0.0,0.0
CIESZYŃSKI,1766.0,3078.0,938.0,6281.0,4377.0,20.0,2.0,0.0,25.0,962.0,60.0,8.0,107.0,61.0,0.0,0.0,0.0,0.0
TARNOGÓRSKI,235.0,1980.0,265.0,904.0,1977.0,25.0,0.0,0.0,11.0,74.0,50.0,0.0,15.0,1.0,0.0,0.0,0.0,0.0
KATOWICE (MIASTO),0.0,0.0,0.0,0.0,0.0,0.0,0.0,0.0,0.0,0.0,0.0,0.0,0.0,0.0,0.0,0.0,0.0,0.0
KATOWICKI,241.7039589109504,2322.305803016201,214.25772181849817,1017.2814973944396,2038.1044447362924,0.0,0.0,0.0,1.7707249737065964,61.09001159287757,30.98768703986544,0.8853624868532982,0.8853624868532982,0.0,0.0,2.6560874605598945,0.0,0.0
LUBLINIECKI,1186.0,7372.0,872.0,3724.0,4371.0,97.0,8.0,2.0,15.0,145.0,261.0,8.0,32.0,1.0,0.0,4.0,0.0,0.0
PSZCZYŃSKI,2092.0,14609.0,1418.0,8585.0,11166.0,230.0,12.0,0.0,21.0,198.0,149.0,16.0,69.0,0.0,0.0,7.0,0.0,0.0
RYBNICKI,3132.0,16472.0,1403.0,7536.0,11527.0,350.0,3.0,0.0,13.0,350.0,230.0,30.0,22.0,17.0,0.0,12.0,0.0,26.0
ŚWIĘTOCHŁOWICKI,198.84121106194405,1109.3764597366878,230.3408088539352,566.9927602558405,1229.468676318654,0.0,0.0,0.0,0.0,46.26503425698698,13.781074033996122,1.968724861999446,0.0,0.0,0.0,0.0,0.0,0.0
CHORZÓW,34.45483002710553,318.3177372471108,31.401469327566637,140.72574234971984,283.4268789450534,0.0,0.0,0.0,0.22927502629340343,8.644954150135439,4.231238926138438,0.14591265114725577,0.11463751314670172,0.0,0.0,0.34391253944010514,0.0,0.0
BORSZCZOWSKI,17288.353831792578,13618.860374441023,7071.2556324070765,1691.038025678641,7101.769124139345,11.811674218942777,615.1913655699364,23.623348437885554,10996.668697835727,1403.6206196843668,1144.7480930525376,1245.1473239135512,590.5837109471389,14.764592773678473,400.61261725914255,67.91712675892097,0.0,789.4135602993423
BRODZKI,7689.534769489185,11728.652147081806,5435.902706188169,7805.317700909287,7209.776909192003,50.52080148035438,3420.885233008268,930.6756424898052,46.20589825967499,97.73723568744397,58.6956327267352,255.80148625790113,395.8583523107822,75.99315631137347,255.69405701181597,10.157451610339697,187.24223324667645,0.0
BRZEŻAŃSKI,13821.183357725595,12025.24716900779,8419.85793651472,10412.163520448872,9268.213322574518,218.7814130938513,3869.8754878211707,388.6112893408279,1275.7371653023324,321.9290956336065,154.79716905810167,581.8625093855975,313.1517116931907,107.58287960963801,618.6876054008351,10.4532336814898,0.291670234753704,2.989619906225466
BUCZACKI,15019.739176325776,17074.140673611175,7436.147046394273,6076.703376181018,10034.129418320257,81.58627955726698,2518.3620268158797,316.5154459932526,7627.825654992672,1119.5996676593625,1047.8430603379109,794.2375166538761,1912.8542170896571,62.90990230921791,435.45448004661773,45.21649228475037,14.744508353722948,244.75883867180093
CZORTKOWSKI,12132.65661912974,9816.057164284088,6581.326165530672,1549.872933950297,6381.148579846675,199.24523514022468,2251.848924819539,60.22244112683574,4653.183585848532,1191.5531949099072,2614.7705817059823,533.6424172969536,1110.9662328279067,38.79379804583686,128.385114379199,40.02939951715383,0.2554916462770516,368.8511704227039
KAMIONECKI,10039.571777969591,9086.246820119413,3519.4480172509284,5726.955748388405,7115.6521342723445,179.66248934492992,1066.4296194563137,934.2800257603515,57.06632271322859,178.737655086589,171.58732360327085,176.94399067999333,76.6676486465011,354.7509196292347,297.4274113041663,14.172439054394328,3.0,0.0
PODHAJECKI,15389.905773639819,13356.431044321282,7946.823139588881,8227.436806116786,10032.912931381401,116.92236105329397,4093.2569898740667,408.25391067775143,3584.644719292238,410.20261669530635,263.07531236991144,969.4812437335626,1749.9380037642998,168.56307051849882,405.3308516514191,41.89717937743034,15.589648140439197,159.79389343950177
PRZEMYŚLAŃSKI,12051.0,8834.0,4520.0,8085.0,8930.0,23.0,1769.0,658.0,668.0,218.0,132.0,423.0,304.0,150.0,379.0,6.0,20.0,0.0
RADZIECHOWSKI,11136.465230510816,9025.347852918196,5049.097293811832,6632.682299090714,7404.223090807998,42.47919851964562,1214.1147669917318,952.3243575101949,16.79410174032501,223.26276431255604,138.3043672732648,473.1985137420989,233.14164768921782,81.00684368862653,301.30594298818403,12.842548389660305,19.757766753323544,0.0
SKAŁACKI,16640.307151460747,10945.129564505954,10091.78047981566,3488.5769789455644,6908.807921359869,131.8102133102858,6649.092982541084,193.32164618841918,379.80868872371246,1129.6623466666717,1071.080029639878,1017.3795723653171,706.8932921233105,26.362042662057164,260.69131076923196,27.338414612503723,0.0,73.22789628349211
TARNOPOLSKI,17363.236435003946,15591.22515171237,12879.432470442389,10719.639233060861,10876.25207087902,193.4610975997161,10192.425997039252,369.3861063271027,380.95293632174713,874.0799795832506,1050.5765806335542,1184.8265321559843,437.81006057493835,173.87510226603976,481.60339996521657,69.23988338289769,0.0,163.41337213155467
TREMBOWELSKI,12898.457923026108,9976.644835592411,7750.948428957578,3516.9179073229084,7130.571921844478,37.66583335203701,5311.917416475434,227.00276978064187,2306.017103039222,1759.630346265266,1905.915745764603,407.5582738334996,783.776479973402,44.8969798491887,260.1204470280432,25.952131188592592,0.20713185322851244,141.35355970630962
ZALESZCZYCKI,11433.180803403997,8784.064461263035,5148.646879898736,1247.8351294674912,5819.370325358834,208.4550564307642,628.2603784093865,5.790418234187894,6053.882263843443,1209.232341239572,987.266308929036,475.7793649091053,127.38920115213367,6.755487939885876,169.8522682028449,166.95705908575096,0.0,340.6696061113878
ZBARASKI,13954.0,8055.0,6604.0,8495.0,5285.0,34.0,5393.0,280.0,59.0,584.0,165.0,1896.0,313.0,131.0,253.0,19.0,0.0,36.0
ZBOROWSKI,9429.0,11971.0,9471.0,11781.0,7852.0,45.0,5534.0,422.0,133.0,245.0,255.0,450.0,112.0,129.0,261.0,0.0,0.0,0.0
ZŁOCZOWSKI,10880.0,11024.0,7356.0,9241.0,9196.0,191.0,2694.0,927.0,287.0,209.0,81.0,245.0,235.0,96.0,423.0,60.0,6.0,0.0
KOPYCZYNIECKI,13401.817912002434,12043.519079207395,7282.283862204598,2055.181861335614,7926.445341130687,315.3707240575639,3086.607086520838,158.1646488434591,4280.9898286962925,1796.3669814099537,2523.9243660898655,816.7047322098615,1589.3150774694254,18.212898957731653,204.17618305246538,53.68012324384066,4.792868146771488,247.31199637340876
BŁOŃSKI,5748.0,26004.0,2475.0,7736.0,11797.0,1379.0,215.0,111.0,5.0,265.0,220.0,140.0,21.0,19.0,0.0,279.0,0.0,0.0
CIECHANOWSKI,8585.0,27740.0,4265.0,4595.0,9309.0,1295.0,350.0,5.0,5.0,1314.0,981.0,593.0,138.0,47.0,0.0,265.0,0.0,0.0
GOSTYNIŃSKI,5515.0,29495.0,1394.0,5700.0,9839.0,517.0,195.0,22.0,2.0,169.0,142.0,238.0,7.0,20.0,4.0,200.0,0.0,0.0
GRÓJECKI,7652.0,47107.0,3387.0,16291.0,19556.0,9.0,246.0,74.0,20.0,171.0,345.0,141.0,24.0,62.0,8.0,242.0,11.0,0.0
KUTNOWSKI,11888.0,22863.0,3944.0,7420.0,9257.0,2784.0,52.0,18.0,8.0,243.0,369.0,672.0,32.0,30.0,3.0,221.0,16.0,0.0
LIPNOWSKI,5796.0,38767.0,6573.0,4694.0,12318.0,786.0,325.0,0.0,5.0,637.0,914.0,414.0,4.0,18.0,0.0,427.0,10.0,0.0
ŁOWICKI,8852.0,34907.0,2540.0,10262.0,11231.0,546.0,45.0,867.0,8.0,86.0,74.0,960.0,40.0,571.0,1.0,379.0,0.0,0.0
MAKOWSKI (MAKÓW MAZOWIECKI),5310.0,24275.0,1536.0,4240.0,7299.0,86.0,1037.0,166.0,1.0,497.0,336.0,930.0,6.0,256.0,7.0,150.0,0.0,0.0
MIŃSKI,2173.0,26550.0,3268.0,8350.0,13973.0,0.0,1133.0,340.0,3.0,218.0,368.0,194.0,26.0,452.0,19.0,83.0,0.0,0.0
MŁAWSKI,1876.0,44688.0,1708.0,3504.0,14144.0,153.0,1253.0,59.0,0.0,534.0,585.0,575.0,23.0,93.0,1.0,261.0,0.0,0.0
NIESZAWSKI,11209.0,39522.0,9200.0,2337.0,12063.0,2680.0,14.0,0.0,19.0,1803.0,1500.0,1400.0,40.0,8.0,1.0,425.0,0.0,0.0
PŁOCKI,13069.0,41644.0,6040.0,7395.0,15196.0,2067.0,333.0,11.0,2.0,464.0,478.0,335.0,4.0,16.0,0.0,350.0,0.0,0.0
PŁOŃSKI,8170.0,38597.0,4524.0,5668.0,12218.0,647.0,365.0,7.0,1.0,376.0,446.0,393.0,6.0,33.0,0.0,355.0,0.0,0.0
PRZASNYCKI,6292.0,26608.0,1753.0,2557.0,8389.0,243.0,720.0,90.0,3.0,451.0,218.0,1503.0,3.0,309.0,1.0,95.0,0.0,0.0
PUŁTUSKI,6282.0,38120.0,3344.0,7007.0,14066.0,170.0,2125.0,50.0,1.0,306.0,573.0,251.0,31.0,253.0,7.0,260.0,2.0,0.0
RADZYMIŃSKI,1502.0,21439.0,1512.0,4202.0,9769.0,0.0,1292.0,70.0,3.0,104.0,113.0,62.0,4.0,300.0,5.0,17.0,0.0,0.0
RAWSKI (RAWA MAZOWIECKA),2909.0,39509.0,3508.0,7701.0,15185.0,30.0,244.0,167.0,1.0,96.0,49.0,178.0,55.0,147.0,3.0,396.0,0.0,0.0
RYPIŃSKI,5025.0,30887.0,6098.0,3634.0,10638.0,682.0,409.0,8.0,2.0,788.0,542.0,701.0,12.0,42.0,5.0,488.0,0.0,0.0
SIERPECKI,2956.0,36031.0,2099.0,4018.0,12109.0,154.0,682.0,61.0,5.0,444.0,573.0,576.0,24.0,62.0,1.0,173.0,0.0,0.0
SKIERNIEWICKI,2471.0,25521.0,2413.0,6808.0,8482.0,28.0,61.0,27.0,2.0,128.0,56.0,181.0,23.0,126.0,1.0,368.0,1.0,0.0
SOCHACZEWSKI,6992.0,22354.0,2042.0,6707.0,9888.0,570.0,170.0,17.0,8.0,164.0,159.0,242.0,38.0,15.0,3.0,213.0,0.0,0.0
WARSZAWSKI,3612.0,20783.0,2348.0,8229.0,16287.0,109.0,526.0,9.0,5.0,115.0,223.0,106.0,40.0,5.0,1.0,91.0,0.0,0.0
WŁOCŁAWSKI,9807.0,30930.0,6614.0,4016.0,9913.0,2416.0,103.0,7.0,55.0,880.0,639.0,845.0,6.0,20.0,3.0,369.0,0.0,0.0
DUBIEŃSKI,40115.0,42402.0,20024.0,30188.0,16119.0,72.0,14016.0,1659.0,22.0,1447.0,332.0,883.0,516.0,233.0,685.0,1006.0,297.0,0.0
HOROCHOWSKI,30807.0,14215.0,10761.0,14004.0,11051.0,75.0,3523.0,1858.0,0.0,177.0,72.0,1567.0,241.0,288.0,276.0,919.0,3.0,0.0
KOWELSKI,23504.0,58126.0,10167.0,11878.0,23682.0,12.0,4683.0,2733.0,44.0,94.0,39.0,2848.0,849.0,1503.0,1378.0,565.0,2.0,0.0
KRZEMIENIECKI,17759.0,49916.0,18745.0,32037.0,12746.0,114.0,24297.0,2772.0,16.0,790.0,221.0,3570.0,836.0,132.0,1047.0,271.0,10.0,261.0
LUBOMELSKI,4582.0,19375.0,4032.0,3569.0,8571.0,0.0,2666.0,1199.0,24.0,32.0,132.0,619.0,671.0,496.0,732.0,127.0,3.0,0.0
ŁUCKI,36709.0,51116.0,16457.0,26542.0,21626.0,177.0,7183.0,2614.0,253.0,193.0,225.0,1453.0,583.0,1086.0,907.0,1344.0,127.0,0.0
RÓWIEŃSKI,25293.0,36647.0,13498.0,28446.0,14599.0,3018.0,7505.0,1879.0,19.0,268.0,89.0,1393.0,301.0,399.0,298.0,1927.0,191.0,77.0
WŁODZIMIERSKI,28575.0,23038.0,10012.0,13886.0,12374.0,481.0,2693.0,1612.0,1.0,258.0,78.0,1802.0,75.0,678.0,620.0,1119.0,31.0,0.0
KOSTOPOLSKI,5890.0,30978.0,4564.0,12113.0,12873.0,0.0,7755.0,2647.0,17.0,29.0,119.0,801.0,132.0,1229.0,590.0,421.0,19.0,0.0
ZDOŁBUNOWSKI,14567.0,12763.0,8636.0,11955.0,7797.0,419.0,3687.0,1115.0,44.0,227.0,131.0,461.0,234.0,225.0,342.0,1192.0,128.0,64.0
SARNEŃSKI,1492.0,40370.0,6085.0,6887.0,15786.0,0.0,7379.0,3030.0,111.0,65.0,57.0,450.0,320.0,944.0,663.0,7.0,0.0,0.0
OSZMIAŃSKI,667.479810461367,31962.320535868716,7242.654062767371,18425.43148430296,8223.949007997888,0.0,1418.6436568611741,0.0,0.0,64.75550399998338,590.7694441844637,1999.4507158148713,3.984954092306669,3075.388320737672,22.913486030763348,0.9962385230766673,0.0,0.0
ŚWIĘCIAŃSKI,4323.0,38149.0,6029.0,13656.0,13187.0,0.0,2310.0,0.0,0.0,138.0,693.0,5892.0,500.0,2215.0,123.0,3.0,0.0,0.0
WILNO (MIASTO),0.0,0.0,0.0,0.0,0.0,0.0,0.0,0.0,0.0,0.0,0.0,0.0,0.0,0.0,0.0,0.0,0.0,0.0
DZIŚNIEŃSKI,4732.0,40051.0,8006.0,25415.0,13897.0,0.0,64.0,0.0,0.0,207.0,1265.0,4052.0,526.0,4110.0,72.0,3.0,0.0,0.0
WILEJSKI,585.0,35038.0,9236.0,13245.0,14808.0,0.0,1027.0,0.0,0.0,71.0,465.0,6804.0,65.0,1689.0,292.0,8.0,0.0,0.0
WILEŃSKO-TROCKI,2350.520189538633,62962.67946413128,14628.345937232629,27427.568515697036,21883.05099200211,0.0,12126.356343138827,1.0,0.0,421.2444960000166,475.23055581553626,3565.5492841851287,69.01504590769333,1576.6116792623277,86.08651396923665,2.0037614769233327,0.0,0.0
POSTAWSKI,2725.0,25358.0,4303.0,10411.0,10556.0,0.0,113.0,0.0,0.0,110.0,285.0,4523.0,311.0,1981.0,62.0,0.0,0.0,0.0
MOŁODECZAŃSKI,1715.0,20540.0,6180.0,14968.0,8719.0,0.0,368.0,0.0,0.0,63.0,191.0,1453.0,59.0,1970.0,124.0,2.0,0.0,0.0
