District,Konie,Bydło rogate,Trzoda chlewna,Owce,Kozy
AUGUSTOWSKI,14800.0,26855.0,24599.0,15866.0,15.0
BIAŁOSTOCKI,28828.0,53750.0,38827.0,27019.0,57.0
BIELSKI (BIELSK PODLASKI),43599.0,75097.0,56040.0,85359.0,135.0
GRODZIEŃSKI,36312.0,55439.0,36710.0,50946.0,112.0
ŁOMŻYŃSKI,33244.0,62911.0,40385.0,14059.0,67.0
OSTROŁĘCKI,21339.0,47254.0,22728.0,9693.0,20.0
OSTROWSKI (OSTRÓW MAZOWIECKA),14741.0,33566.0,21982.0,5664.0,38.0
SOKÓLSKI,26602.0,41031.0,30665.0,45089.0,10.0
SUWALSKI,23048.0,36768.0,37281.0,24158.0,90.0
SZCZUCZYŃSKI (WOJ. BIAŁOSTOCKIE),15242.0,25298.0,14559.0,5577.0,1.0
WOŁKOWYSKI,29535.0,56232.0,35824.0,60734.0,50.0
WYSOKOMAZOWIECKI,18186.0,39654.0,21736.0,4247.0,17.0
BIAŁYSTOK (MIASTO),1218.0,1564.0,2908.0,62.0,190.0
BĘDZIŃSKI,4779.0,11339.0,2338.0,336.0,4119.0
CZĘSTOCHOWSKI,15535.0,44406.0,16397.0,3281.0,890.0
IŁŻECKI,17833.0,48156.0,25256.0,2080.0,406.0
JĘDRZEJOWSKI,16651.594326782026,36723.08190263039,13187.962373056767,2700.3154247511316,363.1793702273979
KIELECKI,14881.0,46862.0,9629.0,2265.0,325.0
KONECKI,10692.0,41058.0,10882.0,2751.0,270.0
KOZIENICKI,17873.0,41337.0,28122.0,1508.0,157.0
MIECHOWSKI,22989.405673217974,47210.91809736961,19299.03762694323,1284.6845752488684,1516.8206297726022
OLKUSKI,12225.0,36632.0,8675.0,2243.0,2072.0
OPATOWSKI,19413.0,51701.0,26308.0,1642.0,282.0
OPOCZYŃSKI,14937.0,38867.0,19205.0,13633.0,94.0
PIŃCZOWSKI,20867.0,42519.0,15103.0,994.0,616.0
RADOMSKI,22573.0,55320.0,32192.0,4733.0,87.0
SANDOMIERSKI,15718.0,38965.0,22793.0,1815.0,175.0
STOPNICKI,21443.0,54097.0,18135.0,333.0,113.0
WŁOSZCZOWSKI,14988.0,32431.0,11732.0,1747.0,175.0
ZAWIERCIAŃSKI,6575.0,24920.0,2836.0,1764.0,1081.0
CZĘSTOCHOWA (MIASTO),1081.0,1049.0,1452.0,64.0,208.0
SOSNOWIEC,825.0,769.0,153.0,14.0,808.0
RADOM (MIASTO),579.0,614.0,193.0,0.0,57.0
BIALSKI (BIAŁA KRAKOWSKA),4773.0,27478.0,13412.0,700.0,1544.0
BOCHEŃSKI,8845.0,38327.0,15765.0,309.0,504.0
BRZESKI (BRZESKO),8929.0,39558.0,12127.0,276.0,555.0
CHRZANOWSKI,4320.0,18742.0,4494.0,233.0,3431.0
DĄBROWSKI,9934.0,30961.0,11044.0,147.0,248.0
GORLICKI,8955.0,49697.0,11831.0,2290.0,1202.0
JASIELSKI,11739.984949439855,47250.894558364766,15467.492700914641,2119.1949562182044,1476.2674306487634
KRAKOWSKI,11532.0,41191.0,12563.0,444.0,1866.0
KRAKÓW (MIASTO),1816.0,1969.0,1184.0,15.0,454.0
LIMANOWSKI,4814.0,41544.0,7216.0,4388.0,912.0
MIELECKI,10932.804165759679,36419.46865409116,12692.597666144471,86.54722133039964,118.3806820496271
MYŚLENICKI,7343.0,43514.0,11164.0,1181.0,1592.0
NOWOSĄDECKI,10501.0,65802.0,18062.0,6878.0,1398.0
NOWOTARSKI,12659.0,65019.0,12967.0,28779.0,827.0
ROPCZYCKI,15146.015050560143,50870.105441635234,13088.507299085357,268.8050437817958,368.7325693512366
TARNOWSKI,10430.0,40011.0,12363.0,342.0,532.0
WADOWICKI,7522.0,50630.0,18266.0,1108.0,2089.0
ŻYWIECKI,4689.0,46238.0,8722.0,3081.0,1527.0
BIALSKI (BIAŁA PODLASKA),20811.814282564595,39618.96310890151,38047.13474837937,21162.244649611035,102.37537573690908
BIŁGORAJSKI,18229.0,43407.0,18231.0,1464.0,60.0
CHEŁMSKI,25755.0,47328.0,32615.0,1285.0,39.0
GARWOLIŃSKI,20655.0,50163.0,46780.0,2191.0,181.0
HRUBIESZOWSKI,29507.0,39938.0,28626.0,2175.0,52.0
JANOWSKI,21959.0,54041.0,30973.0,2233.0,95.0
KRASNOSTAWSKI,24612.0,46899.0,28673.0,1304.0,92.0
LUBARTOWSKI,15764.0,33504.0,36337.0,728.0,79.0
LUBELSKI,25294.0,61282.0,45907.0,4315.0,66.0
ŁUKOWSKI,19193.0,41876.0,40943.0,5365.0,130.0
PUŁAWSKI,19459.0,43772.0,38468.0,1456.0,132.0
RADZYŃSKI,18033.027835418245,30590.730174344582,29866.860082337014,4644.916064945398,10.952642382507905
SIEDLECKI,23254.0,45227.0,39545.0,12387.0,91.0
SOKOŁOWSKI,14401.0,32209.0,21342.0,3569.0,49.0
TOMASZOWSKI,22529.0,35976.0,21934.0,1011.0,105.0
WĘGROWSKI,13405.0,34406.0,20548.0,1012.0,47.0
WŁODAWSKI,23007.0,46250.0,38134.0,5447.0,123.0
ZAMOJSKI,24927.0,42823.0,24996.0,656.0,89.0
LUBLIN (MIASTO),1003.0,1023.0,1000.0,17.0,68.0
BÓBRECKI,13267.0,30686.0,14102.0,237.0,370.0
BRZOZOWSKI,7867.0,35075.0,6285.0,300.0,691.0
DOBROMILSKI,9444.038901187077,36769.52294599062,7137.99219696327,379.042012711382,681.1433191221507
DROHOBYCKI,18665.736128601453,49161.37179159625,13427.045742760141,4243.606990911015,902.113860569823
GRÓDECKI,12512.283198656853,26522.69144973292,9902.730686087456,999.7956319025362,49.22603179049326
JAROSŁAWSKI,21881.208321147868,49733.96904744551,15223.160691172874,436.6728813692317,305.4933348311909
JAWOROWSKI,14949.872794144268,30787.00767881716,11397.982122369134,2228.343728814553,25.320668779083405
KOLBUSZOWSKI,8640.195834240321,32878.53134590884,5303.402333855529,12.452778669600363,38.61931795037291
KROŚNIEŃSKI,9880.0,43948.0,10996.0,1817.0,683.0
LESKI,13029.0,49716.0,9134.0,5906.0,510.0
LWOWSKI,21480.0,47697.0,13306.0,134.0,114.0
LWÓW (MIASTO),2441.0,2891.0,771.0,5.0,359.0
ŁAŃCUCKI,12863.593290611603,41169.080076475584,11130.368898418947,738.3283300993046,302.81793038411956
MOŚCISKI,14723.0,32286.0,13572.0,626.0,65.0
NIŻAŃSKI,8101.0,24769.0,9008.0,318.0,84.0
PRZEMYSKI,16244.0,45267.0,10773.0,639.0,458.0
PRZEWORSKI,7721.0,23967.0,7377.0,149.0,339.0
RAWSKI (RAWA RUSKA),18462.0,37313.0,21592.0,4667.0,66.0
RUDECKI,13402.716801343147,25942.30855026708,10821.269313912544,87.20436809746373,24.77396820950674
RZESZOWSKI,16849.406709388397,69331.91992352442,20592.631101581053,205.67166990069538,894.1820696158803
SAMBORSKI,18472.224970211468,45279.10526241313,12671.96206027659,427.3509963776036,209.74282030802632
SANOCKI,14578.0,44694.0,8204.0,2503.0,904.0
SOKALSKI,23862.025147289147,32492.69504055724,30120.231508932153,20518.87259202392,90.59764220641324
TARNOBRZESKI,11346.0,29241.0,13150.0,245.0,136.0
ŻÓŁKIEWSKI,16182.0,31539.0,20246.0,719.0,92.0
LUBACZOWSKI,15197.918884707866,30825.023273737326,14818.857186457994,2763.983389816215,28.185996389725716
TURCZAŃSKI,12768.0,49575.0,10159.0,14351.0,1208.0
BRZEZIŃSKI,12261.0,34647.0,20655.0,1964.0,321.0
KALISKI,18074.0,48968.0,23645.0,1920.0,1617.0
KOLSKI,15947.0,38982.0,26021.0,2251.0,737.0
KONIŃSKI,28276.0,75641.0,45660.0,5192.0,3692.0
ŁASKI,15987.0,43716.0,19571.0,3648.0,348.0
ŁĘCZYCKI,19037.0,44639.0,26045.0,1262.0,351.0
ŁÓDZKI,11302.0,29664.0,10744.0,1708.0,325.0
ŁÓDŹ (MIASTO),4478.0,2204.0,359.0,153.0,439.0
PIOTRKOWSKI,22965.0,57593.0,28106.0,7795.0,340.0
RADOMSZCZAŃSKI,22315.0,54892.0,24996.0,7183.0,133.0
SIERADZKI,19471.0,54976.0,32625.0,1638.0,1069.0
TURECKI,14965.0,39600.0,24240.0,1819.0,548.0
WIELUŃSKI,20871.0,62232.0,34748.0,4758.0,1456.0
POŁUDNIOWO-WARSZAWSKI,0.0,0.0,0.0,0.0,0.0
PÓŁNOCNO-WARSZAWSKI,0.0,0.0,0.0,0.0,0.0
PRASKO-WARSZAWSKI,0.0,0.0,0.0,0.0,0.0
ŚRÓDMIEJSKO-WARSZAWSKI,0.0,0.0,0.0,0.0,0.0
BARANOWICKI,26500.0,51298.0,35032.0,25737.0,334.0
BRASŁAWSKI,28844.0,60707.0,45154.0,68111.0,408.0
LIDZKI,33954.0,72038.0,44435.0,54901.0,47.0
NIEŚWIESKI,21270.0,41300.0,36664.0,34696.0,348.0
NOWOGRÓDZKI,27533.17062738679,54205.887991794974,37686.23909604463,34600.66009260819,72.44982826428428
SŁONIMSKI,23382.0,46861.0,30591.0,51319.0,95.0
STOŁPECKI,16407.82937261321,34384.11200820502,30133.76090395537,27766.339907391808,82.55017173571572
WOŁOŻYŃSKI,20188.0,43630.0,36978.0,31359.0,21.0
SZCZUCZYŃSKI (WOJ. NOWOGRÓDZKIE),20790.0,40835.0,20407.0,32559.0,68.0
BRZESKI (BRZEŚĆ N.BUG.),33096.15788201716,73782.30671675391,46331.00516928361,67316.83928544357,214.67198188058302
DROHICKI,16202.0,45830.0,27174.0,45410.0,40.0
KOBRYŃSKI,19470.0,69497.0,34492.0,64818.0,129.0
KOSZYRSKI,12731.0,50823.0,16132.0,53837.0,14.0
ŁUNINIECKI,18074.0,52306.0,24950.0,33773.0,192.0
PIŃSKI,28306.0,81721.0,36873.0,65701.0,310.0
PRUŻAŃSKI,19274.0,43385.0,28901.0,46459.0,215.0
STOLIŃSKI,20250.0,65104.0,22824.0,24429.0,123.0
IWACEWICKI,14251.0,37374.0,18695.0,23220.0,97.0
BRODNICKI,11480.950062097862,31332.064231289056,32641.18349820435,9321.682280553934,945.3545322590668
CHEŁMIŃSKI,10089.246836791275,24642.66964192467,31176.170522427063,18049.444544941947,976.2721007420115
CHOJNICKI,8342.776467388543,25245.81207903428,27019.136150357946,12699.715807498485,1994.3080822328122
DZIAŁDOWSKI,7718.0,21773.0,18988.0,4632.0,826.0
GRUDZIĄDZ (MIASTO),435.0,289.0,310.0,0.0,104.0
GRUDZIĄDZKI,11395.766248021719,26796.587558137966,28223.259994134503,11991.68086634949,1083.2142569603334
KARTUSKI,9306.167885798726,24550.226474849627,31195.74632149553,9361.53939701919,999.5027025388911
KOŚCIERSKI,7690.346275744165,22210.975753954357,25269.922159487207,9877.622957846357,1051.268663356439
LUBAWSKI,10648.8284907822,27841.248721975582,26185.89582684587,4884.395890214427,1432.4615012410916
SĘPOLEŃSKI,6108.0,19516.0,23194.0,14370.0,1356.0
STAROGARDZKI,8634.13333971269,21309.66822426856,24575.10567856738,7994.981660486024,2271.7006201209865
ŚWIECKI,14346.837364289488,34565.7100780713,52407.85688369916,9159.11459208023,3571.384987734338
TCZEWSKI,10031.0,20280.0,18922.0,7790.0,1971.0
TORUŃ (MIASTO),593.1808748310009,526.7765631907179,570.421466606073,91.96025872113056,220.05201932191915
TORUŃSKI,9594.293917922061,24502.93931996375,24077.158995077058,11477.152604036204,1037.1015062374242
TUCHOLSKI,6208.077494642856,17549.95272973442,21476.604995646685,5992.1232862673,1714.38071361808
WĄBRZESKI,9755.733569553886,25680.713963518258,27772.909696705086,4179.683555182868,716.5440832381533
MORSKI,9221.077152107244,25702.54296304151,27244.093952503557,11778.4159704586,771.1922862738497
GDYNIA (MIASTO),619.5840203162901,444.1116970459486,307.5338582425371,100.4863283438155,4.261944124603557
BYDGOSKI,11036.616358412322,30635.213269975244,34579.070575096106,8023.365746684928,2145.4823124215914
BYDGOSZCZ (MIASTO),1379.383641587676,1116.7867300247522,1534.929424903891,29.634253315071494,1386.5176875784086
CHODZIESKI,7939.0,23489.0,29674.0,3891.0,2194.0
CZARNKOWSKI,5805.68372568706,16423.870100669687,23164.90581955539,2692.4628577653243,3333.662282663945
GNIEŹNIEŃSKI,13435.89640590155,39971.11169106841,49965.62943772723,6561.554017406111,3323.413683874506
GOSTYŃSKI,9014.570975399902,28562.802061069306,27904.471907785508,5331.913268648068,2574.0520655202654
INOWROCŁAWSKI,10747.185065475822,30680.92093279622,31996.96340510962,9844.076912917639,1753.7330462505925
JAROCIŃSKI,13474.48859241551,38442.143968215634,33845.627400364494,10196.35274557594,4549.632473931806
KĘPIŃSKI,12694.846240192997,36064.42992623031,31681.329030723875,1547.5103741171313,5293.8279855495775
KOŚCIAŃSKI,12985.815106763597,41679.71509487115,39394.89330001814,6263.419599140414,5374.284407649722
KROTOSZYŃSKI,11802.392193791133,36770.87797130633,30796.38050681677,3363.100002243729,2939.4405037252304
LESZCZYŃSKI,8549.147009188768,29225.998204433825,30359.553920497157,2022.7666390609218,3250.354715170308
MIĘDZYCHODZKI,4915.0,15252.0,17265.0,1324.0,2539.0
MOGILEŃSKI,16250.956531814767,43620.099207307365,42455.54518720733,12804.850465792419,4659.353628397325
NOWOTOMYSKI,11784.180260256706,35319.674152255204,46298.12403467658,5680.946940881022,7002.583790556533
OBORNICKI,9729.42661018167,29813.964083508825,43338.26577856049,6651.847036321083,3430.896756191455
OSTROWSKI (OSTRÓW WIELKOPOLSKI),11244.529530338561,38914.33281233213,31101.798100017084,2414.846640649038,4455.731319437065
POZNAŃ (MIASTO),2231.0,935.0,792.0,6.0,556.0
RAWICKI,5974.953416533222,21865.130948832477,21067.17680235001,366.9745305099192,2107.448394430471
SZAMOTULSKI,10355.0,28617.0,34937.0,8090.0,4567.0
SZUBIŃSKI,9454.0,27003.0,30666.0,6217.0,1773.0
ŚREDZKI,10015.0,27530.0,29407.0,4531.0,2038.0
ŚREMSKI,9140.256935376312,26401.569012708846,24761.769031426957,3980.1162000548406,2125.2281345855545
WĄGROWIECKI,11576.0,31506.0,45224.0,5743.0,2772.0
WOLSZTYŃSKI,6788.0,23697.0,26722.0,1754.0,4720.0
WRZESIŃSKI,7580.0,22978.0,24083.0,1640.0,1601.0
WYRZYSKI,12559.0,34541.0,39016.0,17753.0,1992.0
ŻNIŃSKI,8736.34848397533,23908.597189591084,33229.54136817455,3611.160997306754,1787.5125236087056
POZNAŃSKI,12473.507982182917,34099.68357559945,37621.98837409844,3231.17768452729,4130.57733470753
GNIEZNO (MIASTO),296.0,189.0,555.0,3.0,239.0
INOWROCŁAW (MIASTO),502.8149345241786,609.0790672037801,883.0365948903768,108.9230870823606,269.26695374940755
DOLIŃSKI,8833.723570487145,37893.73336202916,10440.63632114969,16705.018113839502,513.6773974191617
HORODEŃSKI,16504.156921146056,21098.117596699725,15929.302881151003,15113.789607463108,550.4958179613626
KAŁUSKI,9312.0,31404.0,12038.0,3616.0,528.0
KOŁOMYJSKI,17347.843078853944,41400.882403300275,23767.697118849,14662.210392536892,1714.5041820386375
KOSOWSKI (KOSÓW HUCULSKI),6362.0,26379.0,12580.0,43419.0,1108.0
NADWÓRNIAŃSKI,10241.0,31323.0,12213.0,15351.0,1750.0
ROHATYŃSKI,18666.0,42043.0,19180.0,926.0,918.0
STANISŁAWOWSKI,14450.90657241458,40553.26055068449,15606.176258167365,895.1567905125675,1179.2221292934719
STRYJSKI,12959.511217832054,47312.06126988529,11769.630758680898,8981.759960485762,452.469269523204
ŚNIATYŃSKI,9492.0,19546.0,13375.0,9780.0,1580.0
TŁUMACKI,13292.858861873194,31702.225509182445,17845.140224855146,3985.0957110394556,729.9432738042567
ŻYDACZOWSKI,10862.7652116808,30382.205368085542,8591.732920169414,119.22192567473351,130.85333305763433
BIELSKI (BIELSKO),2618.0,14993.0,8108.0,272.0,874.0
BIELSKO (MIASTO),187.0,98.0,66.0,0.0,5.0
CIESZYŃSKI,3511.0,22908.0,15725.0,2718.0,1586.0
TARNOGÓRSKI,1192.0,3727.0,2642.0,32.0,3364.0
KATOWICE (MIASTO),1199.0,274.0,1063.0,23.0,2369.0
KATOWICKI,2047.8434320916788,1763.64207381177,2842.013582799087,23.90478714503905,6533.089790490488
LUBLINIECKI,3854.0,14645.0,8311.0,141.0,1206.0
PSZCZYŃSKI,7820.0,35493.0,16646.0,142.0,7408.0
RYBNICKI,7828.0,31165.0,23405.0,215.0,13733.0
ŚWIĘTOCHŁOWICKI,1762.0087514895042,962.7064575177291,2791.651854315214,36.42140994698975,6087.297273302287
CHORZÓW,1105.147816418817,335.6514686705008,1155.3345628856982,6.673802907971196,1990.6129362072252
BORSZCZOWSKI,17190.9075194863,29902.237591438552,25985.68328167411,18019.693327182118,720.5121273555094
BRODZKI,14391.253637426547,30204.213349983387,20280.743111696236,5281.573715077076,181.1142729347117
BRZEŻAŃSKI,18249.628261828806,32106.392441032312,16627.65737822262,2329.930963415379,741.8453978498875
BUCZACKI,18915.238283379378,39939.92422856472,17578.4028593085,2946.9357362974265,1507.8717209740669
CZORTKOWSKI,13204.05445434542,23010.95530864108,16700.27015610747,1789.7186576319516,624.1222327386896
KAMIONECKI,14761.974852710851,28609.30495944276,19831.768491067847,1795.127407976079,52.402357793586766
PODHAJECKI,16520.15526382166,31589.4988975737,13965.401674807188,1478.0935143153913,941.2250064790165
PRZEMYŚLAŃSKI,14527.0,29957.0,14439.0,758.0,286.0
RADZIECHOWSKI,13886.746362573453,24323.786650016616,24693.256888303767,10242.426284922925,90.88572706528831
SKAŁACKI,16634.44891975807,24688.541138991757,17533.687486119354,1363.9916147738465,311.46265219245316
TARNOPOLSKI,23046.36624568747,36863.18226252871,20087.52243366847,1058.2188356021277,390.9676530127549
TREMBOWELSKI,13996.14490141204,25253.896664131626,14106.42974293808,402.13978050724154,307.1680112687987
ZALESZCZYCKI,10644.718853848744,16399.429508925812,12668.470026697414,11871.322449790881,582.9021022415814
ZBARASKI,15546.0,22745.0,12350.0,5039.0,118.0
ZBOROWSKI,14496.0,27759.0,17212.0,1215.0,315.0
ZŁOCZOWSKI,16472.0,34948.0,17385.0,1324.0,237.0
KOPYCZYNIECKI,15744.571862144338,28080.455898304794,19248.158477434295,1140.702618931614,861.7576927895135
BŁOŃSKI,12119.0,30180.0,16252.0,227.0,122.0
CIECHANOWSKI,15458.0,33364.0,14341.0,1792.0,17.0
GOSTYNIŃSKI,12030.0,31589.0,18430.0,1675.0,399.0
GRÓJECKI,20560.0,47665.0,36490.0,2427.0,114.0
KUTNOWSKI,14241.0,34471.0,18594.0,1161.0,188.0
LIPNOWSKI,16970.0,45606.0,30879.0,4256.0,401.0
ŁOWICKI,16832.0,46451.0,20699.0,3416.0,147.0
MAKOWSKI (MAKÓW MAZOWIECKI),12591.0,24955.0,14257.0,2097.0,45.0
MIŃSKI,12004.0,32140.0,23681.0,1502.0,35.0
MŁAWSKI,16585.0,39031.0,16866.0,926.0,159.0
NIESZAWSKI,17764.0,40441.0,30763.0,5229.0,666.0
PŁOCKI,19728.0,44651.0,32355.0,2542.0,70.0
PŁOŃSKI,15752.0,37189.0,25340.0,3417.0,46.0
PRZASNYCKI,12685.0,29390.0,10537.0,2278.0,28.0
PUŁTUSKI,16975.0,39845.0,22926.0,1430.0,55.0
RADZYMIŃSKI,9755.0,24087.0,12639.0,250.0,21.0
RAWSKI (RAWA MAZOWIECKA),13120.0,34783.0,29116.0,6842.0,103.0
RYPIŃSKI,14747.0,35931.0,25120.0,3002.0,137.0
SIERPECKI,14602.0,40293.0,23418.0,2094.0,142.0
SKIERNIEWICKI,8962.0,25521.0,16775.0,2539.0,67.0
SOCHACZEWSKI,11100.0,28869.0,16021.0,178.0,87.0
WARSZAWSKI,16853.0,28809.0,15766.0,424.0,290.0
WŁOCŁAWSKI,16334.0,35609.0,26280.0,7532.0,521.0
DUBIEŃSKI,55135.0,74725.0,60975.0,4577.0,284.0
HOROCHOWSKI,31262.0,38272.0,32435.0,1871.0,52.0
KOWELSKI,47897.0,100228.0,49975.0,43376.0,160.0
KRZEMIENIECKI,53334.0,67016.0,36147.0,15350.0,406.0
LUBOMELSKI,17102.0,35804.0,19978.0,15528.0,7.0
ŁUCKI,55534.0,101967.0,67536.0,18268.0,344.0
RÓWIEŃSKI,50048.0,70333.0,52820.0,8886.0,350.0
WŁODZIMIERSKI,35142.0,48814.0,34713.0,4883.0,96.0
KOSTOPOLSKI,23983.0,73414.0,39380.0,20566.0,88.0
ZDOŁBUNOWSKI,23880.0,31752.0,30391.0,5782.0,232.0
SARNEŃSKI,21878.0,85942.0,42494.0,28930.0,187.0
OSZMIAŃSKI,19799.244407625687,40944.40705992795,30406.195962822963,36526.08921008293,85.67651298459339
ŚWIĘCIAŃSKI,27767.0,53471.0,33423.0,55841.0,360.0
WILNO (MIASTO),650.0,1379.0,659.0,36.0,17.0
DZIŚNIEŃSKI,32847.0,68426.0,55923.0,82220.0,567.0
WILEJSKI,23177.0,52793.0,46243.0,32235.0,248.0
WILEŃSKO-TROCKI,37878.75559237431,83972.59294007205,70069.80403717703,58042.91078991707,422.3234870154066
POSTAWSKI,23868.0,46371.0,35480.0,52590.0,261.0
MOŁODECZAŃSKI,15288.0,34427.0,27998.0,29807.0,124.0
