City;1921;1931;1939
Aleksandrów (Łódzki);8236.0;11554.0;13333.0
Aleksandrów Kujawski;8193.0;9565.0;9554.0
Andrychów;4171.0;5698.0;7000.0
Augustów;8762.0;12147.0;17861.0
Baranowicze;11471.0;22893.0;30119.0
Baranów (Sandomierski);1794.0;1815.0;2000.0
Barcin;1628.0;2098.0;2394.0
Barysz;4795.0;5606.0;6240.0
Beresteczko;5633.0;6314.0;6486.0
Bereza Kartuska;3526.0;4521.0;4879.0
Bereźne;2494.0;2857.0;6043.0
Bełchatów;7200.0;8587.0;10264.0
Bełz;4148.0;4900.0;4897.0
Biała Krakowska (dziś część Bielska-Białej);17072.0;22891.0;30337.0
Biała Podlaska;13088.0;17549.0;22000.0
Biała Rawska;2692.0;2903.0;3200.0
Białystok;76792.0;91335.0;105346.0
Biecz;3673.0;4055.0;4960.0
Bielsk Podlaski;4759.0;7028.0;8214.0
Bielsko (dziś część Bielska-Białej);19785.0;22573.0;32000.0
Bieruń Stary;2221.0;3059.0;4000.0
Biłgoraj;6602.0;8177.0;8828.0
Bnin (Kórnik);1242.0;1297.0;
Bochnia;11014.0;12274.0;14780.0
Bohorodczany;2721.0;3151.0;3166.0
Bojanowo;1862.0;2333.0;3025.0
Bolechów;9017.0;10744.0;11744.0
Borek;2097.0;2052.0;2280.0
Borszczów;5122.0;6073.0;6304.0
Borysław;35761.0;41683.0;45166.0
Boćki;1719.0;2165.0;
Bołszowce;2915.0;3697.0;4990.0
Brasław;1587.0;3205.0;4500.0
Brańsk;3739.0;4204.0;4611.0
Brodnica;6913.0;8521.0;11220.0
Brody;10867.0;12401.0;13628.0
Brok;2712.0;2895.0;3200.0
Brzesko;3144.0;3672.0;3863.0
Brzeziny;10633.0;13045.0;14000.0
Brześć Kujawski;4634.0;5837.0;6775.0
Brześć nad Bugiem;29553.0;48431.0;57008.0
Brzeżany;10083.0;11721.0;11731.0
Brzostek;1303.0;1396.0;
Brzozów;4160.0;4242.0;4750.0
Buczacz;7517.0;10274.0;10672.0
Budzanów;4548.0;4798.0;4933.0
Budzyń;1889.0;1951.0;
Buk;3480.0;3637.0;3586.0
Bursztyn;3720.0;4326.0;4384.0
Busk;6440.0;7010.0;
Busko (dziś Busko-Zdrój);3949.0;5026.0;5570.0
Bydgoszcz;87643.0;117528.0;141000.0
Bóbrka (Ukraina);4391.0;5441.0;5609.0
Będzin;38665.0;47835.0;50721.0
Błaszki;4736.0;4969.0;4986.0
Błażowa;5123.0;4631.0;5008.0
Błonie;5337.0;7642.0;8700.0
Chełm;23221.0;29222.0;30900.0
Chełmno;10208.0;12531.0;13452.0
Chełmża;10698.0;11098.0;12983.0
Chmielnik;7730.0;8051.0;8250.0
Chodecz;1685.0;1824.0;1900.0
Chodorów;4513.0;7646.0;
Chodzież;5646.0;7511.0;8478.0
Chojnice;10409.0;14255.0;16975.0
Choroszcz;2405.0;2905.0;3028.0
Chorzele;2587.0;3032.0;4000.0
Chorzów;74811.0;80734.0;109500.0
Chrzanów;14085.0;17833.0;21651.0
Chyrów;3490.0;3864.0;4314.0
Chęciny;5046.0;5429.0;5657.0
Ciechanowiec;3291.0;4029.0;6169.0
Ciechanów;11977.0;13954.0;15200.0
Ciechocinek;4358.0;4711.0;5220.0
Cieszanów;2282.0;2661.0;3197.0
Cieszyn;15268.0;17791.0;20385.0
Ciężkowice;1934.0;2079.0;
Czarnków;3970.0;4737.0;4986.0
Czarny Dunajec;2399.0;2783.0;
Czeladź;17202.0;21035.0;21235.0
Czempiń;2054.0;2103.0;2406.0
Czerniejewo;1343.0;1392.0;1587.0
Czersk;6700.0;7757.0;8500.0
Czortków;14085.0;19215.0;19038.0
Częstochowa;88894.0;117588.0;138000.0
Dawidgródek;9851.0;11701.0;10566.0
Delatyn;5973.0;8815.0;8864.0
Dobczyce;2920.0;3112.0;3380.0
Dobra;3055.0;2871.0;3009.0
Dobromil;5386.0;5531.0;
Dobrzyń nad Drwęcą;4085.0;5176.0;5694.0
Dobrzyń nad Wisłą;2693.0;2838.0;3207.0
Dokszyce;3004.0;3262.0;3184.0
Dolina;8766.0;9616.0;11102.0
Dolsk;1558.0;1578.0;1876.0
Drohiczyn Poleski;1987.0;2803.0;3457.0
Drohiczyn nad Bugiem;1972.0;2309.0;2800.0
Drohobycz;26736.0;32622.0;3500.0
Druskieniki;1071.0;2098.0;3000.0
Dubienka;2964.0;3825.0;4500.0
Dubno;9146.0;12696.0;18167.0
Dukla;2082.0;2157.0;2300.0
Działdowo;3568.0;5103.0;5859.0
Działoszyce;6755.0;6238.0;5972.0
Dzisna;4413.0;4806.0;4863.0
Dąbie;3765.0;3825.0;4212.0
Dąbrowa (Tarnowska);5498.0;6017.0;6100.0
Dąbrowa Grodzieńska (dziś Dąbrowa Białostocka);3014.0;3482.0;4096.0
Dąbrowa Górnicza;30871.0;36987.0;41373.0
Dąbrowica;2694.0;2914.0;7565.0
Dębica;6846.0;9276.0;10575.0
Fordon (dziś część Bydgoszczy);2314.0;3733.0;4921.0
Garwolin;5336.0;6262.0;7783.0
Gdynia;3164.0;30210.0;120000.0
Gliniany (dziś Ukraina);4355.0;4391.0;4689.0
Gniew;3131.0;3639.0;3500.0
Gniewkowo;3330.0;3873.0;4657.0
Gniezno;25694.0;29924.0;33100.0
Golina;2418.0;2578.0;2902.0
Golub;2565.0;3097.0;3297.0
Goniądz;2981.0;3449.0;3600.0
Gorlice;5611.0;6730.0;6730.0
Gostynin;7001.0;7783.0;8329.0
Gostyń;5816.0;6815.0;7680.0
Gołańcz;1380.0;1471.0;1560.0
Grabów (nad Prosną);1730.0;1682.0;1690.0
Grajewo;7346.0;9036.0;10000.0
Grodno;35148.0;49332.0;57281.0
Grodzisk (Wielkopolski);5604.0;6161.0;7000.0
Grodzisk Mazowiecki;11254.0;15678.0;18737.0
Grudziądz;33516.0;50405.0;59200.0
Grybów;2931.0;3311.0;3400.0
Grzymałów (dziś Ukraina);3422.0;4084.0;4794.0
Gródek Jagielloński;10682.0;12942.0;15015.0
Grójec;8418.0;9518.0;10430.0
Góra Kalwaria;5496.0;7097.0;7279.0
Górzno;1665.0;1806.0;1947.0
Gąbin;5777.0;5690.0;7600.0
Gąsawa;835.0;893.0;
Gębice;1268.0;1250.0;
Głogów (Małopolski);2291.0;2550.0;2963.0
Głowno;2422.0;3154.0;7600.0
Głębokie;4514.0;7544.0;9200.0
Hajduki Wielkie;25000.0;28385.0;0.0
Halicz;3442.0;4386.0;4387.0
Horochów;4421.0;5991.0;6407.0
Horodenka;10054.0;12303.0;13780.0
Hrubieszów;10595.0;13359.0;13774.0
Husiatyn;2133.0;2639.0;3675.0
Huta Laura;16120.0;0.0;0.0
Indura;2323.0;2650.0;2650.0
Inowrocław;24277.0;30862.0;39757.0
Iłża;4554.0;5099.0;5099.0
Jagielnica (dziś Ukraina);2702.0;2795.0;
Janowiec (Wielkopolski);2993.0;3029.0;3350.0
Janów (dziś Iwano-Frankowe);2155.0;2597.0;3000.0
Janów Lubelski;6426.0;7067.0;7402.0
Janów Podlaski;3360.0;3900.0;4000.0
Jaraczew (Jaraczewo);855.0;833.0;
Jarocin;7005.0;8688.0;9550.0
Jarosław (nad Sanem);19973.0;22330.0;22195.0
Jaryczów Nowy;2148.0;2555.0;3204.0
Jasło;10391.0;10112.0;12000.0
Jaworzno;15932.0;19055.0;23000.0
Jaworów;9024.0;10690.0;10794.0
Jazłowiec;1982.0;2335.0;
Jedwabne;1428.0;2167.0;2720.0
Jordanów;2456.0;3115.0;3300.0
Jutrosin;1725.0;1677.0;1731.0
Jędrzejów;11740.0;12853.0;14600.0
Kalisz;44613.0;55215.0;80216.0
Kalwaria Zebrzydowska;1692.0;2116.0;2154.0
Kamieniec Litewski (dziś Białoruś);2348.0;3001.0;4400.0
Kamień Koszyrski;10971.0;16636.0;21168.0
Kamień Pomorski (dziś Kamień Krajeński);1705.0;1827.0;1523.0
Kamionka Strumiłowa (Kamionka Bużańska);6518.0;7935.0;9384.0
Kartuzy;3717.0;5055.0;5600.0
Katowice;104868.0;127044.0;134500.0
Kazimierz Dolny;3857.0;4614.0;5673.0
Kałusz;8697.0;12131.0;14699.0
Kałuszyn;7694.0;8827.0;9000.0
Kańczuga;2396.0;2382.0;2385.0
Kcynia;3369.0;4391.0;4860.0
Kielce;43695.0;58397.0;68827.0
Kleck;5554.0;5930.0;6885.0
Kleczew;2848.0;2946.0;3474.0
Kleszczele;1452.0;2029.0;2200.0
Knyszyn;3579.0;4123.0;4400.0
Kobryń;8208.0;10101.0;11020.0
Kobylin;2172.0;2359.0;2600.0
Kock;3903.0;4462.0;4500.0
Kolbuszowa;2900.0;3112.0;3132.0
Kolno;4494.0;5285.0;5085.0
Komarno (dziś Ukraina);5009.0;5598.0;5930.0
Koniecpol;2422.0;2518.0;2596.0
Konin;10045.0;10390.0;11200.0
Konstantynów (Łódzki);5728.0;8167.0;8970.0
Kopanica;645.0;640.0;
Kopyczyńce;8146.0;8609.0;
Koronowo;4689.0;5553.0;5560.0
Korzec;4946.0;4015.0;6503.0
Kostopol;2990.0;6523.0;11742.0
Kostrzyn;3077.0;3370.0;3706.0
Kosów Huculski;4797.0;5663.0;10300.0
Kosów Poleski (dziś Białoruś);2433.0;3256.0;3703.0
Kowal;4063.0;4482.0;5600.0
Kowalewo (Pomorskie);3207.0;3654.0;3692.0
Kowel;20818.0;27653.0;35000.0
Kozienice;6878.0;7793.0;8690.0
Kozowa;4993.0;6064.0;6455.0
Koło;13040.0;13771.0;14211.0
Kołomyja;31708.0;33391.0;40000.0
Końskie;9119.0;11102.0;11422.0
Kościan;7803.0;10275.0;12500.0
Kościerzyna;5849.0;7379.0;9499.0
Koźmin (dziś Koźmin Wielkopolski);4999.0;5450.0;5650.0
Krakowiec;1389.0;1706.0;2000.0
Kraków;183706.0;221260.0;259000.0
Krasnystaw;8943.0;10435.0;11680.0
Kraśnik;8903.0;11615.0;13284.0
Krobia;2285.0;2384.0;2900.0
Krosno;10454.0;12125.0;17738.0
Krotoszyn;11110.0;12969.0;14135.0
Krośniewice;3509.0;3506.0;3565.0
Kruszwica;3021.0;3515.0;5313.0
Krynica-Zdrój;2341.0;4626.0;6600.0
Krynki;5206.0;5789.0;6200.0
Krzemieniec;16068.0;19997.0;22470.0
Krzepice;5138.0;5881.0;6000.0
Krzeszowice;2933.0;3366.0;3500.0
Krzywiń;1874.0;1732.0;1905.0
Książ (Wielkopolski);913.0;928.0;1800.0
Kulików (rejon żółkiewski);2886.0;3390.0;3553.0
Kutno;18274.0;23451.0;25353.0
Kuty;5504.0;5393.0;5424.0
Kórnik;2233.0;2379.0;2614.0
Kępno;7182.0;7182.0;7778.0
Kęty;5751.0;6767.0;7250.0
Kłecko;1685.0;1698.0;1800.0
Kłobuck;6582.0;8542.0;8686.0
Kłodawa;4298.0;4627.0;5509.0
Lachowicze;3400.0;4547.0;4737.0
Lanckorona;1617.0;1697.0;
Lesko;3870.0;3943.0;4019.0
Leszno;16506.0;19258.0;20751.0
Leżajsk;5063.0;5599.0;6250.0
Lida;13401.0;19490.0;26257.0
Lidzbark;3325.0;4032.0;7783.0
Limanowa;2143.0;2216.0;2587.0
Lipiny;18000.0;17934.0;18000.0
Lipno;8630.0;10415.0;12018.0
Lubaczów;5344.0;6245.0;6712.0
Lubartów;6511.0;7638.0;8076.0
Lubawa;4635.0;5518.0;5791.0
Lubień (Kujawski);2120.0;2241.0;2400.0
Lublin;94543.0;112539.0;122000.0
Lubliniec;6400.0;8512.0;9091.0
Luboml;3328.0;4111.0;7800.0
Lubraniec;2196.0;2559.0;2800.0
Lwów;316177.0;316177.0;318144.0
Lwówek;2552.0;2542.0;2750.0
Maków Mazowiecki;6198.0;6645.0;7000.0
Maków Podhalański;3226.0;4111.0;4700.0
Margonin;1855.0;2135.0;2330.0
Miasteczko (Krajeńskie);1154.0;1218.0;1218.0
Miasteczko (Śląskie);2212.0;2408.0;2799.0
Miechów;6223.0;6360.0;6820.0
Miejska Górka;2600.0;2644.0;3008.0
Mielec;5599.0;7057.0;9640.0
Mielnik (nad Bugiem);1091.0;1389.0;
Mieścisko;1317.0;1241.0;
Mikołajów (dziś Ukraina);3156.0;3625.0;3859.0
Mikołów;8377.0;11463.0;14030.0
Mikstat;1423.0;1316.0;1513.0
Mikulińce;3217.0;3136.0;3158.0
Międzychód;4017.0;5126.0;5309.0
Międzyrzec (nad Krzną);14211.0;16837.0;17983.0
Miłosław;2499.0;2452.0;2553.0
Mińsk Mazowiecki;11018.0;13015.0;14660.0
Mogielnica;6043.0;6423.0;7000.0
Mogilno;4171.0;5200.0;5809.0
Monasterzyska;5769.0;7238.0;8126.0
Mordy;3268.0;3287.0;3400.0
Mosina;1957.0;2924.0;5526.0
Mosty Wielkie;3795.0;4348.0;5000.0
Mołodeczno;3957.0;5964.0;6000.0
Mościska;4751.0;4770.0;4810.0
Mrocza;2016.0;2383.0;2670.0
Mszczonów;5014.0;5523.0;5450.0
Murowana Goślina;1938.0;2351.0;2850.0
Muszyna;2516.0;2979.0;3200.0
Mysłowice;20000.0;22943.0;24619.0
Myślenice;5491.0;6277.0;6905.0
Mława;17003.0;19584.0;19900.0
Nadwórna;6062.0;8716.0;10447.0
Nakło (nad Notecią);7885.0;10303.0;11000.0
Narew;963.0;1301.0;
Nasielsk;5470.0;6001.0;7365.0
Niemirów (dziś Ukraina);2463.0;3016.0;3194.0
Niepołomice;4071.0;4689.0;5335.0
Nieszawa;2381.0;2474.0;2904.0
Nieśwież;7033.0;7357.0;7600.0
Nisko;5103.0;5479.0;7182.0
Niżankowice (dziś Ukraina);1865.0;2014.0;
Nowa Wilejka;10182.0;6958.0;9263.0
Nowe;4011.0;4671.0;5131.0
Nowe Miasto (nad Pilicą);3761.0;3877.0;3913.0
Nowe Miasto nad Wartą;1044.0;1071.0;
Nowemiasto (Nowe Miasto Lubawskie);3721.0;4473.0;4958.0
Nowo-Święciany (Nowe Święciany);3196.0;3838.0;4119.0
Nowogród;1856.0;2350.0;2512.0
Nowogródek;6367.0;9567.0;11335.0
Nowy Dwór (Mazowiecki);7829.0;9386.0;10026.0
Nowy Dwór (nad Biebrzą);1222.0;1588.0;
Nowy Sącz;27796.0;30278.0;33329.0
Nowy Targ;8071.0;10406.0;11622.0
Nowy Tomyśl;2083.0;2550.0;2701.0
Oborniki;4147.0;5244.0;6400.0
Obrzycko;1503.0;1776.0;
Odelsk;1333.0;1373.0;
Odolanów;2437.0;2472.0;2491.0
Olesko;3698.0;3824.0;3924.0
Olkusz;7589.0;9916.0;11046.0
Opalenica;3058.0;4332.0;4291.0
Opatów;8827.0;9519.0;9600.0
Opoczno;8252.0;8921.0;10047.0
Osieczna;1559.0;1597.0;1730.0
Ostroróg;1273.0;1289.0;1301.0
Ostrowiec (Świętokrzyski);22215.0;25983.0;29000.0
Ostrołęka;9145.0;13438.0;15000.0
Ostrzeszów;5413.0;5833.0;
Ostróg;13303.0;12955.0;14156.0
Ostrów (Lubelski);3813.0;4753.0;5700.0
Ostrów Mazowiecka;14469.0;17611.0;18528.0
Ostrów Wielkopolski;16366.0;19555.0;31418.0
Oszmiana;5876.0;7334.0;8500.0
Ottynia;4455.0;4777.0;4777.0
Otwock;8560.0;14996.0;19332.0
Ozorków;12589.0;14979.0;16420.0
Ołyka;4333.0;5785.0;6480.0
Oświęcim;12187.0;11949.0;13350.0
Pabianice;38537.0;45614.0;52000.0
Pakość;3336.0;3797.0;3926.0
Parczew;8291.0;9943.0;10159.0
Peczeniżyn;5984.0;6839.0;6980.0
Pelplin;3612.0;4185.0;4218.0
Piaseczno;5604.0;7074.0;8078.0
Piaski;1638.0;1881.0;
Pilzno;3546.0;3671.0;3762.0
Piotrków (Trybunalski);41113.0;51294.0;52875.0
Piwniczna (Piwniczna-Zdrój);3632.0;4315.0;4900.0
Pińczów;7749.0;7423.0;7423.0
Pińsk;23468.0;31913.0;36700.0
Pleszew;7638.0;8591.0;9994.0
Pniewy;3089.0;3371.0;4000.0
Pobiedziska;3363.0;3745.0;4452.0
Podbrodzie;1435.0;2588.0;3011.0
Poddębice;3122.0;3800.0;4305.0
Podgórz (dziś część Torunia);3232.0;4658.0;0.0
Podhajce;4814.0;5743.0;6199.0
Podwołoczyska;3670.0;3945.0;3895.0
Pogorzela;1662.0;1592.0;1810.0
Pomorzany (dziś Ukraina);3445.0;4304.0;4724.0
Poniec;2471.0;2626.0;3246.0
Postawy;1074.0;2866.0;4300.0
Powidz;1210.0;1255.0;
Poznań;169422.0;246698.0;272000.0
Praszka;4478.0;4486.0;4642.0
Proszowice;3297.0;3531.0;3766.0
Pruszków;15132.0;23703.0;27120.0
Prużana;6332.0;8013.0;8700.0
Przasnysz;6340.0;7838.0;7856.0
Przedbórz;5885.0;6787.0;7002.0
Przedecz;3040.0;3322.0;3600.0
Przemyśl;47958.0;51379.0;58500.0
Przemyślany;4206.0;5391.0;6300.0
Przeworsk;5554.0;5941.0;7004.0
Pszczyna;6043.0;7240.0;7800.0
Puck;2792.0;3848.0;5203.0
Puławy;7205.0;9093.0;14000.0
Pułtusk;13742.0;15487.0;17401.0
Pyzdry;4614.0;4494.0;5050.0
Płock;27750.0;32777.0;35200.0
Płońsk;9352.0;10393.0;12000.0
Raciąż;4513.0;4789.0;4786.0
Radom;61599.0;78073.0;85501.0
Radomsko;20572.0;22980.0;26350.0
Radomyśl Wielki;2468.0;2400.0;3100.0
Radoszkowice (Radoszkowicze);2459.0;2574.0;2666.0
Radymno;1907.0;2213.0;4067.0
Radziechów;4739.0;5440.0;5700.0
Radziejów;3164.0;4025.0;5169.0
Radziwiłłów;4240.0;5409.0;5314.0
Radzymin;5036.0;6780.0;8522.0
Radzyń (Podlaski);4833.0;5291.0;6997.0
Radzyń Chełmiński;1626.0;1987.0;2251.0
Rajgród;2291.0;2432.0;2358.0
Rakoniewice;2013.0;2015.0;2183.0
Raków (Mołodecki);3323.0;3481.0;
Raszków;1672.0;1692.0;1782.0
Ratno (dziś Ukraina);2410.0;2990.0;3300.0
Rawa Mazowiecka;8185.0;9200.0;9257.0
Rawa Ruska;8970.0;11146.0;12000.0
Rawicz;9250.0;10827.0;10912.0
Rogowo (nad jez. Rogowskim);938.0;1140.0;
Rogoźno;5528.0;6040.0;6348.0
Rohatyn;5790.0;7513.0;9016.0
Rokitno;1491.0;4004.0;4195.0
Ropczyce;3002.0;3382.0;3402.0
Rostarzewo;1019.0;989.0;
Rozdół;3861.0;4300.0;3490.0
Rozwadów (dziś część Stalowej-Woli);2700.0;3311.0;3800.0
Rożniatów (dziś Ukraina);3266.0;3638.0;3708.0
Rożyszcze;3263.0;4512.0;6804.0
Ruda Pabianicka;5127.0;12164.0;20034.0
Ruda Śląska;18000.0;22201.0;25000.0
Rudki (dziś Ukraina);3462.0;3649.0;3700.0
Rudnik (nad Sanem);2959.0;3930.0;5000.0
Rybnik;17500.0;23046.0;28498.0
Rychtal;928.0;1126.0;
Rychwał;1891.0;2011.0;2636.0
Ryczywół;1228.0;1381.0;
Rydzyna;1175.0;1370.0;2780.0
Rymanów;3546.0;3617.0;3836.0
Rynarzewo;698.0;688.0;
Rypin;7234.0;8348.0;9100.0
Rzeszów;24942.0;27499.0;37116.0
Równe;30482.0;40788.0;46680.0
Różan;3285.0;4268.0;4876.0
Różana (dziś Białoruś);3622.0;3986.0;4500.0
Sambor;19417.0;22111.0;23500.0
Sandomierz;6763.0;7894.0;10115.0
Sanok;12261.0;14262.0;17862.0
Sarnowa (dziś część Rawicza);1247.0;1690.0;1843.0
Sarny;5931.0;7508.0;9766.0
Sassów;3099.0;3112.0;3112.0
Sejny;2254.0;3091.0;3405.0
Serock;4694.0;5413.0;6500.0
Siedlce;30676.0;36927.0;40962.0
Siemianowice Śląskie;19000.0;37888.0;38701.0
Siemiatycze;5694.0;6816.0;8128.0
Sieniawa;1987.0;1950.0;2150.0
Sieradz;9284.0;10537.0;11359.0
Sieraków;2791.0;3017.0;3200.0
Sierpc;6722.0;10051.0;13000.0
Skalbmierz;2262.0;2245.0;2365.0
Skarszewy;3009.0;3456.0;3700.0
Skaryszew;2072.0;2913.0;3128.0
Skarżysko-Kamienna;8163.0;14320.0;19870.0
Skawina;2444.0;3434.0;4400.0
Skała (Podolska);4248.0;5130.0;5144.0
Skałat;5937.0;6949.0;7200.0
Skidel;2907.0;3814.0;4212.0
Skierniewice;16647.0;20191.0;21214.0
Skoczów;3494.0;4374.0;5213.0
Skoki;1431.0;1788.0;1870.0
Skole;5989.0;7543.0;7560.0
Smorgonie;2952.0;4090.0;5000.0
Sochaczew;5445.0;10822.0;12984.0
Sokal;10183.0;12135.0;12135.0
Sokoły;2207.0;2028.0;2176.0
Sokołów (dziś Sokołów Małopolski);3515.0;3637.0;3650.0
Sokołów Podlaski;8055.0;9901.0;13543.0
Sokółka;6086.0;6376.0;7002.0
Solec Kujawski;3380.0;4987.0;5500.0
Sosnowiec;86497.0;109454.0;130000.0
Stanisławów (dziś Iwano-Frankiwsk);52529.0;60256.0;71218.0
Stara Sól;1170.0;1152.0;
Starogard (Gdański);10466.0;13356.0;15356.0
Starosielce;2422.0;3364.0;3399.0
Stary Sambor;4314.0;4867.0;4393.0
Stary Sącz;4770.0;5432.0;6000.0
Stawiski;3017.0;2912.0;3153.0
Stawiszyn;2560.0;2562.0;2585.0
Stoczek (Łukowski);2951.0;3589.0;3583.0
Stolin;4763.0;6328.0;6328.0
Stołpce;2956.0;6278.0;6556.0
Strumień;1566.0;1984.0;2057.0
Stryj;27358.0;30682.0;34000.0
Stryków;4127.0;4821.0;4862.0
Strzelno;4927.0;5846.0;5996.0
Strzyżów;2905.0;3060.0;3600.0
Stęszew;2225.0;2487.0;3150.0
Sucha (Beskidzka);5151.0;6005.0;6250.0
Suchowola;2457.0;2836.0;3000.0
Sulejów;5718.0;6387.0;7048.0
Sulmierzyce;2526.0;2476.0;2408.0
Supraśl;2322.0;2965.0;3017.0
Suraż;1223.0;1379.0;1460.0
Suwałki;16780.0;21957.0;23066.0
Swarzędz;3364.0;4196.0;6379.0
Szadek;3058.0;3113.0;3150.0
Szamocin;1548.0;1937.0;2100.0
Szamotuły;6772.0;8307.0;9084.0
Szczakowa;3723.0;4558.0;5216.0
Szczekociny;5611.0;6142.0;6180.0
Szczerzec;936.0;1210.0;1214.0
Szczuczyn (Białostocki);4502.0;5107.0;5668.0
Szczuczyn (Nowogródzki);1539.0;2641.0;3524.0
Szereszów;2951.0;3554.0;
Szubin;2744.0;3271.0;3437.0
Szydłowiec;8296.0;10590.0;10568.0
Sądowa Wisznia;4309.0;4765.0;5465.0
Sędziszów;1935.0;2142.0;2507.0
Sępolno;3318.0;3992.0;4481.0
Słomniki;4797.0;4988.0;6095.0
Słonim;9643.0;16284.0;18500.0
Słupca;5534.0;6204.0;6204.0
Tarnobrzeg;3169.0;3643.0;5791.0
Tarnopol;32003.0;35831.0;40000.0
Tarnowskie Góry;14399.0;15773.0;17549.0
Tarnów;35347.0;45235.0;54977.0
Tczew;16251.0;22728.0;25398.0
Terespol;1919.0;2308.0;2570.0
Tomaszów Lubelski;7639.0;10433.0;11200.0
Tomaszów Mazowiecki;28285.0;38088.0;45204.0
Toruń;39424.0;54280.0;81215.0
Trembowla;7015.0;7840.0;8005.0
Troki;1886.0;2637.0;3000.0
Trzebinia;4801.0;6084.0;6340.0
Trzemeszno;5093.0;5218.0;5447.0
Tuchola;5583.0;5477.0;6000.0
Tuchów;2443.0;2750.0;2986.0
Tuliszków;2358.0;2559.0;2800.0
Turek;9948.0;9421.0;9879.0
Turka;10056.0;10145.0;10145.0
Tuszyn;3451.0;4202.0;4551.0
Tyczyn;3095.0;3039.0;3115.0
Tykocin;2993.0;3290.0;3400.0
Tyśmienica;7047.0;7257.0;7833.0
Tłumacz;5908.0;6836.0;2570.0
Uhnów;3575.0;3639.0;4282.0
Ujście;1872.0;2144.0;2167.0
Ulanów;2192.0;2504.0;
Uniejów;3657.0;3484.0;3951.0
Ustrzyki Dolne;3242.0;3964.0;4303.0
Uście Solne;1376.0;1333.0;
Uściług;3728.0;4771.0;5141.0
Wadowice;6862.0;8400.0;9000.0
Warka;4666.0;4763.0;6346.0
Warszawa;936713.0;1178211.0;1289000.0
Warta;4108.0;4360.0;4435.0
Wasilków;3903.0;4801.0;5574.0
Wejherowo;8786.0;12559.0;14566.0
Wieleń nad Notecią;2870.0;3403.0;4210.0
Wielichowo;1815.0;1630.0;1717.0
Wieliczka;7235.0;8668.0;11631.0
Wieluń;11032.0;13220.0;15535.0
Wieruszów;4799.0;5484.0;5800.0
Wierzbnik (dziś Starachowice);5459.0;7379.0;13206.0
Wilamowice;1774.0;1969.0;2112.0
Wilejka;3417.0;5595.0;6322.0
Wilno;128954.0;196383.0;208770.0
Winniki;3635.0;4414.0;6400.0
Witkowo;1605.0;1824.0;2576.0
Więcbork;2588.0;3433.0;4350.0
Wiśnicz Nowy;2691.0;2628.0;
Wodzisław;3561.0;4942.0;5200.0
Wojnicz;1910.0;2062.0;
Wolbrom;7392.0;8930.0;9946.0
Wolsztyn;4124.0;4580.0;4880.0
Wołkowysk;11100.0;15163.0;17000.0
Wołomin;6404.0;13114.0;14757.0
Wołożyn;4070.0;5609.0;6806.0
Woźniki;1800.0;2264.0;2485.0
Wronki;4621.0;5245.0;6289.0
Września;6627.0;8148.0;9629.0
Wyrzysk;1305.0;1642.0;1898.0
Wysoka;1328.0;1463.0;1509.0
Wysokie Litewskie;2100.0;2739.0;3816.0
Wysokie Mazowieckie;3525.0;3977.0;4265.0
Wyszków;9084.0;10772.0;11496.0
Wyszogród;4297.0;4553.0;4787.0
Wyśmierzyce;1424.0;1434.0;1500.0
Wąbrzeźno;7118.0;8591.0;9551.0
Wągrowiec;6867.0;7555.0;8945.0
Węgrów;8522.0;9416.0;10103.0
Władysławów;960.0;906.0;
Włocławek;43574.0;56277.0;66739.0
Włodawa;6263.0;8519.0;9293.0
Włodzimierz (dziś Ukraina);12138.0;24609.0;
Włoszczowa;6022.0;6900.0;7164.0
Zabłotów;5777.0;6541.0;7000.0
Zabłudów;2861.0;3158.0;3850.0
Zagórów;3715.0;3945.0;4389.0
Zakopane;8808.0;17703.0;23000.0
Zakroczym;5898.0;6114.0;6412.0
Zaleszczyki;4014.0;4114.0;5965.0
Zambrów;6160.0;7343.0;7536.0
Zamość;19023.0;24273.0;28000.0
Zaniemyśl;1291.0;1335.0;
Zator;1995.0;2179.0;2345.0
Zawichost;3014.0;3340.0;3613.0
Zawiercie;30031.0;32713.0;32872.0
Załoźce;4819.0;5891.0;6795.0
Zbaraż;7728.0;7673.0;8976.0
Zborów;3761.0;5182.0;5335.0
Zbąszyń;4770.0;5432.0;5961.0
Zdołbunów;7789.0;10228.0;10228.0
Zduny;2825.0;3403.0;3437.0
Zduńska Wola;18923.0;22904.0;26154.0
Zdzięcioł;3080.0;3746.0;3801.0
Zgierz;21129.0;26646.0;28134.0
Zwoleń;7817.0;8757.0;9500.0
Złoczew;4913.0;5069.0;5289.0
Złoczów;11130.0;13265.0;14000.0
Łabiszyn;1834.0;2464.0;2750.0
Łapy;4107.0;6674.0;7250.0
Łasin;2197.0;2510.0;2541.0
Łask;4890.0;6502.0;7420.0
Łańcut;7056.0;7535.0;8572.0
Łobżenica;1904.0;2294.0;2506.0
Łohiszyn;1984.0;2638.0;
Łomża;22014.0;25065.0;27262.0
Łopatyn;3399.0;3427.0;3600.0
Łosice;3888.0;5026.0;5091.0
Łowicz;16451.0;17613.0;19000.0
Łuck;23390.0;35737.0;42553.0
Łuków;12571.0;13971.0;14865.0
Łuniniec;8267.0;8715.0;9300.0
Łódź;451974.0;605467.0;672000.0
Łęczna;3590.0;4030.0;4240.0
Łęczyca;10267.0;10553.0;10987.0
Ślesin;2078.0;2495.0;2804.0
Śmigiel;3754.0;3761.0;4207.0
Śniatyn;10597.0;10915.0;11000.0
Śrem;6650.0;7652.0;8500.0
Środa (Wielkopolska);7231.0;8087.0;10198.0
Świecie;6600.0;8729.0;8964.0
Świsłocz (Swisłocz);2935.0;3731.0;4188.0
Święciany;3981.0;5893.0;6200.0
Święciechowa;1333.0;1333.0;1326.0
Świętochłowice;23000.0;29717.0;29786.0
Żabno;2009.0;2437.0;2753.0
Żelechów;7682.0;8503.0;9500.0
Żerków;1549.0;1569.0;1800.0
Żnin;4436.0;5090.0;5463.0
Żory;4936.0;5869.0;6200.0
Żurawno;3362.0;3948.0;4300.0
Żuromin;3962.0;4165.0;4212.0
Żychlin;7098.0;8285.0;8500.0
Żydaczów;3996.0;4514.0;4897.0
Żyrardów;21336.0;25081.0;27870.0
Żywiec;5774.0;6571.0;7281.0
Żółkiew;7867.0;10348.0;11000.0
Bogumin;;;2581.0
Bogumin Nowy;;;10700.0
Chorostków;;;7310.0
Frysztat;;;7124.0
Gwoździec;;;3013.0
Karwina;;;23000.0
Mielnica Podolska;;;4969.0
Orłowa;;;10040.0
Skórcz;;;3375.0
Trzyniec;;;5900.0
Tłuste;;;3602.0
