District;1921;1922;1923;1924;1925;1926;1927;1928;1929;1930;1931;1932;1933;1934;1935;1936;1937;1938
KOŚCIAŃSKI;63164.0;62787.4;62410.8;62034.2;61657.600000000006;61281.0;60904.399999999994;60527.8;60151.2;59774.600000000006;59398.0;59021.4;58644.8;58268.2;57891.6;57515.0;57138.4;56761.8
ZBOROWSKI;57788.0;58612.8;59437.600000000006;60262.399999999994;61087.2;61912.0;62736.8;63561.6;64386.4;65211.2;66036.0;66860.8;67685.6;68510.4;69335.2;70160.0;70984.8;71809.6
MIĘDZYCHODZKI;23323.0;23279.600000000002;23236.2;23192.8;23149.4;23106.0;23062.6;23019.2;22975.8;22932.4;22889.0;22845.6;22802.2;22758.8;22715.4;22672.0;22628.6;22585.2
KOŁOMYJSKI;119908.0;121494.2;123080.40000000001;124666.59999999999;126252.8;127839.0;129425.20000000001;131011.40000000001;132597.6;134183.8;135770.0;137356.2;138942.4;140528.6;142114.8;143701.0;145287.2;146873.4
DZIŚNIEŃSKI;127638.0;129301.6;130965.20000000001;132628.8;134292.40000000002;135956.0;137619.6;139283.2;140946.80000000002;142610.4;144274.0;145937.6;147601.2;149264.8;150928.4;152592.0;154255.6;155919.2
STOLIŃSKI;81480.0;84005.6;86531.2;89056.8;91582.4;94108.0;96633.6;99159.2;101684.8;104210.40000000001;106736.0;109261.6;111787.2;114312.8;116838.4;119364.0;121889.6;124415.2
STANISŁAWOWSKI;104798.0;107374.8;109951.6;112528.4;115105.2;117682.0;120258.79999999999;122835.6;125412.4;127989.20000000001;130566.0;133142.8;135719.6;138296.4;140873.2;143450.0;146026.8;148603.6
ŚREDZKI;39650.0;39529.5;39409.0;39288.5;39168.0;39047.5;38927.0;38806.5;38686.0;38565.5;38445.0;38324.5;38204.0;38083.5;37963.0;37842.5;37722.0;37601.5
WOŁKOWYSKI;101226.0;106346.70000000001;111467.40000000001;116588.1;121708.8;126829.5;131950.2;137070.9;142191.6;147312.30000000002;152433.0;157553.7;162674.4;167795.1;172915.8;178036.5;183157.2;188277.9
HORODEŃSKI;71293.0;72222.8;73152.6;74082.4;75012.2;75942.0;76871.8;77801.6;78731.4;79661.20000000001;80591.0;81520.8;82450.6;83380.4;84310.2;85240.0;86169.8;87099.6
KATOWICE;98820.21105990955;99212.3899539186;99604.56884792764;99996.74774193668;100388.92663594573;100781.10552995477;101173.28442396382;101565.46331797287;101957.6422119819;102349.82110599095;102742.0;103134.17889400905;103526.3577880181;103918.53668202713;104310.71557603618;104702.89447004523;105095.07336405427;105487.25225806332
MIELECKI;64554.0;64899.4;65244.8;65590.2;65935.6;66281.0;66626.4;66971.8;67317.2;67662.6;68008.0;68353.4;68698.8;69044.2;69389.6;69735.0;70080.4;70425.8
PUŁAWSKI;137832.0;139904.8;141977.6;144050.4;146123.2;148196.0;150268.8;152341.6;154414.4;156487.2;158560.0;160632.8;162705.6;164778.4;166851.2;168924.0;170996.8;173069.6
RAWSKI (RAWA RUSKA);91599.0;92866.20000000001;94133.4;95400.59999999999;96667.8;97935.0;99202.2;100469.4;101736.6;103003.8;104271.0;105538.2;106805.4;108072.6;109339.8;110607.0;111874.2;113141.4
MOGILEŃSKI;67337.0;67164.3;66991.6;66818.9;66646.2;66473.5;66300.8;66128.1;65955.4;65782.7;65610.0;65437.3;65264.6;65091.9;64919.2;64746.5;64573.8;64401.1
SOKALSKI;84401.0;85168.50000000001;85936.0;86703.5;87471.0;88238.5;89006.0;89773.5;90541.0;91308.5;92076.0;92843.5;93611.0;94378.5;95146.0;95913.5;96681.0;97448.5
BUCZACKI;99932.0;101533.20000000001;103134.40000000001;104735.59999999999;106336.8;107938.0;109539.2;111140.4;112741.6;114342.8;115944.0;117545.2;119146.4;120747.6;122348.8;123950.0;125551.2;127152.4
PRZEMYŚLAŃSKI;71038.0;71946.8;72855.6;73764.4;74673.2;75582.0;76490.8;77399.6;78308.4;79217.20000000001;80126.0;81034.8;81943.6;82852.4;83761.2;84670.0;85578.8;86487.6
GOSTYNIŃSKI;65513.0;65771.0;66029.0;66287.0;66545.0;66803.0;67061.0;67319.0;67577.0;67835.0;68093.0;68351.0;68609.0;68867.0;69125.0;69383.0;69641.0;69899.0
BIŁGORAJSKI;92986.0;94564.80000000002;96143.6;97722.4;99301.20000000001;100880.0;102458.79999999999;104037.59999999999;105616.40000000001;107195.20000000001;108774.0;110352.8;111931.6;113510.4;115089.2;116668.0;118246.8;119825.6
RUDECKI;64516.0;65056.700000000004;65597.40000000001;66138.09999999999;66678.8;67219.5;67760.2;68300.9;68841.6;69382.3;69923.0;70463.7;71004.4;71545.1;72085.8;72626.5;73167.2;73707.9
RADOMSZCZAŃSKI;149241.0;150660.1;152079.2;153498.3;154917.4;156336.5;157755.6;159174.7;160593.8;162012.90000000002;163432.0;164851.1;166270.2;167689.3;169108.4;170527.5;171946.6;173365.7
STRYJSKI;96072.0;97905.40000000001;99738.8;101572.19999999998;103405.6;105239.0;107072.4;108905.8;110739.2;112572.6;114406.0;116239.4;118072.8;119906.2;121739.6;123573.0;125406.4;127239.8
PŁOŃSKI;65114.0;65705.7;66297.40000000001;66889.09999999999;67480.8;68072.5;68664.2;69255.9;69847.6;70439.3;71031.0;71622.7;72214.4;72806.1;73397.8;73989.5;74581.2;75172.9
KRZEMIENIECKI;192805.0;195828.0;198851.0;201874.0;204897.0;207920.0;210943.0;213966.0;216989.0;220012.0;223035.0;226058.0;229081.0;232104.0;235127.0;238150.0;241173.0;244196.0
CHRZANOWSKI;75194.0;76391.1;77588.20000000001;78785.29999999999;79982.4;81179.5;82376.6;83573.7;84770.8;85967.9;87165.0;88362.1;89559.2;90756.3;91953.4;93150.5;94347.6;95544.7
MYŚLENICKI;82996.0;83715.20000000001;84434.40000000001;85153.59999999999;85872.8;86592.0;87311.2;88030.4;88749.6;89468.79999999999;90188.0;90907.2;91626.4;92345.6;93064.8;93784.0;94503.2;95222.4
TARNOWSKI;81031.0;82365.90000000001;83700.8;85035.7;86370.6;87705.5;89040.4;90375.3;91710.2;93045.1;94380.0;95714.9;97049.8;98384.7;99719.6;101054.5;102389.4;103724.3
SOKOŁOWSKI;67930.0;68541.8;69153.6;69765.4;70377.2;70989.0;71600.79999999999;72212.6;72824.4;73436.2;74048.0;74659.8;75271.6;75883.4;76495.2;77107.0;77718.8;78330.6
CZORTKOWSKI;58245.0;58899.8;59554.6;60209.399999999994;60864.2;61519.0;62173.799999999996;62828.600000000006;63483.4;64138.200000000004;64793.0;65447.8;66102.6;66757.4;67412.2;68067.0;68721.8;69376.6
SIERPECKI;57266.0;57955.700000000004;58645.4;59335.09999999999;60024.8;60714.5;61404.2;62093.9;62783.6;63473.3;64163.0;64852.7;65542.4;66232.1;66921.8;67611.5;68301.2;68990.9
SANDOMIERSKI;102086.0;103090.20000000001;104094.40000000001;105098.6;106102.8;107107.0;108111.20000000001;109115.4;110119.6;111123.79999999999;112128.0;113132.2;114136.4;115140.6;116144.8;117149.0;118153.2;119157.4
RADZYŃSKI;68956.49876440284;69714.28871560188;70472.07866680092;71229.86861799996;71987.658569199;72745.44852039806;73503.2384715971;74261.02842279614;75018.81837399518;75776.60832519422;76534.39827639326;77292.1882275923;78049.97817879134;78807.76812999038;79565.55808118942;80323.34803238846;81081.13798358751;81838.92793478655
RYBNICKI;149164.38012123408;152639.34210911067;156114.30409698727;159589.26608486386;163064.22807274043;166539.19006061705;170014.15204849362;173489.1140363702;176964.0760242468;180439.0380121234;183914.0;187388.9619878766;190863.9239757532;194338.8859636298;197813.84795150638;201288.80993938295;204763.77192725957;208238.73391513614
WOLSZTYŃSKI;42524.0;42401.299999999996;42278.600000000006;42155.9;42033.2;41910.5;41787.8;41665.1;41542.399999999994;41419.700000000004;41297.0;41174.3;41051.6;40928.9;40806.2;40683.5;40560.8;40438.1
ŻÓŁKIEWSKI;70026.0;70765.5;71505.0;72244.5;72984.0;73723.5;74463.0;75202.5;75942.0;76681.5;77421.0;78160.5;78900.0;79639.5;80379.0;81118.5;81858.0;82597.5
LIDZKI;134672.0;137604.3;140536.6;143468.9;146401.2;149333.5;152265.8;155198.09999999998;158130.4;161062.7;163995.0;166927.3;169859.6;172791.9;175724.2;178656.5;181588.8;184521.1
CIESZYŃSKI;52560.7098298967;53196.838846907034;53832.967863917365;54469.09688092769;55105.22589793803;55741.35491494835;56377.483931958675;57013.61294896901;57649.741965979345;58285.87098298967;58922.0;59558.12901701033;60194.25803402066;60830.387051030986;61466.51606804132;62102.64508505165;62738.77410206198;63374.90311907231
LESZCZYŃSKI;38065.0;38023.8;37982.6;37941.4;37900.2;37859.0;37817.8;37776.6;37735.4;37694.200000000004;37653.0;37611.8;37570.6;37529.4;37488.2;37447.0;37405.8;37364.6
PIŃSKI;110891.0;115041.1;119191.20000000001;123341.29999999999;127491.4;131641.5;135791.6;139941.7;144091.8;148241.90000000002;152392.0;156542.1;160692.2;164842.3;168992.4;173142.5;177292.6;181442.7
DOLIŃSKI;74558.0;76539.7;78521.4;80503.1;82484.79999999999;84466.5;86448.2;88429.90000000001;90411.59999999999;92393.3;94375.0;96356.7;98338.4;100320.1;102301.8;104283.5;106265.2;108246.9
NADWÓRNIAŃSKI;96296.0;98983.50000000001;101671.0;104358.5;107046.0;109733.5;112421.0;115108.5;117796.0;120483.5;123171.0;125858.5;128546.0;131233.5;133921.0;136608.5;139296.0;141983.5
ZBARASKI;57662.0;57686.4;57710.8;57735.2;57759.6;57784.0;57808.4;57832.8;57857.2;57881.6;57906.0;57930.4;57954.8;57979.2;58003.6;58028.0;58052.4;58076.8
BŁOŃSKI;72653.0;74377.70000000001;76102.4;77827.1;79551.79999999999;81276.5;83001.2;84725.9;86450.59999999999;88175.3;89900.0;91624.7;93349.4;95074.1;96798.8;98523.5;100248.2;101972.9
SKIERNIEWICKI;48295.0;48550.9;48806.8;49062.7;49318.600000000006;49574.5;49830.399999999994;50086.299999999996;50342.200000000004;50598.1;50854.0;51109.9;51365.8;51621.7;51877.6;52133.5;52389.4;52645.3
SZCZUCZYŃSKI (WOJ. BIAŁOSTOCKIE);44039.0;44799.1;45559.200000000004;46319.3;47079.399999999994;47839.5;48599.600000000006;49359.700000000004;50119.799999999996;50879.9;51640.0;52400.1;53160.2;53920.3;54680.4;55440.5;56200.6;56960.7
LWOWSKI;113598.0;115700.3;117802.6;119904.9;122007.20000000001;124109.5;126211.79999999999;128314.1;130416.4;132518.7;134621.0;136723.3;138825.6;140927.9;143030.2;145132.5;147234.8;149337.1
MOŚCISKI;75016.0;75506.90000000001;75997.8;76488.7;76979.6;77470.5;77961.4;78452.3;78943.2;79434.1;79925.0;80415.9;80906.8;81397.7;81888.6;82379.5;82870.4;83361.3
TORUŃSKI;40068.0;40478.3;40888.600000000006;41298.899999999994;41709.2;42119.5;42529.8;42940.1;43350.4;43760.7;44171.0;44581.3;44991.6;45401.9;45812.2;46222.5;46632.8;47043.1
SIERADZKI;115139.0;115831.90000000001;116524.80000000002;117217.69999999998;117910.6;118603.5;119296.40000000001;119989.29999999999;120682.20000000001;121375.09999999999;122068.0;122760.9;123453.8;124146.7;124839.6;125532.5;126225.4;126918.3
CZARNKOWSKI;36500.0;36361.6;36223.2;36084.8;35946.4;35808.0;35669.6;35531.2;35392.8;35254.4;35116.0;34977.6;34839.2;34700.8;34562.4;34424.0;34285.6;34147.2
RADOMSKI;128344.0;130102.5;131861.0;133619.5;135378.0;137136.5;138895.0;140653.5;142412.0;144170.5;145929.0;147687.5;149446.0;151204.5;152963.0;154721.5;156480.0;158238.5
KOWELSKI;146792.0;154558.00000000003;162324.0;170090.0;177856.0;185622.0;193388.0;201154.0;208920.0;216686.0;224452.0;232218.0;239984.0;247750.0;255516.0;263282.0;271048.0;278814.0
WILEJSKI;105023.0;107068.2;109113.40000000001;111158.59999999999;113203.79999999999;115249.0;117294.20000000001;119339.40000000001;121384.59999999999;123429.8;125475.0;127520.2;129565.4;131610.6;133655.8;135701.0;137746.2;139791.4
KROŚNIEŃSKI;89591.0;90542.40000000001;91493.8;92445.2;93396.6;94348.0;95299.4;96250.8;97202.2;98153.6;99105.0;100056.4;101007.8;101959.2;102910.6;103862.0;104813.4;105764.8
OSZMIAŃSKI;66673.09874964214;69285.23931228757;71897.37987493299;74509.5204375784;77121.66100022382;79733.80156286922;82345.94212551464;84958.08268816007;87570.22325080549;90182.3638134509;92794.50437609632;95406.64493874174;98018.78550138714;100630.92606403257;103243.06662667799;105855.20718932341;108467.34775196882;111079.48831461424
JAROSŁAWSKI;113945.0;114704.0;115463.0;116222.0;116981.0;117740.0;118499.0;119258.0;120017.0;120776.0;121535.0;122294.0;123053.0;123812.0;124571.0;125330.0;126089.0;126848.0
CHEŁMIŃSKI;37370.0;37656.4;37942.8;38229.2;38515.6;38802.0;39088.399999999994;39374.8;39661.2;39947.6;40234.0;40520.4;40806.8;41093.2;41379.6;41666.0;41952.4;42238.8
ŚWIĘTOCHŁOWICKI;138867.71302832672;140333.44172549405;141799.17042266138;143264.8991198287;144730.627816996;146196.35651416337;147662.08521133068;149127.81390849804;150593.54260566534;152059.27130283267;153525.0;154990.72869716733;156456.45739433466;157922.186091502;159387.91478866932;160853.64348583663;162319.37218300396;163785.1008801713
NOWOSĄDECKI;113853.0;115760.3;117667.6;119574.9;121482.20000000001;123389.5;125296.79999999999;127204.1;129111.4;131018.70000000001;132926.0;134833.3;136740.6;138647.9;140555.2;142462.5;144369.8;146277.1
KOŚCIERSKI;40052.0;40134.9;40217.8;40300.7;40383.600000000006;40466.5;40549.4;40632.3;40715.2;40798.1;40881.0;40963.9;41046.8;41129.7;41212.6;41295.5;41378.4;41461.3
BARANOWICKI;104647.0;107542.1;110437.20000000001;113332.29999999999;116227.4;119122.5;122017.6;124912.7;127807.8;130702.9;133598.0;136493.1;139388.2;142283.3;145178.4;148073.5;150968.6;153863.7
ŚWIECKI;71164.0;71507.4;71850.8;72194.2;72537.6;72881.0;73224.4;73567.8;73911.2;74254.59999999999;74598.0;74941.4;75284.8;75628.2;75971.6;76315.0;76658.4;77001.8
LUBARTOWSKI;86373.0;87368.0;88363.00000000001;89358.0;90353.0;91348.0;92343.0;93338.0;94333.0;95328.0;96323.0;97318.0;98313.0;99308.0;100303.0;101298.0;102293.0;103288.0
GRÓDECKI;60559.0;61449.9;62340.8;63231.7;64122.600000000006;65013.5;65904.4;66795.3;67686.2;68577.1;69468.0;70358.9;71249.8;72140.7;73031.6;73922.5;74813.4;75704.3
RAWSKI (RAWA MAZOWIECKA);68849.0;69721.3;70593.6;71465.9;72338.20000000001;73210.5;74082.8;74955.1;75827.40000000001;76699.7;77572.0;78444.3;79316.6;80188.9;81061.2;81933.5;82805.8;83678.1
BĘDZIŃSKI;183426.0;187415.2;191404.40000000002;195393.59999999998;199382.8;203372.0;207361.2;211350.4;215339.6;219328.80000000002;223318.0;227307.2;231296.4;235285.6;239274.8;243264.0;247253.2;251242.4
DOBROMILSKI;79880.0;80902.6;81925.2;82947.8;83970.4;84993.0;86015.6;87038.2;88060.8;89083.40000000001;90106.0;91128.6;92151.2;93173.8;94196.4;95219.0;96241.6;97264.2
KOBRYŃSKI;63797.0;67804.40000000001;71811.8;75819.2;79826.6;83834.0;87841.4;91848.8;95856.2;99863.6;103871.0;107878.4;111885.8;115893.2;119900.6;123908.0;127915.4;131922.8
BRZEŻAŃSKI;72820.0;74141.9;75463.8;76785.7;78107.6;79429.5;80751.4;82073.3;83395.2;84717.1;86039.0;87360.9;88682.8;90004.7;91326.6;92648.5;93970.4;95292.3
PRZEWORSKI;51102.0;51298.3;51494.600000000006;51690.899999999994;51887.2;52083.5;52279.8;52476.100000000006;52672.399999999994;52868.7;53065.0;53261.3;53457.6;53653.9;53850.2;54046.5;54242.8;54439.1
JASIELSKI;96479.0;97434.5;98390.0;99345.5;100301.0;101256.5;102212.0;103167.5;104123.0;105078.5;106034.0;106989.5;107945.0;108900.5;109856.0;110811.5;111767.0;112722.5
ŁĘCZYCKI;94467.0;94677.40000000001;94887.8;95098.2;95308.6;95519.0;95729.4;95939.8;96150.2;96360.6;96571.0;96781.4;96991.8;97202.2;97412.6;97623.0;97833.4;98043.8
NIŻAŃSKI;52863.0;53059.100000000006;53255.200000000004;53451.3;53647.4;53843.5;54039.600000000006;54235.7;54431.8;54627.899999999994;54824.0;55020.1;55216.2;55412.3;55608.4;55804.5;56000.6;56196.7
WĄGROWIECKI;44674.0;44551.1;44428.200000000004;44305.3;44182.399999999994;44059.5;43936.600000000006;43813.7;43690.799999999996;43567.9;43445.0;43322.1;43199.2;43076.3;42953.4;42830.5;42707.6;42584.7
WŁOSZCZOWSKI;80190.0;80675.7;81161.4;81647.1;82132.8;82618.5;83104.2;83589.9;84075.6;84561.3;85047.0;85532.7;86018.4;86504.1;86989.8;87475.5;87961.2;88446.9
BORSZCZOWSKI;83681.0;84520.3;85359.6;86198.9;87038.2;87877.5;88716.8;89556.1;90395.4;91234.70000000001;92074.0;92913.3;93752.6;94591.9;95431.2;96270.5;97109.8;97949.1
ŁAŃCUCKI;80035.0;80486.0;80937.0;81388.0;81839.0;82290.0;82741.0;83192.0;83643.0;84094.0;84545.0;84996.0;85447.0;85898.0;86349.0;86800.0;87251.0;87702.0
SOKÓLSKI;77751.0;79020.00000000001;80289.0;81558.0;82827.0;84096.0;85365.0;86634.0;87903.0;89172.0;90441.0;91710.0;92979.0;94248.0;95517.0;96786.0;98055.0;99324.0
BIELSKO;55367.06582074665;55866.259238671984;56365.45265659732;56864.64607452265;57363.839492447994;57863.032910373324;58362.22632829866;58861.419746224;59360.613164149334;59859.80658207466;60359.0;60858.19341792534;61357.38683585067;61856.580253776;62355.77367170134;62854.967089626676;63354.16050755201;63853.35392547735
ZDOŁBUNOWSKI;79298.0;80883.3;82468.6;84053.9;85639.2;87224.5;88809.8;90395.1;91980.4;93565.70000000001;95151.0;96736.3;98321.6;99906.9;101492.2;103077.5;104662.8;106248.1
MŁAWSKI;71857.0;73026.0;74195.0;75364.0;76533.0;77702.0;78871.0;80040.0;81209.0;82378.0;83547.0;84716.0;85885.0;87054.0;88223.0;89392.0;90561.0;91730.0
JAROCIŃSKI;70788.0;70579.0;70370.0;70161.0;69952.0;69743.0;69534.0;69325.0;69116.0;68907.0;68698.0;68489.0;68280.0;68071.0;67862.0;67653.0;67444.0;67235.0
CZĘSTOCHOWSKI;134018.0;137379.6;140741.2;144102.8;147464.40000000002;150826.0;154187.6;157549.2;160910.80000000002;164272.4;167634.0;170995.6;174357.2;177718.8;181080.4;184442.0;187803.6;191165.2
RÓWIEŃSKI;168395.0;172353.9;176312.8;180271.69999999998;184230.6;188189.5;192148.4;196107.3;200066.2;204025.1;207984.0;211942.9;215901.8;219860.7;223819.6;227778.5;231737.4;235696.3
KOPYCZYNIECKI;80852.0;81364.3;81876.6;82388.9;82901.2;83413.5;83925.8;84438.09999999999;84950.4;85462.7;85975.0;86487.3;86999.6;87511.9;88024.2;88536.5;89048.8;89561.1
KRASNOSTAWSKI;108137.0;109695.70000000001;111254.40000000001;112813.09999999999;114371.8;115930.5;117489.2;119047.9;120606.6;122165.3;123724.0;125282.7;126841.4;128400.1;129958.8;131517.5;133076.2;134634.9
ŻYDACZOWSKI;59643.0;60421.700000000004;61200.4;61979.1;62757.799999999996;63536.5;64315.2;65093.9;65872.59999999999;66651.3;67430.0;68208.7;68987.4;69766.1;70544.8;71323.5;72102.2;72880.9
STOPNICKI;128945.0;130051.9;131158.8;132265.7;133372.6;134479.5;135586.4;136693.3;137800.2;138907.1;140014.0;141120.9;142227.8;143334.7;144441.6;145548.5;146655.4;147762.3
JAWOROWSKI;67833.0;68486.3;69139.6;69792.9;70446.2;71099.5;71752.8;72406.1;73059.4;73712.70000000001;74366.0;75019.3;75672.6;76325.9;76979.2;77632.5;78285.8;78939.1
SZAMOTULSKI;50301.0;50223.9;50146.8;50069.7;49992.6;49915.5;49838.4;49761.3;49684.2;49607.1;49530.0;49452.9;49375.8;49298.7;49221.6;49144.5;49067.4;48990.3
CHODZIESKI;30821.0;30817.0;30813.000000000004;30808.999999999996;30805.0;30801.0;30797.0;30793.0;30789.0;30785.0;30781.0;30777.0;30773.0;30769.0;30765.0;30761.0;30757.0;30753.0
SZCZUCZYŃSKI (WOJ. NOWOGRÓDZKIE);79699.0;82185.3;84671.6;87157.9;89644.20000000001;92130.5;94616.8;97103.1;99589.4;102075.7;104562.0;107048.3;109534.6;112020.9;114507.2;116993.5;119479.8;121966.1
MIECHOWSKI;133851.27705793089;134312.5222119462;134773.76736596148;135235.01251997676;135696.25767399208;136157.50282800736;136618.74798202264;137079.99313603796;137541.23829005324;138002.48344406852;138463.72859808384;138924.97375209912;139386.21890611443;139847.4640601297;140308.70921414503;140769.9543681603;141231.1995221756;141692.4446761909
WADOWICKI;110184.0;111429.5;112675.00000000001;113920.49999999999;115166.0;116411.5;117657.0;118902.5;120148.0;121393.5;122639.0;123884.5;125130.0;126375.5;127621.0;128866.5;130112.0;131357.5
KIELECKI;131125.0;133559.6;135994.2;138428.8;140863.4;143298.0;145732.59999999998;148167.2;150601.8;153036.4;155471.0;157905.6;160340.2;162774.8;165209.4;167644.0;170078.6;172513.2
KAŁUSKI;76521.0;77881.00000000001;79241.0;80601.0;81961.0;83321.0;84681.0;86041.0;87401.0;88761.0;90121.0;91481.0;92841.0;94201.0;95561.0;96921.0;98281.0;99641.0
LUBELSKI;139548.0;141918.0;144288.0;146658.0;149028.0;151398.0;153768.0;156138.0;158508.0;160878.0;163248.0;165618.0;167988.0;170358.0;172728.0;175098.0;177468.0;179838.0
WŁODAWSKI;63695.0;66360.6;69026.2;71691.8;74357.4;77023.0;79688.6;82354.2;85019.8;87685.40000000001;90351.0;93016.6;95682.2;98347.8;101013.4;103679.0;106344.6;109010.2
OPATOWSKI;131835.0;133756.0;135677.0;137598.0;139519.0;141440.0;143361.0;145282.0;147203.0;149124.0;151045.0;152966.0;154887.0;156808.0;158729.0;160650.0;162571.0;164492.0
NIEŚWIESKI;88774.0;90014.3;91254.6;92494.9;93735.20000000001;94975.5;96215.79999999999;97456.1;98696.4;99936.7;101177.0;102417.3;103657.6;104897.9;106138.2;107378.5;108618.8;109859.1
JĘDRZEJOWSKI;84272.72294206913;84828.17778805384;85383.63263403854;85939.08748002324;86494.54232600794;87049.99717199264;87605.45201797734;88160.90686396204;88716.36170994674;89271.81655593145;89827.27140191615;90382.72624790085;90938.18109388555;91493.63593987026;92049.09078585496;92604.54563183966;93160.00047782436;93715.45532380906
GARWOLIŃSKI;132251.0;133543.6;134836.2;136128.8;137421.4;138714.0;140006.6;141299.2;142591.8;143884.4;145177.0;146469.6;147762.2;149054.8;150347.4;151640.0;152932.6;154225.2
GORLICKI;83234.0;84312.6;85391.2;86469.79999999999;87548.4;88627.0;89705.6;90784.20000000001;91862.79999999999;92941.4;94020.0;95098.6;96177.2;97255.8;98334.4;99413.0;100491.6;101570.2
JANOWSKI;116173.0;117959.3;119745.6;121531.9;123318.20000000001;125104.5;126890.79999999999;128677.1;130463.4;132249.7;134036.0;135822.3;137608.6;139394.9;141181.2;142967.5;144753.8;146540.1
BIALSKI (BIAŁA KRAKOWSKA);77882.0;79648.90000000001;81415.8;83182.7;84949.6;86716.5;88483.4;90250.3;92017.2;93784.1;95551.0;97317.9;99084.8;100851.7;102618.6;104385.5;106152.4;107919.3
ŁUCKI;179137.0;185700.40000000002;192263.80000000002;198827.2;205390.6;211954.0;218517.40000000002;225080.8;231644.2;238207.59999999998;244771.0;251334.4;257897.8;264461.2;271024.6;277588.0;284151.4;290714.8
SARNEŃSKI;121874.0;126372.40000000001;130870.80000000002;135369.19999999998;139867.59999999998;144366.0;148864.40000000002;153362.8;157861.19999999998;162359.6;166858.0;171356.4;175854.8;180353.2;184851.6;189350.0;193848.4;198346.8
LIMANOWSKI;75983.0;76891.0;77799.0;78707.0;79615.0;80523.0;81431.0;82339.0;83247.0;84155.0;85063.0;85971.0;86879.0;87787.0;88695.0;89603.0;90511.0;91419.0
DUBIEŃSKI;163697.0;168187.7;172678.40000000002;177169.09999999998;181659.8;186150.5;190641.2;195131.9;199622.6;204113.3;208604.0;213094.7;217585.4;222076.1;226566.8;231057.5;235548.2;240038.9
ŁOMŻYŃSKI;106885.0;108501.0;110117.0;111733.0;113349.0;114965.0;116581.0;118197.0;119813.0;121429.0;123045.0;124661.0;126277.0;127893.0;129509.0;131125.0;132741.0;134357.0
BRZESKI (BRZESKO);93053.0;93603.1;94153.20000000001;94703.29999999999;95253.4;95803.5;96353.6;96903.7;97453.8;98003.90000000001;98554.0;99104.1;99654.2;100204.3;100754.4;101304.5;101854.6;102404.7
LUBACZOWSKI;73151.0;73671.90000000001;74192.8;74713.7;75234.6;75755.5;76276.4;76797.3;77318.2;77839.1;78360.0;78880.9;79401.8;79922.7;80443.6;80964.5;81485.4;82006.3
KAMIONECKI;68080.0;68689.6;69299.2;69908.8;70518.4;71128.0;71737.6;72347.2;72956.8;73566.40000000001;74176.0;74785.6;75395.2;76004.8;76614.4;77224.0;77833.6;78443.2
KOLSKI;90926.0;91548.1;92170.20000000001;92792.29999999999;93414.4;94036.5;94658.6;95280.7;95902.8;96524.9;97147.0;97769.1;98391.2;99013.3;99635.4;100257.5;100879.6;101501.7
LUBOMELSKI;52936.0;55782.0;58628.0;61474.0;64320.0;67166.0;70012.0;72858.0;75704.0;78550.0;81396.0;84242.0;87088.0;89934.0;92780.0;95626.0;98472.0;101318.0
LIPNOWSKI;80588.0;81653.9;82719.8;83785.7;84851.6;85917.5;86983.4;88049.3;89115.2;90181.1;91247.0;92312.9;93378.8;94444.7;95510.6;96576.5;97642.4;98708.3
TREMBOWELSKI;68979.0;69249.4;69519.8;69790.2;70060.6;70331.0;70601.4;70871.8;71142.2;71412.6;71683.0;71953.4;72223.8;72494.2;72764.6;73035.0;73305.4;73575.8
BRZESKI (BRZEŚĆ N.BUG.);85400.93199141206;93112.29184598723;100823.65170056239;108535.01155513755;116246.37140971274;123957.7312642879;131669.09111886306;139380.45097343822;147091.8108280134;154803.17068258856;162514.53053716372;170225.89039173888;177937.25024631404;185648.61010088923;193359.9699554644;201071.32981003955;208782.68966461474;216494.0495191899
TŁUMACKI;85063.0;86272.5;87482.00000000001;88691.5;89901.0;91110.5;92320.0;93529.5;94739.0;95948.5;97158.0;98367.5;99577.0;100786.5;101996.0;103205.5;104415.0;105624.5
MOŁODECZAŃSKI;71220.66666666667;72373.3;73525.93333333335;74678.56666666667;75831.20000000001;76983.83333333334;78136.46666666667;79289.1;80441.73333333334;81594.36666666667;82747.0;83899.63333333333;85052.26666666666;86204.9;87357.53333333333;88510.16666666666;89662.8;90815.43333333333
MORSKI;56950.0;58444.5;59939.0;61433.5;62928.0;64422.5;65917.0;67411.5;68906.0;70400.5;71895.0;73389.5;74884.0;76378.5;77873.0;79367.5;80862.0;82356.5
BYDGOSKI;42237.0;42367.100000000006;42497.2;42627.299999999996;42757.4;42887.5;43017.6;43147.7;43277.8;43407.9;43538.0;43668.1;43798.2;43928.3;44058.4;44188.5;44318.6;44448.7
LWÓW (MIASTO);1.0;1.0;1.0;1.0;1.0;1.0;1.0;1.0;1.0;1.0;1.0;1.0;1.0;1.0;1.0;1.0;1.0;1.0
ROPCZYCKI;88264.0;88897.20000000001;89530.4;90163.59999999999;90796.8;91430.0;92063.2;92696.4;93329.6;93962.8;94596.0;95229.2;95862.4;96495.6;97128.8;97762.0;98395.2;99028.4
KOLBUSZOWSKI;60886.0;61079.0;61272.0;61465.0;61658.0;61851.0;62044.0;62237.0;62430.0;62623.0;62816.0;63009.0;63202.0;63395.0;63588.0;63781.0;63974.0;64167.0
WŁODZIMIERSKI;97684.0;102475.90000000001;107267.8;112059.70000000001;116851.6;121643.5;126435.4;131227.3;136019.2;140811.1;145603.0;150394.9;155186.8;159978.7;164770.6;169562.5;174354.4;179146.3
ŁÓDZKI;66710.0;69932.8;73155.6;76378.4;79601.20000000001;82824.0;86046.79999999999;89269.59999999999;92492.40000000001;95715.2;98938.0;102160.8;105383.6;108606.4;111829.2;115052.0;118274.8;121497.6
LESKI;85464.0;87284.40000000001;89104.8;90925.2;92745.6;94566.0;96386.4;98206.79999999999;100027.20000000001;101847.59999999999;103668.0;105488.4;107308.8;109129.2;110949.6;112770.0;114590.4;116410.8
GOSTYŃSKI;44065.0;43863.7;43662.4;43461.1;43259.8;43058.5;42857.2;42655.9;42454.6;42253.3;42052.0;41850.7;41649.4;41448.1;41246.8;41045.5;40844.2;40642.9
OBORNICKI;37327.0;37269.600000000006;37212.200000000004;37154.799999999996;37097.4;37040.0;36982.6;36925.2;36867.8;36810.4;36753.0;36695.6;36638.2;36580.8;36523.4;36466.0;36408.6;36351.2
WŁOCŁAWSKI;64747.0;65396.700000000004;66046.40000000001;66696.09999999999;67345.8;67995.5;68645.20000000001;69294.9;69944.6;70594.3;71244.0;71893.7;72543.4;73193.1;73842.8;74492.5;75142.2;75791.9
KRAKÓW (MIASTO);1.0;1.0;1.0;1.0;1.0;1.0;1.0;1.0;1.0;1.0;1.0;1.0;1.0;1.0;1.0;1.0;1.0;1.0
PRZEMYSKI;98638.0;99890.7;101143.40000000001;102396.09999999999;103648.79999999999;104901.5;106154.20000000001;107406.90000000001;108659.59999999999;109912.3;111165.0;112417.7;113670.4;114923.1;116175.8;117428.5;118681.2;119933.9
WILNO (MIASTO);1.0;1.0;1.0;1.0;1.0;1.0;1.0;1.0;1.0;1.0;1.0;1.0;1.0;1.0;1.0;1.0;1.0;1.0
WYSOKOMAZOWIECKI;61632.0;62379.3;63126.600000000006;63873.899999999994;64621.2;65368.5;66115.8;66863.1;67610.4;68357.7;69105.0;69852.3;70599.6;71346.9;72094.2;72841.5;73588.8;74336.1
ZAMOJSKI;110146.0;111658.90000000001;113171.8;114684.7;116197.59999999999;117710.5;119223.4;120736.3;122249.2;123762.09999999999;125275.0;126787.9;128300.8;129813.7;131326.6;132839.5;134352.4;135865.3
ŚNIATYŃSKI;56424.0;56838.5;57253.00000000001;57667.5;58082.0;58496.5;58911.0;59325.5;59740.0;60154.5;60569.0;60983.5;61398.0;61812.5;62227.0;62641.5;63056.0;63470.5
SAMBORSKI;99951.0;100639.50000000001;101328.0;102016.5;102705.0;103393.5;104082.0;104770.5;105459.0;106147.5;106836.0;107524.5;108213.0;108901.5;109590.0;110278.5;110967.0;111655.5
MIŃSKI;79273.0;80274.8;81276.6;82278.4;83280.2;84282.0;85283.8;86285.6;87287.4;88289.20000000001;89291.0;90292.8;91294.6;92296.4;93298.2;94300.0;95301.8;96303.6
KARTUSKI;60687.0;60980.200000000004;61273.40000000001;61566.59999999999;61859.8;62153.0;62446.200000000004;62739.399999999994;63032.600000000006;63325.799999999996;63619.0;63912.2;64205.4;64498.6;64791.8;65085.0;65378.2;65671.4
BÓBRECKI;78890.0;80169.3;81448.6;82727.9;84007.20000000001;85286.5;86565.79999999999;87845.1;89124.40000000001;90403.7;91683.0;92962.3;94241.6;95520.9;96800.2;98079.5;99358.8;100638.1
BIELSKI (BIELSK PODLASKI);123511.0;129162.30000000002;134813.6;140464.9;146116.2;151767.5;157418.8;163070.09999999998;168721.4;174372.7;180024.0;185675.3;191326.6;196977.9;202629.2;208280.5;213931.8;219583.1
STAROGARDZKI;53567.0;54057.600000000006;54548.200000000004;55038.79999999999;55529.399999999994;56020.0;56510.6;57001.2;57491.8;57982.4;58473.0;58963.6;59454.2;59944.8;60435.4;60926.0;61416.6;61907.2
SIEDLECKI;95357.0;96438.40000000001;97519.8;98601.2;99682.6;100764.0;101845.4;102926.8;104008.2;105089.6;106171.0;107252.4;108333.8;109415.2;110496.6;111578.0;112659.4;113740.8
KRAKOWSKI;133587.0;137769.0;141951.0;146133.0;150315.0;154497.0;158679.0;162861.0;167043.0;171225.0;175407.0;179589.0;183771.0;187953.0;192135.0;196317.0;200499.0;204681.0
DZIAŁDOWSKI;32730.0;32815.1;32900.2;32985.3;33070.4;33155.5;33240.6;33325.7;33410.8;33495.9;33581.0;33666.1;33751.2;33836.3;33921.4;34006.5;34091.6;34176.7
CIECHANOWSKI;56421.0;57259.8;58098.600000000006;58937.399999999994;59776.2;60615.0;61453.8;62292.6;63131.4;63970.2;64809.0;65647.8;66486.6;67325.4;68164.2;69003.0;69841.8;70680.6
HOROCHOWSKI;81577.0;84393.3;87209.6;90025.9;92842.2;95658.5;98474.8;101291.1;104107.4;106923.7;109740.0;112556.3;115372.6;118188.9;121005.2;123821.5;126637.8;129454.1
KUTNOWSKI;70522.0;70745.8;70969.6;71193.4;71417.2;71641.0;71864.8;72088.6;72312.4;72536.2;72760.0;72983.8;73207.6;73431.4;73655.2;73879.0;74102.8;74326.6
PIŃCZOWSKI;103636.0;104291.6;104947.20000000001;105602.79999999999;106258.4;106914.0;107569.6;108225.2;108880.8;109536.4;110192.0;110847.6;111503.2;112158.8;112814.4;113470.0;114125.6;114781.2
CHOJNICKI;53092.0;53275.100000000006;53458.200000000004;53641.29999999999;53824.399999999994;54007.5;54190.6;54373.7;54556.8;54739.9;54923.0;55106.1;55289.2;55472.3;55655.4;55838.5;56021.6;56204.7
IWACEWICKI;42531.0;45923.3;49315.600000000006;52707.899999999994;56100.2;59492.5;62884.8;66277.09999999999;69669.40000000001;73061.70000000001;76454.0;79846.3;83238.6;86630.9;90023.2;93415.5;96807.8;100200.1
ŻYWIECKI;98922.0;100867.1;102812.20000000001;104757.29999999999;106702.4;108647.5;110592.6;112537.7;114482.8;116427.9;118373.0;120318.1;122263.2;124208.3;126153.4;128098.5;130043.6;131988.7
TARNOGÓRSKI;44711.7962358263;44881.716612243676;45051.63698866105;45221.557365078406;45391.47774149578;45561.39811791315;45731.318494330524;45901.23887074789;46071.15924716526;46241.07962358263;46411.0;46580.92037641737;46750.84075283474;46920.76112925211;47090.681505669476;47260.60188208685;47430.52225850422;47600.44263492159
LUBAWSKI;43484.0;43498.6;43513.200000000004;43527.8;43542.399999999994;43557.0;43571.600000000006;43586.2;43600.799999999996;43615.4;43630.0;43644.6;43659.2;43673.8;43688.4;43703.0;43717.6;43732.2
TURECKI;85479.0;85526.90000000001;85574.8;85622.7;85670.6;85718.5;85766.4;85814.3;85862.20000000001;85910.09999999999;85958.0;86005.9;86053.8;86101.7;86149.6;86197.5;86245.4;86293.3
PRUŻAŃSKI;58269.0;62047.0;65825.0;69603.0;73381.0;77159.0;80937.0;84715.0;88493.0;92271.0;96049.0;99827.0;103605.0;107383.0;111161.0;114939.0;118717.0;122495.0
ŁOWICKI;82575.0;83034.7;83494.4;83954.09999999999;84413.8;84873.5;85333.2;85792.9;86252.6;86712.3;87172.0;87631.7;88091.4;88551.1;89010.8;89470.5;89930.2;90389.9
RZESZOWSKI;136344.0;137142.30000000002;137940.6;138738.9;139537.2;140335.5;141133.8;141932.1;142730.4;143528.7;144327.0;145125.3;145923.6;146721.9;147520.2;148318.5;149116.8;149915.1
WARSZAWSKI;138562.0;151185.7;163809.40000000002;176433.09999999998;189056.8;201680.5;214304.2;226927.9;239551.6;252175.3;264799.0;277422.7;290046.4;302670.1;315293.8;327917.5;340541.2;353164.9
IŁŻECKI;127067.0;129084.3;131101.6;133118.9;135136.2;137153.5;139170.8;141188.1;143205.4;145222.7;147240.0;149257.3;151274.6;153291.9;155309.2;157326.5;159343.8;161361.1
BRZOZOWSKI;74947.0;75348.6;75750.20000000001;76151.79999999999;76553.4;76955.0;77356.6;77758.2;78159.8;78561.4;78963.0;79364.6;79766.2;80167.8;80569.4;80971.0;81372.6;81774.2
PIOTRKOWSKI;143288.0;144551.9;145815.80000000002;147079.69999999998;148343.6;149607.5;150871.4;152135.3;153399.2;154663.1;155927.0;157190.9;158454.8;159718.7;160982.6;162246.5;163510.4;164774.3
SĘPOLEŃSKI;23771.0;23824.2;23877.4;23930.6;23983.800000000003;24037.0;24090.199999999997;24143.4;24196.6;24249.8;24303.0;24356.2;24409.4;24462.6;24515.8;24569.0;24622.2;24675.4
POZNAŃSKI;70322.0;71365.2;72408.40000000001;73451.59999999999;74494.8;75538.0;76581.20000000001;77624.4;78667.6;79710.8;80754.0;81797.2;82840.4;83883.6;84926.8;85970.0;87013.2;88056.4
TARNOPOLSKI;96014.0;96737.90000000001;97461.8;98185.7;98909.6;99633.5;100357.4;101081.29999999999;101805.20000000001;102529.09999999999;103253.0;103976.9;104700.8;105424.7;106148.6;106872.5;107596.4;108320.3
WILEŃSKO-TROCKI;157606.38237564868;162372.7937004742;167139.20502529969;171905.61635012517;176672.0276749507;181438.43899977618;186204.85032460166;190971.26164942718;195737.6729742527;200504.08429907815;205270.49562390367;210036.90694872916;214803.31827355467;219569.72959838016;224336.14092320568;229102.55224803116;233868.96357285668;238635.37489768217
KROTOSZYŃSKI;50567.0;50231.0;49895.00000000001;49558.99999999999;49223.0;48887.0;48551.0;48215.0;47879.0;47543.0;47207.0;46871.0;46535.0;46199.0;45863.0;45527.0;45191.0;44855.0
GRODZIEŃSKI;98930.0;103979.2;109028.4;114077.6;119126.8;124176.0;129225.2;134274.4;139323.6;144372.80000000002;149422.0;154471.2;159520.4;164569.6;169618.8;174668.0;179717.2;184766.4
KOSOWSKI (KOSÓW HUCULSKI);73346.0;74301.00000000001;75256.0;76211.0;77166.0;78121.0;79076.0;80031.0;80986.0;81941.0;82896.0;83851.0;84806.0;85761.0;86716.0;87671.0;88626.0;89581.0
TURCZAŃSKI;87123.0;88841.9;90560.80000000002;92279.7;93998.6;95717.5;97436.4;99155.3;100874.2;102593.1;104312.0;106030.9;107749.8;109468.7;111187.6;112906.5;114625.4;116344.3
PŁOCKI;79702.0;80813.2;81924.40000000001;83035.59999999999;84146.79999999999;85258.0;86369.20000000001;87480.4;88591.59999999999;89702.8;90814.0;91925.2;93036.4;94147.6;95258.8;96370.0;97481.2;98592.4
RADZYMIŃSKI;61169.0;62796.5;64424.00000000001;66051.5;67679.0;69306.5;70934.0;72561.5;74189.0;75816.5;77444.0;79071.5;80699.0;82326.5;83954.0;85581.5;87209.0;88836.5
WYRZYSKI;46939.0;47002.1;47065.200000000004;47128.299999999996;47191.399999999994;47254.5;47317.600000000006;47380.700000000004;47443.799999999996;47506.9;47570.0;47633.1;47696.2;47759.3;47822.4;47885.5;47948.6;48011.7
DROHOBYCKI;102894.0;104619.70000000001;106345.40000000001;108071.09999999998;109796.79999999999;111522.5;113248.2;114973.9;116699.6;118425.3;120151.0;121876.7;123602.4;125328.1;127053.8;128779.5;130505.2;132230.9
KONIŃSKI;159899.0;160896.4;161893.80000000002;162891.19999999998;163888.59999999998;164886.0;165883.40000000002;166880.8;167878.19999999998;168875.6;169873.0;170870.4;171867.8;172865.2;173862.6;174860.0;175857.4;176854.8
ŁASKI;105977.0;107356.20000000001;108735.40000000001;110114.59999999999;111493.8;112873.0;114252.2;115631.4;117010.6;118389.8;119769.0;121148.2;122527.4;123906.6;125285.8;126665.0;128044.2;129423.4
RYPIŃSKI;67847.0;68888.2;69929.40000000001;70970.59999999999;72011.8;73053.0;74094.20000000001;75135.4;76176.6;77217.8;78259.0;79300.2;80341.4;81382.6;82423.8;83465.0;84506.2;85547.4
KOSZYRSKI;53976.0;56413.600000000006;58851.200000000004;61288.799999999996;63726.4;66164.0;68601.6;71039.2;73476.8;75914.4;78352.0;80789.6;83227.2;85664.8;88102.4;90540.0;92977.6;95415.2
WĘGROWSKI;72162.0;72883.0;73604.0;74325.0;75046.0;75767.0;76488.0;77209.0;77930.0;78651.0;79372.0;80093.0;80814.0;81535.0;82256.0;82977.0;83698.0;84419.0
WOŁOŻYŃSKI;86716.0;89035.70000000001;91355.40000000001;93675.1;95994.8;98314.5;100634.20000000001;102953.9;105273.6;107593.29999999999;109913.0;112232.7;114552.4;116872.1;119191.8;121511.5;123831.2;126150.9
GRÓJECKI;102435.0;102647.1;102859.2;103071.3;103283.4;103495.5;103707.6;103919.7;104131.8;104343.90000000001;104556.0;104768.1;104980.2;105192.3;105404.4;105616.5;105828.6;106040.7
PSZCZYŃSKI;112095.30687864394;114911.07619077955;117726.84550291517;120542.61481505077;123358.38412718638;126174.15343932196;128989.92275145758;131805.6920635932;134621.4613757288;137437.2306878644;140253.0;143068.7693121356;145884.53862427123;148700.3079364068;151516.07724854242;154331.84656067804;157147.61587281362;159963.38518494923
BRZEZIŃSKI;79562.0;80787.3;82012.6;83237.9;84463.2;85688.5;86913.8;88139.09999999999;89364.4;90589.7;91815.0;93040.3;94265.6;95490.9;96716.2;97941.5;99166.8;100392.1
ŁÓDŹ (MIASTO);1.0;1.0;1.0;1.0;1.0;1.0;1.0;1.0;1.0;1.0;1.0;1.0;1.0;1.0;1.0;1.0;1.0;1.0
STOŁPECKI;77113.7356230854;78541.91803534955;79970.10044761369;81398.28285987781;82826.46527214196;84254.6476844061;85682.83009667024;87111.01250893436;88539.1949211985;89967.37733346265;91395.55974572679;92823.74215799093;94251.92457025507;95680.1069825192;97108.28939478334;98536.47180704748;99964.65421931162;101392.83663157576
WĄBRZESKI;29801.0;29754.300000000003;29707.600000000002;29660.899999999994;29614.199999999997;29567.5;29520.8;29474.1;29427.4;29380.7;29334.0;29287.3;29240.6;29193.9;29147.2;29100.5;29053.8;29007.1
BRODNICKI;44215.0;44389.5;44564.0;44738.5;44913.0;45087.5;45262.0;45436.5;45611.0;45785.5;45960.0;46134.5;46309.0;46483.5;46658.0;46832.5;47007.0;47181.5
KOSTOPOLSKI;112466.0;116241.6;120017.20000000001;123792.79999999999;127568.4;131344.0;135119.6;138895.2;142670.8;146446.40000000002;150222.0;153997.6;157773.2;161548.8;165324.4;169100.0;172875.6;176651.2
GRUDZIĄDZKI;38550.0;38886.3;39222.6;39558.9;39895.2;40231.5;40567.8;40904.1;41240.4;41576.700000000004;41913.0;42249.3;42585.6;42921.9;43258.2;43594.5;43930.8;44267.1
OSTROWSKI (OSTRÓW MAZOWIECKA);70496.0;71369.9;72243.8;73117.7;73991.6;74865.5;75739.4;76613.3;77487.2;78361.1;79235.0;80108.9;80982.8;81856.7;82730.6;83604.5;84478.4;85352.3
NIESZAWSKI;83891.0;85211.8;86532.6;87853.4;89174.2;90495.0;91815.8;93136.6;94457.4;95778.20000000001;97099.0;98419.8;99740.6;101061.4;102382.2;103703.0;105023.8;106344.6
SZUBIŃSKI;36514.0;36422.7;36331.4;36240.1;36148.8;36057.5;35966.2;35874.899999999994;35783.6;35692.3;35601.0;35509.7;35418.4;35327.1;35235.8;35144.5;35053.2;34961.9
KONECKI;114165.0;116386.0;118607.0;120828.0;123049.0;125270.0;127491.0;129712.0;131933.0;134154.0;136375.0;138596.0;140817.0;143038.0;145259.0;147480.0;149701.0;151922.0
RAWICKI;33203.0;32953.8;32704.600000000002;32455.399999999998;32206.2;31957.0;31707.8;31458.6;31209.4;30960.2;30711.0;30461.8;30212.6;29963.4;29714.2;29465.0;29215.8;28966.6
NOWOTOMYSKI;60956.0;60728.9;60501.8;60274.7;60047.6;59820.5;59593.4;59366.3;59139.2;58912.1;58685.0;58457.9;58230.8;58003.7;57776.6;57549.5;57322.4;57095.3
BIALSKI (BIAŁA PODLASKA);66060.5692441851;68672.21943841089;71283.86963263668;73895.51982686247;76507.17002108826;79118.82021531404;81730.47040953983;84342.12060376562;86953.77079799141;89565.4209922172;92177.07118644299;94788.72138066878;97400.37157489457;100012.02176912036;102623.67196334615;105235.32215757194;107846.97235179773;110458.62254602351
OLKUSKI;121258.0;122420.5;123583.00000000001;124745.5;125908.0;127070.5;128233.0;129395.5;130558.0;131720.5;132883.0;134045.5;135208.0;136370.5;137533.0;138695.5;139858.0;141020.5
KOZIENICKI;109562.0;111261.5;112961.0;114660.5;116360.0;118059.5;119759.0;121458.5;123158.0;124857.5;126557.0;128256.5;129956.0;131655.5;133355.0;135054.5;136754.0;138453.5
SANOCKI;86360.0;87355.6;88351.2;89346.79999999999;90342.4;91338.0;92333.6;93329.2;94324.8;95320.40000000001;96316.0;97311.6;98307.2;99302.8;100298.4;101294.0;102289.6;103285.2
WRZESIŃSKI;34723.0;34560.5;34398.0;34235.5;34073.0;33910.5;33748.0;33585.5;33423.0;33260.5;33098.0;32935.5;32773.0;32610.5;32448.0;32285.5;32123.0;31960.5
BRODZKI;70064.0;70942.3;71820.6;72698.9;73577.20000000001;74455.5;75333.8;76212.1;77090.40000000001;77968.7;78847.0;79725.3;80603.6;81481.9;82360.2;83238.5;84116.8;84995.1
CHEŁMSKI;98254.0;101740.40000000001;105226.8;108713.20000000001;112199.6;115686.0;119172.4;122658.79999999999;126145.20000000001;129631.59999999999;133118.0;136604.4;140090.8;143577.2;147063.6;150550.0;154036.4;157522.8
DROHICKI;61096.0;64410.100000000006;67724.20000000001;71038.29999999999;74352.4;77666.5;80980.6;84294.7;87608.8;90922.9;94237.0;97551.1;100865.2;104179.3;107493.4;110807.5;114121.6;117435.7
OSTROWSKI (OSTRÓW WIELKOPOLSKI);78825.0;78851.6;78878.2;78904.8;78931.4;78958.0;78984.6;79011.2;79037.8;79064.40000000001;79091.0;79117.6;79144.2;79170.8;79197.4;79224.0;79250.6;79277.2
TOMASZOWSKI;90074.0;92135.70000000001;94197.4;96259.09999999999;98320.8;100382.5;102444.19999999998;104505.9;106567.6;108629.3;110691.0;112752.7;114814.4;116876.1;118937.8;120999.5;123061.2;125122.9
KĘPIŃSKI;78166.0;78316.1;78466.20000000001;78616.29999999999;78766.4;78916.5;79066.6;79216.7;79366.8;79516.9;79667.0;79817.1;79967.2;80117.3;80267.4;80417.5;80567.6;80717.7
BOCHEŃSKI;93290.0;93643.7;93997.4;94351.09999999999;94704.8;95058.5;95412.2;95765.9;96119.6;96473.3;96827.0;97180.7;97534.4;97888.1;98241.8;98595.5;98949.2;99302.9
GNIEŹNIEŃSKI;55497.0;55256.600000000006;55016.200000000004;54775.799999999996;54535.399999999994;54295.0;54054.600000000006;53814.2;53573.8;53333.4;53093.0;52852.6;52612.2;52371.8;52131.4;51891.0;51650.6;51410.2
LUBLINIECKI;27565.74428988679;28254.769860898108;28943.79543190943;29632.82100292075;30321.846573932075;31010.872144943394;31699.897715954714;32388.923286966034;33077.94885797736;33766.97442898868;34456.0;35145.02557101132;35834.05114202264;36523.07671303397;37212.102284045286;37901.127855056606;38590.153426067925;39279.178997079245
ZŁOCZOWSKI;90124.0;90952.40000000001;91780.8;92609.2;93437.6;94266.0;95094.4;95922.79999999999;96751.20000000001;97579.59999999999;98408.0;99236.4;100064.8;100893.2;101721.6;102550.0;103378.4;104206.8
BRASŁAWSKI;122449.0;124199.70000000001;125950.40000000001;127701.09999999998;129451.79999999999;131202.5;132953.2;134703.9;136454.6;138205.30000000002;139956.0;141706.7;143457.4;145208.1;146958.8;148709.5;150460.2;152210.9
ŁUKOWSKI;96356.0;97426.50000000001;98497.0;99567.5;100638.0;101708.5;102779.0;103849.5;104920.0;105990.5;107061.0;108131.5;109202.0;110272.5;111343.0;112413.5;113484.0;114554.5
SŁONIMSKI;69566.0;73632.0;77698.0;81764.0;85830.0;89896.0;93962.0;98028.0;102094.0;106160.0;110226.0;114292.0;118358.0;122424.0;126490.0;130556.0;134622.0;138688.0
PRZASNYCKI;47573.0;48640.50000000001;49708.0;50775.5;51843.0;52910.5;53978.0;55045.5;56113.0;57180.5;58248.0;59315.5;60383.0;61450.5;62518.0;63585.5;64653.0;65720.5
ŻNIŃSKI;33634.0;33610.8;33587.6;33564.4;33541.2;33518.0;33494.8;33471.6;33448.4;33425.2;33402.0;33378.8;33355.6;33332.4;33309.2;33286.0;33262.8;33239.6
TARNOBRZESKI;63829.0;63898.9;63968.8;64038.7;64108.600000000006;64178.5;64248.399999999994;64318.3;64388.2;64458.100000000006;64528.0;64597.9;64667.8;64737.7;64807.6;64877.5;64947.4;65017.3
AUGUSTOWSKI;53622.0;54520.200000000004;55418.40000000001;56316.59999999999;57214.8;58113.0;59011.200000000004;59909.399999999994;60807.600000000006;61705.799999999996;62604.0;63502.2;64400.4;65298.6;66196.8;67095.0;67993.2;68891.4
HRUBIESZOWSKI;90251.0;92503.20000000001;94755.40000000001;97007.6;99259.8;101512.0;103764.20000000001;106016.4;108268.6;110520.79999999999;112773.0;115025.2;117277.4;119529.6;121781.8;124034.0;126286.2;128538.4
PUŁTUSKI;73521.0;74231.3;74941.6;75651.9;76362.2;77072.5;77782.8;78493.1;79203.4;79913.70000000001;80624.0;81334.3;82044.6;82754.9;83465.2;84175.5;84885.8;85596.1
SOCHACZEWSKI;57361.0;58060.8;58760.600000000006;59460.399999999994;60160.2;60860.0;61559.8;62259.6;62959.4;63659.2;64359.0;65058.8;65758.6;66458.4;67158.2;67858.0;68557.8;69257.6
NOWOGRÓDZKI;101109.2643769146;104792.18196465046;108475.09955238632;112158.01714012217;115840.93472785805;119523.8523155939;123206.76990332975;126889.68749106562;130572.6050788015;134255.52266653735;137938.4402542732;141621.35784200908;145304.27542974494;148987.1930174808;152670.11060521667;156353.0281929525;160035.94578068837;163718.86336842424
TUCHOLSKI;34628.0;34742.4;34856.8;34971.2;35085.6;35200.0;35314.4;35428.8;35543.2;35657.6;35772.0;35886.4;36000.8;36115.2;36229.6;36344.0;36458.4;36572.8
POSTAWSKI;85132.16666666666;86323.05;87513.93333333332;88704.81666666665;89895.7;91086.58333333333;92277.46666666666;93468.35;94659.23333333334;95850.11666666667;97041.0;98231.88333333333;99422.76666666666;100613.65000000001;101804.53333333334;102995.41666666667;104186.3;105377.18333333333
INOWROCŁAWSKI;47788.0;47832.00000000001;47876.0;47920.0;47964.0;48008.0;48052.0;48096.0;48140.0;48184.0;48228.0;48272.0;48316.0;48360.0;48404.0;48448.0;48492.0;48536.0
BIAŁOSTOCKI;89222.0;91669.8;94117.6;96565.4;99013.2;101461.0;103908.8;106356.6;108804.4;111252.2;113700.0;116147.8;118595.6;121043.4;123491.2;125939.0;128386.8;130834.6
DĄBROWSKI;56210.0;56411.4;56612.8;56814.2;57015.600000000006;57217.0;57418.4;57619.8;57821.200000000004;58022.6;58224.0;58425.4;58626.8;58828.2;59029.6;59231.0;59432.4;59633.8
ROHATYŃSKI;95955.0;97531.1;99107.2;100683.29999999999;102259.4;103835.5;105411.59999999999;106987.7;108563.8;110139.90000000001;111716.0;113292.1;114868.2;116444.3;118020.4;119596.5;121172.6;122748.7
ŚWIĘCIAŃSKI;113149.66666666667;114250.30000000002;115350.93333333333;116451.56666666665;117552.20000000001;118652.83333333334;119753.46666666666;120854.1;121954.73333333334;123055.36666666667;124156.0;125256.63333333333;126357.26666666666;127457.9;128558.53333333333;129659.16666666666;130759.8;131860.43333333332
ŚREMSKI;43239.0;43099.4;42959.8;42820.2;42680.6;42541.0;42401.4;42261.8;42122.2;41982.600000000006;41843.0;41703.4;41563.8;41424.2;41284.6;41145.0;41005.4;40865.8
SKAŁACKI;68750.0;69298.7;69847.4;70396.1;70944.8;71493.5;72042.2;72590.9;73139.6;73688.3;74237.0;74785.7;75334.4;75883.1;76431.8;76980.5;77529.2;78077.9
ŁUNINIECKI;73109.0;75792.90000000001;78476.8;81160.7;83844.6;86528.5;89212.4;91896.29999999999;94580.20000000001;97264.09999999999;99948.0;102631.9;105315.8;107999.7;110683.6;113367.5;116051.4;118735.3
MAKOWSKI (MAKÓW MAZOWIECKI);48632.0;49233.600000000006;49835.2;50436.8;51038.4;51640.0;52241.59999999999;52843.2;53444.8;54046.4;54648.0;55249.6;55851.2;56452.8;57054.4;57656.0;58257.6;58859.2
ZALESZCZYCKI;60276.0;61039.100000000006;61802.200000000004;62565.299999999996;63328.4;64091.5;64854.6;65617.7;66380.8;67143.9;67907.0;68670.1;69433.2;70196.3;70959.4;71722.5;72485.6;73248.7
OPOCZYŃSKI;110125.0;111272.8;112420.6;113568.4;114716.20000000001;115864.0;117011.8;118159.6;119307.40000000001;120455.2;121603.0;122750.8;123898.6;125046.4;126194.2;127342.0;128489.8;129637.6
KALISKI;128411.0;128871.40000000001;129331.8;129792.2;130252.59999999999;130713.0;131173.4;131633.8;132094.19999999998;132554.6;133015.0;133475.4;133935.8;134396.2;134856.6;135317.0;135777.4;136237.8
WIELUŃSKI;161052.0;164057.7;167063.40000000002;170069.09999999998;173074.8;176080.5;179086.2;182091.9;185097.6;188103.3;191109.0;194114.7;197120.4;200126.1;203131.8;206137.5;209143.2;212148.9
NOWOTARSKI;87604.0;88981.6;90359.2;91736.79999999999;93114.4;94492.0;95869.6;97247.20000000001;98624.79999999999;100002.4;101380.0;102757.6;104135.2;105512.8;106890.4;108268.0;109645.6;111023.2
M. ST. WARSZAWA;1.0;1.0;1.0;1.0;1.0;1.0;1.0;1.0;1.0;1.0;1.0;1.0;1.0;1.0;1.0;1.0;1.0;1.0
TCZEWSKI;35438.0;35578.9;35719.8;35860.7;36001.6;36142.5;36283.4;36424.3;36565.2;36706.100000000006;36847.0;36987.9;37128.8;37269.7;37410.6;37551.5;37692.4;37833.3
CHORZÓW;23381.072735529146;23167.265461976232;22953.45818842332;22739.6509148704;22525.843641317486;22312.036367764573;22098.22909421166;21884.421820658743;21670.61454710583;21456.807273552913;21243.0;21029.192726447087;20815.38545289417;20601.578179341257;20387.77090578834;20173.963632235427;19960.156358682514;19746.349085129597
PODHAJECKI;75488.0;76931.2;78374.4;79817.6;81260.79999999999;82704.0;84147.2;85590.4;87033.59999999999;88476.8;89920.0;91363.2;92806.4;94249.6;95692.8;97136.0;98579.2;100022.4
POZNAŃ (MIASTO);1.0;1.0;1.0;1.0;1.0;1.0;1.0;1.0;1.0;1.0;1.0;1.0;1.0;1.0;1.0;1.0;1.0;1.0
OSTROŁĘCKI;84358.0;85837.1;87316.20000000001;88795.29999999999;90274.4;91753.5;93232.6;94711.7;96190.8;97669.90000000001;99149.0;100628.1;102107.2;103586.3;105065.4;106544.5;108023.6;109502.7
RADZIECHOWSKI;56423.0;56825.3;57227.600000000006;57629.899999999994;58032.2;58434.5;58836.8;59239.1;59641.4;60043.7;60446.0;60848.3;61250.6;61652.9;62055.2;62457.5;62859.8;63262.1
SUWALSKI;71082.0;72481.40000000001;73880.8;75280.2;76679.6;78079.0;79478.4;80877.8;82277.2;83676.6;85076.0;86475.4;87874.8;89274.2;90673.6;92073.0;93472.4;94871.8
