District,Pszenica (zł za q = 100kg),Żyto (zł za q = 100kg),Jęczmień browarniany (zł za q = 100kg),Jęczmień innych gatunków (zł za q = 100kg),Owies (zł za q = 100kg),Gryka (zł za q = 100kg),Groch (zł za q = 100kg),Ziemniaki jadalne (zł za q = 100kg),Ziemniaki fabryczne (zł za q = 100kg),Siano koniczyny (zł za q = 100kg),Siano łąkowe (zł za q = 100kg),Słoma (zł za q = 100kg)
AUGUSTOWSKI,20.5,18.5,19.0,17.33,20.0,0.0,0.0,6.0,0.0,7.2,6.0,3.0
BIAŁOSTOCKI,22.28,17.35,20.0,17.91,17.6,23.0,21.22,6.45,3.6,7.19,5.5,3.85
BIELSKI (BIELSK PODLASKI),20.2,16.2,17.33,16.23,18.39,21.0,17.18,5.51,4.0,8.47,5.9,3.3
GRODZIEŃSKI,20.83,17.47,16.4,16.36,16.35,19.0,22.0,7.67,0.0,8.0,6.2,4.69
ŁOMŻYŃSKI,33.79201782302344,25.83133288200156,30.453307747017927,27.992436739417375,27.506046444737763,31.85048526601931,35.38309828882096,8.41068494102188,4.0,13.696549144410481,10.437289585495657,6.228495726211354
OSTROŁĘCKI,30.137982176976557,23.458667117998438,25.796692252982073,24.037563260582623,24.98395355526224,29.319514733980693,30.72690171117904,6.98931505897812,4.0,11.373450855589521,8.592710414504344,4.501504273788647
OSTROWSKI (OSTRÓW MAZOWIECKA),21.5,16.5,20.0,17.0,16.0,20.0,20.0,5.5,3.0,8.5,6.75,4.75
SOKÓLSKI,20.78,16.67,18.0,15.86,18.38,21.0,18.88,7.38,0.0,5.96,5.14,3.81
SUWALSKI,21.25,17.45,19.0,17.33,14.5,21.0,18.5,6.7,5.5,5.47,4.61,3.92
SZCZUCZYŃSKI (WOJ. BIAŁOSTOCKIE),20.27,16.45,18.0,17.38,15.0,21.0,22.83,5.6,4.0,6.83,5.36,3.9
WOŁKOWYSKI,20.16,16.25,16.8,15.67,18.32,20.67,20.5,5.99,4.8,7.82,5.79,3.81
WYSOKOMAZOWIECKI,22.27,17.87,20.67,18.67,18.42,18.0,23.33,5.85,0.0,7.19,6.29,3.84
BIAŁYSTOK (MIASTO),22.28,17.35,20.0,17.91,17.6,0.0,0.0,6.45,0.0,7.19,5.5,3.85
BĘDZIŃSKI,25.0,20.11,20.0,20.0,22.14,23.0,21.0,9.63,0.0,14.6,11.0,8.57
CZĘSTOCHOWSKI,23.8,20.63,21.0,19.9,20.44,0.0,0.0,5.72,0.0,10.64,8.27,4.76
IŁŻECKI,20.2,15.93,16.57,15.3,15.07,17.83,24.86,8.1,4.75,13.4,11.0,4.2
JĘDRZEJOWSKI,21.76727715812646,19.198956326522133,18.491302973907654,17.57338042125125,19.46214255810549,24.0,24.72303621083528,6.923608346390051,4.9198278947920135,8.920807600125793,7.237707421146424,4.321065757937771
KIELECKI,23.67,19.86,20.0,17.7,18.75,0.0,23.0,9.29,0.0,12.3,10.27,6.95
KONECKI,24.92,18.69,20.0,18.91,20.73,25.0,0.0,5.75,5.0,13.2,10.0,4.61
KOZIENICKI,20.22,16.89,19.0,17.14,17.67,23.0,0.0,7.5,0.0,10.5,7.5,4.6
MIECHOWSKI,20.83272284187354,18.551043673477867,20.088697026092344,17.85661957874875,18.94785744189451,0.0,27.77696378916472,6.67639165360995,4.960172105207986,11.309192399874208,8.432292578853577,3.8689342420622292
OLKUSKI,22.42,18.84,20.67,19.5,21.18,0.0,0.0,7.71,5.0,12.36,9.0,6.06
OPATOWSKI,20.22,17.76,19.5,16.15,16.13,20.2,25.67,6.44,0.0,11.0,8.88,4.29
OPOCZYŃSKI,22.9,18.89,18.8,18.09,18.31,24.2,29.5,5.81,3.0,10.25,7.88,4.58
PIŃCZOWSKI,20.05,17.5,18.6,16.32,17.39,0.0,26.25,7.0,0.0,8.77,7.15,4.03
RADOMSKI,20.775646374642132,17.372228521246342,19.33535939900218,17.036819225549365,18.950625206879174,20.716456498930903,25.81665078938199,6.501021348950221,4.932489642602596,10.48647298017312,7.566439111752382,4.498430554053567
SANDOMIERSKI,19.69,17.67,17.83,15.89,14.0,0.0,23.67,5.61,4.25,9.14,7.86,4.83
STOPNICKI,21.54,18.77,20.33,17.11,17.1,0.0,0.0,6.68,4.0,9.5,8.6,5.67
WŁOSZCZOWSKI,22.82,19.0,20.67,18.46,20.81,21.5,0.0,5.67,0.0,11.09,7.45,4.79
ZAWIERCIAŃSKI,27.17,20.5,23.14,20.93,22.11,0.0,0.0,8.64,5.0,14.0,10.67,7.08
CZĘSTOCHOWA (MIASTO),23.8,20.63,21.0,19.9,20.44,0.0,0.0,5.72,0.0,10.64,8.27,4.76
SOSNOWIEC,25.0,20.11,20.0,20.0,22.14,0.0,0.0,9.63,0.0,14.6,11.0,8.57
RADOM (MIASTO),0.284353625357865,0.2377714787536564,0.26464060099782316,0.23318077445063293,0.2593747931208256,0.2835435010690962,0.35334921061801183,0.08897865104977828,0.06751035739740385,0.14352701982688063,0.10356088824761751,0.061569445946432315
BIALSKI (BIAŁA KRAKOWSKA),39.885021383451004,33.56550021044995,35.746534306141996,32.763949066911884,35.669913848726765,0.0,0.0,13.757869622555756,7.610340956920443,23.179698779278286,16.86113601795093,11.47447733968862
BOCHEŃSKI,23.64,19.86,22.0,20.42,23.14,0.0,31.0,7.82,6.0,17.64,11.79,4.92
BRZESKI (BRZESKO),21.6,19.85,21.33,19.0,20.8,0.0,28.33,6.38,5.0,13.58,9.75,5.26
CHRZANOWSKI,23.83,21.83,22.5,21.2,22.83,0.0,0.0,9.6,0.0,13.33,8.75,5.83
DĄBROWSKI,21.2,19.25,18.2,17.06,17.95,0.0,25.0,6.34,4.0,12.33,8.94,4.61
GORLICKI,29.854997125857484,25.716606740727734,25.31325936198054,27.286017097065184,28.492233906207396,0.0,7.027101142776234,7.636940086376892,5.905420228555247,15.654092594243643,10.999214388543919,6.668177963639893
JASIELSKI,30.50250121907485,26.238501012892357,27.011124656604768,25.434767950782547,28.422757292241094,0.0,39.51128857407238,8.271358624987686,6.4759907508953525,17.638785840875016,13.841971374303764,7.236355087583966
KRAKOWSKI,39.67805110506586,35.161828386069104,38.854474533887654,34.49365938788982,37.92447453388766,0.0,0.0,13.70106472540333,5.0,29.261928740981624,23.22938294807559,9.23841857758478
KRAKÓW (MIASTO),21.47,19.4,22.0,19.27,21.07,0.0,0.0,8.67,0.0,15.4,12.36,5.3
LIMANOWSKI,25.85,21.77,22.5,21.5,25.18,0.0,0.0,6.92,4.5,10.46,8.85,5.15
MIELECKI,20.761385162821156,18.77179386786944,17.906321654565442,16.66282709522062,17.767050263918822,0.0,0.0,5.7399708859356995,4.745175238459842,10.335926777274164,7.888729484483553,4.1681937629238455
MYŚLENICKI,37.892147310623024,32.434196851861984,32.56279544418014,30.222852922780234,35.30696260898476,0.0,0.0,13.959103637285573,0.0,21.541883636053885,15.73052684586089,8.672465361829639
NOWOSĄDECKI,40.888052212331935,34.954598404146026,36.84018559006433,35.553800344805396,39.06508201434544,0.0,38.91020869250562,11.822755602579605,7.782041738501125,22.073308520102923,16.03947095545191,8.775656493242199
NOWOTARSKI,30.52152041219982,27.069535209221,26.448617263542236,25.563571172326977,26.780826433952992,0.0,0.0,10.883728911905832,0.0,15.753245923802217,12.73227084893268,8.920342775144633
ROPCZYCKI,34.48749878092515,29.631498987107644,33.568875343395234,29.015232049217456,31.50724270775891,0.0,39.98871142592762,9.148641375012316,6.324009249104647,17.821214159124985,13.548028625696237,7.713644912416035
TARNOWSKI,26.436950661810585,22.878794855126245,23.176555047955137,22.280182558129418,23.722684079447163,0.0,33.06269016471814,7.010304311043502,0.8125380329436287,13.872598885653435,10.321314656004168,5.3661655431179085
WADOWICKI,49.15863225630579,42.05390483032088,40.25032016485896,38.786133886455765,42.619910410429476,0.0,0.0,14.197937080703376,2.3896590430795572,28.050726934555218,20.461134701933084,12.369149205389029
ŻYWIECKI,33.884627532354486,29.40503451207708,27.977258287389013,26.609833563635316,30.717912164018347,0.0,0.0,12.430296022146136,0.0,19.55251598532877,15.705548637246826,10.315146740363302
BIALSKI (BIAŁA PODLASKA),31.870240207648955,24.448834420404083,28.75135432522933,24.6448271224653,25.18013861145618,19.192660568713475,31.65961069156587,8.532331126904541,5.37452417611718,12.937296098547492,9.973233933061135,5.454312332666438
BIŁGORAJSKI,20.13,17.36,22.0,17.56,18.75,22.0,30.0,7.71,0.0,8.86,6.56,4.0
CHEŁMSKI,20.25,18.4,18.38,16.5,17.0,21.75,21.71,6.5,4.5,7.64,5.77,3.09
GARWOLIŃSKI,21.0,17.5,19.0,17.64,18.93,23.25,27.67,6.19,5.5,10.27,8.59,4.63
HRUBIESZOWSKI,18.94,17.75,16.11,15.85,17.07,20.5,28.6,6.1,5.75,6.13,4.75,2.89
JANOWSKI,19.5,17.0,18.56,16.4,17.83,20.17,24.5,6.63,5.33,7.85,5.93,4.4
KRASNOSTAWSKI,17.94,16.53,18.67,15.4,16.13,17.17,19.5,5.35,0.0,6.38,4.63,2.9
LUBARTOWSKI,19.58,17.68,18.27,16.21,16.05,23.2,25.0,5.56,4.5,7.77,5.89,3.03
LUBELSKI,20.0,17.53,18.73,17.0,18.0,20.5,25.33,6.54,4.0,8.43,6.71,3.71
ŁUKOWSKI,21.2,16.7,19.0,16.86,17.05,19.67,22.0,4.96,3.7,8.64,6.64,4.12
PUŁAWSKI,20.0,17.58,19.2,16.73,18.33,21.0,26.33,6.67,0.0,11.33,8.67,4.67
RADZYŃSKI,21.019116426794717,16.877026216682637,18.17142940734266,16.77745674047802,16.42896357376186,19.117339431286524,19.246779750352527,5.0282585483331745,3.982779048184693,7.617064929653226,5.874599096072423,4.092305472009772
SIEDLECKI,32.136185427728535,25.297500486028515,28.792380998394556,24.13217439605318,24.90866354490271,24.0,28.431533192231754,7.031684913926958,5.989782699259972,12.95688067900439,9.503815405463207,5.634543585126767
SOKOŁOWSKI,21.89,16.89,17.0,16.22,17.13,0.0,24.0,5.21,4.0,9.29,8.29,3.94
TOMASZOWSKI,18.17,17.25,15.5,14.63,16.36,20.86,25.17,5.71,4.75,6.83,5.17,2.92
WĘGROWSKI,22.25,18.0,19.0,18.0,18.63,20.0,26.0,4.25,0.0,10.6,8.67,4.93
WŁODAWSKI,20.67,16.56,18.0,16.73,17.06,20.47,22.43,5.42,4.3,7.91,5.93,3.14
ZAMOJSKI,18.67,16.61,16.44,15.08,15.17,26.8,28.67,6.04,4.75,7.15,5.68,4.18
LUBLIN (MIASTO),20.0,17.53,18.73,17.0,18.0,0.0,0.0,6.54,0.0,8.43,6.71,3.71
BÓBRECKI,21.5,18.69,18.78,16.85,17.63,22.0,23.75,5.86,5.0,10.38,8.0,4.89
BRZOZOWSKI,24.6,20.6,22.0,19.67,23.8,0.0,0.0,7.5,0.0,12.75,12.0,6.0
DOBROMILSKI,26.41573507626734,21.8701847143656,22.019410701986835,22.75719560474642,22.94469268331615,0.0,29.0,6.342104229519807,0.47666277142630564,12.714704369037234,10.891308809611246,6.782213133328046
DROHOBYCKI,24.11890880052266,19.743171510133845,20.487091262355296,19.649729135900554,17.89124919784519,1.2742141940903144,1.585688774867947,4.739567091727551,0.1698952258787086,11.971637636401923,9.153277295706424,5.0999545188329956
GRÓDECKI,21.257480161895305,17.65596193544035,18.653701617535415,15.311676726281174,17.81692066382062,21.492742889155146,25.24411433373272,6.953669341923297,0.03164445066905625,10.252546809888138,7.6044642666486775,4.363904768573989
JAROSŁAWSKI,20.988119694611445,18.249545615780622,17.832319241037517,17.769236289959164,17.655689088951537,26.50890437958556,0.7315535461208457,5.025895680561355,4.282278746668322,9.610703517551356,7.891631567969326,3.760951140413301
JAWOROWSKI,19.64738793162441,17.517762328188812,17.318947130519454,16.331987621827494,16.977157977944227,21.915861289134877,27.506160913043413,5.259104138780868,4.693689384033574,9.425097506044631,7.062214164665053,3.8297801681615455
KOLBUSZOWSKI,22.508614837178843,20.19820613213056,22.093678345434558,19.38717290477938,19.392949736081178,0.0,31.67,5.9200291140643,0.024824761540157864,12.384073222725837,9.541270515516446,5.601806237076156
KROŚNIEŃSKI,36.19026994162195,28.243543151193876,27.16536135787284,26.29108865421786,31.963543014459567,8.59999726531383,38.08636003155004,8.286635716012956,6.465908624769403,17.565816729948434,13.72290795477129,8.350181191690076
LESKI,23.43,19.56,19.25,18.8,20.25,0.0,26.0,6.71,0.0,9.89,7.5,5.57
LWOWSKI,20.56,18.89,18.33,17.86,18.2,20.8,26.67,8.63,5.0,11.0,8.1,4.7
LWÓW (MIASTO),20.56,18.89,18.33,17.86,18.2,0.0,0.0,8.63,0.0,11.0,8.1,4.7
ŁAŃCUCKI,21.733090701839238,19.366403994262363,18.303313573362505,17.837501294358272,18.40645544776307,20.0,0.7681100671368464,7.760754464050782,0.08915563279266966,10.502259057537394,8.774325023977445,4.76853413710861
MOŚCISKI,20.65,17.82,17.2,17.0,16.82,25.0,21.0,5.5,4.0,9.92,7.83,3.96
NIŻAŃSKI,24.88,19.75,21.4,18.0,21.13,28.0,0.0,7.83,0.0,11.0,8.43,5.0
PRZEMYSKI,21.13,16.63,17.86,16.0,20.86,0.0,0.0,5.5,0.0,10.29,8.92,4.0
PRZEWORSKI,20.75,18.5,18.0,17.71,17.13,22.5,0.0,5.75,4.25,11.38,8.0,4.56
RAWSKI (RAWA RUSKA),19.92,18.25,18.5,17.8,18.92,27.0,27.5,5.94,4.0,9.5,7.77,4.0
RUDECKI,19.452519838104692,17.09403806455965,16.846298382464585,15.528323273718826,16.10307933617938,17.837257110844853,26.755885666267282,4.786330658076703,3.4683555493309437,9.047453190111863,7.0655357333513225,3.7160952314260114
RZESZOWSKI,34.676639356538814,29.240052854543762,30.78132506876465,29.041410051423867,31.330001537777363,13.40000273468617,44.89552990131311,8.872609819936262,5.444935742437927,20.311924212514175,15.292767021251265,7.981284671201313
SAMBORSKI,28.390650373531326,24.49436396082865,22.11647702386587,22.99314234244333,24.08401061348766,21.225785805909684,26.41431122513205,6.215614314868673,3.806622551439909,15.164068842975073,12.07919891752735,7.108586961577111
SANOCKI,23.6,19.87,21.83,20.42,21.88,21.5,23.0,6.33,0.0,11.22,8.94,5.69
SOKALSKI,18.3186441384396,17.870633819836456,16.257796672865144,15.063102489923432,15.630582226820744,18.278820999008207,18.418201987018076,5.2068754806543,4.1714738554381485,6.501127512174488,5.226787050369994,3.275453218231863
TARNOBRZESKI,21.75,18.4,22.0,17.4,18.2,0.0,0.0,7.8,0.0,8.5,6.25,4.0
ŻÓŁKIEWSKI,18.43,16.86,18.33,15.8,15.14,24.0,0.0,5.5,0.0,9.25,7.5,4.38
LUBACZOWSKI,20.984492373764144,18.622692056030566,17.208733628443028,16.99877608821334,18.60715293310423,27.275234331279563,28.432285540835743,6.095000180657776,5.574031869298105,10.214198976404012,7.736154267365621,4.2492686914251525
TURCZAŃSKI,42.54470574967867,33.912279814671905,26.417021011791995,31.569932916909693,32.230047505350996,0.0,0.0,11.33271436388397,1.5468194512550768,18.58958915158577,14.706214977154982,8.739245386261846
BRZEZIŃSKI,21.2,18.4,20.33,17.0,18.6,0.0,0.0,4.82,4.0,11.71,7.89,4.0
KALISKI,21.58,20.5,20.67,17.22,17.09,0.0,0.0,4.23,3.83,7.9,7.06,3.77
KOLSKI,20.31,18.25,18.33,17.5,17.92,0.0,22.0,4.57,3.75,8.25,6.33,4.05
KONIŃSKI,39.14,37.39,36.11,32.7,34.46,43.21,43.5,9.07,5.75,18.0,13.66,7.47
ŁASKI,22.7,20.75,20.0,19.17,19.25,21.5,20.33,4.63,3.5,10.2,7.82,3.94
ŁĘCZYCKI,21.69,19.31,20.0,18.25,17.38,22.0,24.67,4.45,3.33,10.94,7.38,4.38
ŁÓDZKI,22.5,18.8,23.0,19.5,19.4,22.0,0.0,5.6,0.0,11.5,9.5,5.0
ŁÓDŹ (MIASTO),22.5,18.8,23.0,19.5,19.4,0.0,0.0,5.6,0.0,11.5,9.5,5.0
PIOTRKOWSKI,22.26,20.58,21.0,19.45,19.5,0.0,0.0,4.34,3.15,9.36,6.81,4.19
RADOMSZCZAŃSKI,23.17,20.5,19.0,18.75,20.25,0.0,25.0,4.59,3.17,9.44,7.11,4.35
SIERADZKI,21.74,20.21,21.8,19.0,17.78,24.33,24.1,4.41,3.0,9.15,6.64,3.42
TURECKI,21.2,19.3,20.67,17.88,15.94,0.0,0.0,4.27,0.0,10.09,7.21,3.52
WIELUŃSKI,21.58,19.33,20.0,19.75,20.0,0.0,25.5,5.0,2.83,11.67,7.5,3.95
POŁUDNIOWO-WARSZAWSKI,22.18,19.33,20.0,20.0,20.5,0.0,0.0,6.88,0.0,10.44,8.78,5.83
PÓŁNOCNO-WARSZAWSKI,22.18,19.33,20.0,20.0,20.5,0.0,0.0,6.88,0.0,10.44,8.78,5.83
PRASKO-WARSZAWSKI,22.18,19.33,20.0,20.0,20.5,0.0,0.0,6.88,0.0,10.44,8.78,5.83
ŚRÓDMIEJSKO-WARSZAWSKI,22.18,19.33,20.0,20.0,20.5,0.0,0.0,6.88,0.0,10.44,8.78,5.83
BARANOWICKI,21.43,17.27,19.0,16.83,18.6,20.75,23.5,6.37,5.0,8.06,6.07,3.86
BRASŁAWSKI,20.59,16.11,17.5,16.92,15.53,15.0,14.13,5.11,0.0,6.09,4.32,2.48
LIDZKI,25.5,20.27,18.0,20.0,20.27,22.09,22.78,7.36,0.0,7.44,5.77,4.9
NIEŚWIESKI,21.47,17.65,18.67,16.09,17.71,19.14,27.0,5.82,4.4,7.0,5.93,4.41
NOWOGRÓDZKI,21.8305906383423,18.19997637182453,18.310677485203772,17.365834005355147,18.89067748520377,21.82051560556856,22.02676131217567,6.955986261142741,6.103559161734591,7.679459671135916,5.967528929601084,4.1111213433587634
SŁONIMSKI,23.81,17.63,20.33,18.88,20.06,22.92,21.45,6.94,5.27,9.29,6.83,4.41
STOŁPECKI,22.2394093616577,17.080023628175468,17.689322514796228,16.84416599464485,17.689322514796228,18.24948439443144,20.313238687824335,6.604013738857257,5.896440838265409,7.940540328864084,6.122471070398917,4.618878656641237
WOŁOŻYŃSKI,24.79,20.19,23.0,20.5,20.81,23.0,21.75,6.25,5.55,6.94,5.73,4.0
SZCZUCZYŃSKI (WOJ. NOWOGRÓDZKIE),19.5,19.0,16.4,17.33,19.4,0.0,0.0,6.0,0.0,6.4,4.6,3.6
BRZESKI (BRZEŚĆ N.BUG.),21.374457937827795,17.49663887688477,17.204835269033456,15.975541741003498,17.972234269879255,20.0,21.31207636584985,5.7577254108353255,0.032914076438155665,8.398758292794893,6.058351565403237,3.6488386101970236
DROHICKI,23.33,17.0,18.0,17.8,17.73,18.75,19.4,5.26,0.0,7.17,5.37,2.94
KOBRYŃSKI,20.89,16.6,17.63,16.07,17.53,19.43,19.83,4.78,3.0,7.58,5.3,3.55
KOSZYRSKI,20.0,18.0,21.0,18.71,20.09,19.88,22.6,5.7,3.0,6.6,4.15,1.82
ŁUNINIECKI,30.0,22.0,18.67,22.0,22.0,23.25,24.0,6.0,0.0,8.1,5.7,4.58
PIŃSKI,26.88,16.11,18.0,17.41,17.65,18.83,25.4,5.74,4.5,7.08,5.39,2.89
PRUŻAŃSKI,22.3,17.33,17.63,17.36,17.79,19.5,18.88,6.19,4.8,8.41,6.31,3.92
STOLIŃSKI,22.6,18.33,18.33,17.5,18.56,20.6,25.0,6.42,5.7,7.64,5.69,3.04
IWACEWICKI,20.67,15.25,18.0,16.33,17.0,18.13,20.29,4.47,3.54,7.2,4.95,2.87
BRODNICKI,20.462230011931005,16.862240629277192,20.910132013890326,19.102089304154514,19.512005448549797,0.0,21.627128105711332,7.070906413382922,0.48656672853237404,8.817915511983294,7.681241776062052,4.441654466900202
CHEŁMIŃSKI,18.631572528768512,16.685898644341123,18.321316165156457,15.668918281723407,17.27422760227528,0.0,20.120656189661126,5.830670729184044,4.422707394883324,6.971625729658006,5.646051676585741,3.9077007398558954
CHOJNICKI,20.219615810028085,18.05031049760821,18.44515932857219,17.448405781187763,17.369877460911738,0.0,23.918701563792528,6.795509483027081,5.128745927116243,11.24390609594831,8.196476941572605,6.154991358639034
DZIAŁDOWSKI,19.0,16.68,17.8,16.5,16.57,0.0,22.0,5.47,4.5,8.69,7.15,4.49
GRUDZIĄDZ (MIASTO),18.55,17.4,17.79,16.06,17.33,0.0,0.0,6.81,0.0,7.06,5.5,3.38
GRUDZIĄDZKI,18.151422282397636,17.02613195222204,17.407752151151158,15.714924089234826,16.95763601908092,0.0,21.52729327292442,6.663675781300696,3.7183506562324,6.908304113947564,5.381823318231105,3.307375057385661
KARTUSKI,20.459304145866504,18.35706371986921,18.929548835877405,16.48944834141626,16.470678337612714,0.0,23.152799691675536,6.841666386392973,5.631001141064175,9.131606850425738,7.78955157847211,6.334876283697197
KOŚCIERSKI,20.221142028509068,18.21969663873854,19.482023038884027,16.819321549327952,16.434856646588827,0.0,23.34138613186431,5.873741522078945,4.297829359340562,7.716692125821553,6.675080371268623,4.776258854540645
LUBAWSKI,17.341334740041386,16.226877770598282,16.45745507462099,15.429464594186406,16.092374343251702,0.0,17.93699277543339,6.215979820945582,4.419398327101959,6.677134428991004,6.2832315346188725,3.5259112740139544
SĘPOLEŃSKI,18.07,16.93,17.75,16.29,15.33,0.0,18.0,5.7,4.5,11.0,9.25,5.65
STAROGARDZKI,24.631866930075404,23.67375085472223,23.78872519065969,22.3980318501032,21.708927827048235,0.0,27.754597837920404,8.587581534373484,6.270487672181389,9.860796884022694,8.843159849227145,5.9554804038930875
ŚWIECKI,19.44600622326816,18.621262491639513,18.568554728314954,17.138275911479912,17.359327686471556,0.0,22.352069616042183,6.306533497553344,4.641141310350979,10.119004735287515,8.049653661840265,4.378891852525573
TCZEWSKI,32.61225727178794,31.09211467064263,31.872215534867365,29.421999894111046,29.588629461292754,0.0,36.44921725625756,11.554125175465416,8.047130410228647,11.640765176877268,9.937353007138398,5.677043458310776
TORUŃ (MIASTO),19.37902823056834,19.3185632438895,18.31081346590883,17.03097124787337,18.05887602141366,0.0,0.1859946715361495,5.6131662633523485,0.03487400091302803,9.069748001826056,7.306185890359878,4.232549067518827
TORUŃSKI,19.214317922524668,19.085292444080743,18.181490918280975,16.860311714498927,17.902195120159337,0.0,23.865595802732738,5.580801426978459,4.498849105028544,8.92870480449503,7.193772970442098,4.19086474617403
TUCHOLSKI,19.94502793535946,19.46836436936398,20.633676992649622,18.157182580110202,19.080285927148,0.0,24.50882761337521,6.025731415339972,4.70197598147044,10.626799307467524,8.469172223028508,6.822882313013437
WĄBRZESKI,17.136796734473574,16.449441700618316,17.00497522113147,15.743255021999898,16.223461963460423,0.0,18.831644763157776,5.592998494657859,4.303030828381552,7.61740030669732,5.931968100394699,4.2371200717105
MORSKI,21.845495573387858,18.08186342608498,20.322103597271358,17.00212944135799,18.89035246697455,0.0,24.18152429480891,8.817102396061648,5.696019058282793,10.838537053582318,8.596975067345726,6.748535432591712
GDYNIA (MIASTO),21.26258163101241,17.54112694630352,19.784057742763203,16.525270397234333,18.43628766776052,0.0,0.13557041310643697,8.63980965990523,0.031892098891591246,10.591058872968809,8.378302033412174,6.567864619229471
BYDGOSKI,18.662005609208727,18.28298037502918,18.332852116368592,16.956392055400766,17.185802065562072,0.0,21.145618327911546,5.854942433247206,3.9897393071531218,7.361069021697509,6.612992901606299,4.129380182903481
BYDGOSZCZ (MIASTO),18.75799439079127,18.377019624970817,18.427147883631402,17.04360794459923,17.27419793443793,0.0,0.054381672088452966,5.885057566752794,0.010260692846877919,7.39893097830249,6.6470070983937,4.150619817096518
CHODZIESKI,18.3,18.17,18.83,17.36,16.15,0.0,21.0,5.92,4.5,8.0,5.5,4.0
CZARNKOWSKI,20.18642211733577,21.33761995113255,18.492596376897236,18.191169807357202,17.920618038929444,0.0,20.451529478597504,5.789484870128028,3.4,8.85892959839532,6.575521187582552,4.314602741304601
GNIEŹNIEŃSKI,20.23049950467684,19.494974626669045,19.732987426762556,18.72639646104417,17.75241302708093,0.0,21.065606363752046,6.911677879982887,4.833608029498083,7.097683280971463,6.514502321281216,4.348432913389141
GOSTYŃSKI,21.743352304764368,22.318913349743195,23.700909570935316,20.01830849426787,19.773181904722346,0.0,25.699660464814507,8.0253407316579,5.234883883868805,9.053078258001165,7.193878686609609,3.9791249117983516
INOWROCŁAWSKI,17.82450301101675,18.349335599674465,18.458263118075124,17.210547907303948,16.903570355447552,0.0,20.349640937577455,5.446375920032896,4.624468281191568,7.872488829865731,6.565358609057836,3.455973083802692
JAROCIŃSKI,35.22066991030991,35.20656542463624,35.02835645328889,30.13589407396334,31.009923858424244,0.0,43.95783342476928,9.928507056016917,2.951492223801588,12.902984447603176,11.898357653591384,6.9944772715560095
KĘPIŃSKI,35.514115853420385,35.397036279210795,32.29923162612193,30.50342429166329,29.050161436706553,0.0,44.199731863022556,7.877217271670574,5.136320978208134,15.238059937737525,13.266253943963772,6.473400552417723
KOŚCIAŃSKI,35.58971863123506,35.67438754343682,36.59322618980801,32.1395379615561,30.865549205010627,0.0,43.75007075462034,9.499803178602706,4.47434525776114,14.786865415251292,10.743231866193955,6.308629182531054
KROTOSZYŃSKI,37.094817725587866,39.081822408634466,37.24308394534142,33.65341525659342,31.407621686105195,0.0,42.51368975605771,11.378964027140555,7.021619915744541,15.52745362812761,13.755052223971433,7.24206228814836
LESZCZYŃSKI,21.644852287763932,21.477219416788703,21.9725626842956,18.9434218295897,18.757365122396976,0.0,23.090990634095935,6.262758628113338,3.536518253364404,7.998189611981503,6.960444570088452,4.038281665903548
MIĘDZYCHODZKI,18.7,17.91,17.5,16.67,16.0,0.0,20.0,6.31,0.0,8.0,7.17,4.25
MOGILEŃSKI,35.924947518578946,36.13103215026375,35.10202447474428,32.068454141380045,31.96841730354534,0.0,21.001477293715517,10.613176947239086,3.7503452021599397,13.878634015080092,12.11314550025143,4.71310608963331
NOWOTOMYSKI,37.396864499340026,36.874580245831126,36.49561942288688,34.44886546734692,33.18668001882477,0.0,45.62949629499734,11.848827469617078,0.0,16.333820904887943,14.037788292561316,9.105177915786129
OBORNICKI,17.00594947688164,17.204454839985,17.45831280641109,16.29203715645784,15.622088680533887,0.0,21.382156124979065,4.71693677511783,0.0,6.092544643035306,5.1007687736692455,3.1929127544926863
OSTROWSKI (OSTRÓW WIELKOPOLSKI),46.357056305456155,45.155455879996076,43.00379133432265,39.86333575718936,38.60813031946822,0.0,60.02618082925384,12.613326850973808,10.034614406253418,21.192536122103068,17.96557752247949,10.45102162917112
POZNAŃ (MIASTO),19.11,19.67,18.5,16.86,17.13,0.0,0.0,4.73,0.0,8.0,7.0,3.34
RAWICKI,19.758539938567136,19.926664897092746,19.97392864681202,17.091456743481764,17.130734524946156,0.0,25.73245627896861,6.2798187817758775,4.760277316951236,9.94101316907783,7.421221654483922,3.722291348696353
SZAMOTULSKI,18.61,18.94,18.6,16.89,17.11,0.0,23.5,5.31,4.0,9.0,6.04,3.12
SZUBIŃSKI,19.05,17.25,17.0,16.5,16.12,0.0,23.7,5.0,3.33,7.45,6.02,4.13
ŚREDZKI,18.8,18.63,18.5,17.13,16.76,0.0,25.0,5.44,4.0,10.75,6.22,3.0
ŚREMSKI,18.6968770428952,19.061934800460964,17.36490954907417,16.161205591695165,16.447331942219684,0.0,25.159385994397233,5.594263474048326,2.9599277640467334,7.399819410116834,6.205981878617984,3.640711149777482
WĄGROWIECKI,19.21,19.11,18.0,16.33,17.13,0.0,21.33,5.53,0.0,9.5,6.33,3.44
WOLSZTYŃSKI,18.75,17.8,17.8,17.73,17.11,0.0,26.0,5.74,4.67,8.98,7.09,5.37
WRZESIŃSKI,18.65,18.15,18.17,16.35,16.25,0.0,23.33,5.26,5.0,8.83,6.86,3.15
WYRZYSKI,17.86,17.29,16.2,16.2,16.2,0.0,20.0,5.89,4.0,7.4,5.45,2.86
ŻNIŃSKI,17.76277660766605,17.41271424976696,18.10177706615689,16.48119599188986,15.89027750808074,0.0,22.977823334601336,6.003810676402323,4.096046768341977,7.833645500776004,6.253569625691468,3.7010704646530534
POZNAŃSKI,18.30254027552073,18.83462393635157,17.706682426141064,16.15188097452396,16.399505423004893,0.0,19.191911109357193,4.5460853815127695,0.0,7.6647420568538704,6.714704298962771,3.2146971207410795
GNIEZNO (MIASTO),18.68,17.95,18.22,17.33,16.41,0.0,0.0,6.44,0.0,6.5,6.0,4.1
INOWROCŁAW (MIASTO),18.17549698898325,18.710664400325538,18.821736881924878,17.549452092696047,17.236429644552448,0.0,0.20035906242254406,5.553624079967104,0.045531718808432146,8.02751117013427,6.694641390942164,3.5240269161973083
DOLIŃSKI,22.32300660159851,19.754619614502705,19.57320938121341,17.6636279781682,19.735523800472254,0.0,27.049220574135408,6.320714444079647,0.0,8.402158173398927,6.3302623510948735,4.47796839014102
HORODEŃSKI,17.537919864255798,17.830218528660062,18.512248745603344,15.03389463919261,16.563590982908256,0.0,22.40956427099352,6.128528663676054,2.9229866440426333,7.794631050780355,6.576719949095924,3.7024497491206683
KAŁUSKI,20.3,19.73,20.0,20.0,17.5,0.0,0.0,6.0,0.0,10.6,8.0,4.61
KOŁOMYJSKI,20.282080135744202,20.26978147133994,16.737751254396656,16.296105360807392,16.536409017091746,0.0,23.59043572900648,6.601471336323947,0.07701335595736691,7.835368949219645,6.373280050904076,3.7475502508793315
KOSOWSKI (KOSÓW HUCULSKI),21.25,19.57,16.25,18.0,18.5,0.0,0.0,6.13,0.0,7.5,6.14,3.5
NADWÓRNIAŃSKI,33.18680007798307,31.620191373854478,28.422869633028757,26.983582669725884,29.52286963302876,34.092869633028755,40.42073052293739,10.457860889908627,5.0,14.019113075688661,11.627147853211504,7.13321740825719
ROHATYŃSKI,19.56,17.06,16.5,16.2,16.29,19.33,22.13,4.69,4.5,9.38,7.83,4.5
STANISŁAWOWSKI,30.28648163504046,27.705501062751665,27.31784721905808,23.867138580538356,24.25887149206276,9.06608956819725,12.06592644647732,8.921273870958267,5.06981840152309,14.09258459927499,10.429555572464821,5.6575067114083835
STRYJSKI,51.187593934155316,44.27284215228599,41.46739312386537,40.846258475485655,43.24579672535641,0.6757531313484777,31.49953502920797,11.590101368416763,8.092148154274792,18.895787525422904,13.699322850019586,9.715475570013407
ŚNIATYŃSKI,19.5,18.67,17.75,16.25,18.17,0.0,24.0,6.2,4.0,9.2,7.17,4.67
TŁUMACKI,19.580235114884456,19.422409542170023,20.38909117504593,17.55809496448077,16.867608083855124,0.0,24.985760980353813,6.046692254621749,3.4524344031282412,9.49912665774999,7.605219785176783,3.0874627662261127
ŻYDACZOWSKI,19.89939946424617,18.2225382332113,17.059397494921217,16.09011354634615,15.188679474171334,21.32424686865152,22.681244396656616,4.75918418750359,2.9078518457252076,9.40205430117817,7.56041479888554,4.526556039845573
BIELSKI (BIELSKO),25.25,19.0,24.0,21.75,20.6,0.0,0.0,9.64,0.0,13.8,11.33,6.25
BIELSKO (MIASTO),26.4,22.08,24.0,21.67,24.08,0.0,0.0,9.55,0.0,15.38,10.92,7.82
CIESZYŃSKI,26.36,22.73,22.8,21.75,22.85,0.0,0.0,11.08,6.0,15.09,11.09,7.04
TARNOGÓRSKI,25.4,22.0,23.0,24.75,25.0,0.0,0.0,7.88,6.5,15.6,11.4,6.6
KATOWICE (MIASTO),26.0,22.2,22.0,20.33,22.75,0.0,0.0,9.17,0.0,15.2,11.0,8.17
KATOWICKI,23.019424658185752,19.65504720814322,19.47797471077256,17.99941935772755,20.141996575912536,0.0,0.0,8.118774004444745,0.0,13.457509800170133,9.73898735538628,7.233411517591446
LUBLINIECKI,24.44,20.56,19.67,18.7,21.07,0.0,0.0,7.85,6.0,14.77,10.64,6.3
PSZCZYŃSKI,26.79,21.88,21.8,21.11,22.53,0.0,0.0,8.15,0.0,16.19,12.53,7.8
RYBNICKI,26.0,21.18,23.67,20.57,23.0,0.0,0.0,7.85,6.0,18.0,13.77,8.07
ŚWIĘTOCHŁOWICKI,23.762509084333313,22.42377617817369,22.640335912993628,20.671611050994184,24.116879559493213,0.0,0.0,7.382718232497922,0.0,17.354309658525114,13.121551205226307,7.441779978357905
CHORZÓW,27.498066257480932,25.68117661368309,25.88168937623381,23.658969591278264,27.49112386459425,0.0,0.0,8.668507763057333,0.0,19.64818054130475,14.79946143938741,8.614808504050647
BORSZCZOWSKI,18.04233236943509,17.392690287393243,17.914372565396544,15.85717263893068,17.717511328414165,24.607654622797455,21.16258297560581,5.581016068450462,4.921530924559491,10.404116374518763,8.858755664207083,4.783728058671826
BRODZKI,20.573444412909836,18.22200677057897,18.236177415509545,14.211106274478531,12.704687093441606,22.266456571344104,0.26439758874735275,8.074728956599687,0.04541873375183568,10.095439899190524,8.072669974002936,4.544813150635145
BRZEŻAŃSKI,19.570175166020466,18.6866244182568,17.143717989787106,15.051891762715721,16.151077557790515,22.311117441984006,20.462293726930024,5.338515821711221,0.0546881690163195,6.918039943223728,6.654430427477469,3.7726403622546765
BUCZACKI,17.69341002446754,17.113459362554437,16.95618460678139,14.891953437260177,16.277937222510133,23.266834182174815,17.300223135034926,5.504616452056567,4.423352506116885,9.829672235815298,7.539358604870334,4.177610700221502
CZORTKOWSKI,19.145014322374937,18.477607412758562,17.551885745644796,16.93074531178284,19.779340129203344,24.773984128469667,25.117363379099295,6.975848471581675,5.319399083331356,8.534428101634747,7.042487734968275,4.052519178337144
KAMIONECKI,19.062340815638787,17.710197998879135,16.825928364483378,15.775978515684535,15.453279410415162,19.495789779566255,19.5062639239313,5.620839708295089,4.059130418275319,7.9819643143786045,6.330497669572979,3.670800892860079
PODHAJECKI,17.538354157994096,16.827076461586557,17.05117765360537,14.293758638765189,15.677339911229167,20.88038497810075,18.707577768527035,4.706125032395082,2.9230590263323495,7.989694671975087,6.820471061442149,3.702541433354309
PRZEMYŚLAŃSKI,19.61,18.06,17.0,16.27,16.56,21.63,22.25,5.64,5.0,7.47,6.0,4.21
RADZIECHOWSKI,19.856555587090163,18.107993229421027,19.263822584490455,17.21889372552147,16.695312906558392,21.7335434286559,21.565602411252648,6.095271043400313,3.7045812662481645,7.784560100809476,5.927330025997064,3.655186849364856
SKAŁACKI,17.36965699844433,16.735015230654067,14.362431391068922,12.770945111841025,15.329039622011015,18.35579266839536,20.337827727801876,5.07713414232212,4.881859752232808,7.518064018438524,6.180434446326735,4.559657008585442
TARNOPOLSKI,18.751554931077298,18.081926586515806,18.29481860879996,14.198786434074837,15.170683381521041,19.18768572823152,19.716508646960875,5.59383060464331,3.9376716176278235,7.860679811241453,6.789242722621671,3.572093983923674
TREMBOWELSKI,20.048690445466352,19.165412213248555,16.032882526985357,14.81469212171746,16.072385917794854,19.889407271857788,24.59993179811949,5.489507748601332,4.883752331891073,8.694009515432494,6.878303615630289,4.487359882313692
ZALESZCZYCKI,17.371254702563682,15.373560411768858,16.618500332119254,15.605177141136377,19.446154569814343,20.40157357845535,18.915366231680455,5.356136866623801,3.8602788227919294,7.585447886786142,6.514220513461381,3.619011396367434
ZBARASKI,17.67,17.33,16.0,15.0,16.67,20.88,20.0,5.71,5.38,7.08,6.08,3.33
ZBOROWSKI,18.43,17.67,14.33,14.17,13.5,17.33,16.0,6.0,0.0,9.83,9.33,5.0
ZŁOCZOWSKI,19.919015045921615,17.619168181284408,18.246274962651476,16.730918994392034,17.136138362764093,20.685389221425535,22.785534089050625,6.582284811050611,5.059395726286533,8.546908173446907,6.972715280057027,4.153745888908057
KOPYCZYNIECKI,17.446040054248215,17.388525636486957,15.17422055267853,14.20606118703069,16.679181150764776,21.36660619830729,21.567906660471696,5.751441776125786,5.272154961448637,10.065023108220124,6.470371998141508,3.594651110078616
BŁOŃSKI,20.59,18.63,19.13,17.58,17.88,27.5,28.33,5.69,4.4,10.21,8.08,6.43
CIECHANOWSKI,19.7,17.1,17.6,16.4,17.85,19.0,21.17,6.24,0.0,8.57,6.67,3.77
GOSTYNIŃSKI,20.5,17.7,18.0,16.75,16.43,0.0,0.0,5.78,0.0,9.0,7.5,4.9
GRÓJECKI,20.94,17.65,19.13,17.31,17.0,23.0,25.71,5.5,4.42,10.68,7.46,4.18
KUTNOWSKI,21.38,19.38,20.0,17.86,18.0,25.0,28.33,5.36,4.5,8.83,6.5,3.8
LIPNOWSKI,18.92,16.83,18.44,16.09,18.0,0.0,20.0,6.5,0.0,7.25,6.33,3.36
ŁOWICKI,21.0,18.29,19.78,17.4,15.85,20.0,26.33,5.67,4.0,9.33,6.93,4.38
MAKOWSKI (MAKÓW MAZOWIECKI),20.75,16.6,17.83,16.1,16.27,20.29,22.33,5.18,3.0,6.84,5.37,3.07
MIŃSKI,23.36,18.27,20.0,17.8,18.22,21.0,23.33,6.72,5.0,8.33,6.8,4.65
MŁAWSKI,19.81,16.94,18.0,16.9,18.21,22.25,19.0,4.71,3.5,7.13,5.07,3.58
NIESZAWSKI,18.79,16.5,16.5,15.37,17.54,20.0,20.88,4.59,3.83,9.5,6.17,4.25
PŁOCKI,20.9,17.79,18.57,16.75,18.2,20.25,19.67,4.75,4.0,8.0,6.0,4.33
PŁOŃSKI,20.53,17.94,18.11,16.91,17.64,5.0,24.0,4.59,3.63,8.14,7.0,3.85
PRZASNYCKI,19.33,15.67,18.67,16.0,15.67,0.0,0.0,4.5,4.0,9.67,5.83,4.0
PUŁTUSKI,20.75,17.42,17.6,16.5,16.8,25.0,24.0,6.0,5.0,7.72,5.94,3.66
RADZYMIŃSKI,23.92,19.38,20.5,18.5,19.09,20.33,22.0,6.15,4.7,11.0,7.82,4.42
RAWSKI (RAWA MAZOWIECKA),20.6,18.65,18.0,16.8,17.24,18.0,26.5,4.78,0.0,9.4,7.41,3.86
RYPIŃSKI,19.0,16.29,17.89,16.5,16.73,27.33,22.0,5.0,4.5,7.3,5.4,3.67
SIERPECKI,20.4,17.2,17.33,16.1,17.0,24.0,20.75,5.09,4.0,8.0,6.3,3.58
SKIERNIEWICKI,21.73,18.0,20.5,18.0,17.0,0.0,0.0,5.8,4.0,8.33,6.33,4.33
SOCHACZEWSKI,22.14,19.29,19.0,17.0,17.4,0.0,0.0,5.4,0.0,9.0,6.67,3.4
WARSZAWSKI,22.18,19.33,20.0,20.0,20.5,23.0,0.0,6.88,0.0,10.44,8.78,5.83
WŁOCŁAWSKI,19.85,17.24,19.5,17.22,19.57,0.0,0.0,4.6,0.0,6.67,4.67,3.0
DUBIEŃSKI,19.15,17.4,15.22,14.88,16.4,19.0,17.63,4.65,3.0,4.9,3.81,2.46
HOROCHOWSKI,18.05,16.45,15.25,13.85,14.7,18.21,17.15,4.49,0.0,7.29,5.63,2.77
KOWELSKI,18.32,17.11,17.25,15.71,17.25,20.17,20.5,6.01,3.5,6.85,4.42,2.72
KRZEMIENIECKI,16.7,16.2,16.5,13.17,14.55,17.21,16.56,4.71,3.33,6.02,4.89,2.45
LUBOMELSKI,20.54,18.62,18.38,17.36,18.0,20.0,20.75,5.16,0.0,9.5,6.55,3.12
ŁUCKI,18.84,16.2,16.43,15.06,17.0,19.2,18.63,6.08,0.0,5.81,4.99,2.66
RÓWIEŃSKI,19.75,18.25,16.33,14.8,15.9,19.0,19.58,6.17,5.5,6.12,5.45,2.57
WŁODZIMIERSKI,18.05,17.47,16.14,14.26,14.7,18.77,18.73,5.38,4.5,5.77,4.89,1.96
KOSTOPOLSKI,20.9,18.25,18.25,16.69,17.06,18.8,19.25,4.62,0.0,5.28,3.79,2.03
ZDOŁBUNOWSKI,18.8,18.21,15.0,14.47,14.7,19.89,19.38,4.73,3.53,6.31,5.31,2.55
SARNEŃSKI,24.21,18.68,18.33,18.07,18.28,19.64,22.0,6.04,5.0,7.86,5.19,3.12
OSZMIAŃSKI,25.15502270768585,20.522513575379346,19.42665119999501,19.068005331687413,19.805221838764144,21.91724750768668,21.91724750768668,6.913895350152071,5.080816467691003,6.913895350152071,5.71840912246007,4.52292289476807
ŚWIĘCIAŃSKI,24.88,20.08,19.5,19.9,20.31,24.0,19.86,7.4,0.0,6.73,5.8,4.07
WILNO (MIASTO),28.5,21.5,19.5,20.55,20.45,0.0,0.0,8.25,0.0,8.47,6.45,5.28
DZIŚNIEŃSKI,20.94,15.21,17.0,16.23,15.74,18.0,16.22,5.12,4.29,6.26,4.81,3.23
WILEJSKI,25.29,18.5,19.5,17.47,18.75,19.29,17.6,6.11,5.4,7.4,5.27,3.84
WILEŃSKO-TROCKI,28.594977292314148,21.577486424620652,19.573348800004986,20.62199466831259,20.52477816123585,25.08275249231332,23.68275249231332,8.276104649847928,4.519183532308996,8.49610464984793,6.47159087753993,5.2970771052319305
POSTAWSKI,21.07,16.69,17.5,17.14,18.15,20.0,17.8,5.08,4.5,7.11,5.1,3.3
MOŁODECZAŃSKI,23.44,18.2,18.0,17.93,17.55,19.67,21.73,6.2,0.0,7.94,6.49,4.27
