District,Powierzchnia lasów (ha)
AUGUSTOWSKI,80122.0
BIAŁOSTOCKI,70765.0
BIELSKI (BIELSK PODLASKI),147695.0
GRODZIEŃSKI,113393.07531141653
ŁOMŻYŃSKI,53012.45141420896
OSTROŁĘCKI,46507.54858579104
OSTROWSKI (OSTRÓW MAZOWIECKA),38649.0
SOKÓLSKI,41912.0
SUWALSKI,42758.0
SZCZUCZYŃSKI (WOJ. BIAŁOSTOCKIE),27067.0
WOŁKOWYSKI,76811.0
WYSOKOMAZOWIECKI,15220.0
BIAŁYSTOK (MIASTO),706.0
BĘDZIŃSKI,9091.0
CZĘSTOCHOWSKI,49507.0
IŁŻECKI,44202.0
JĘDRZEJOWSKI,19632.077325587383
KIELECKI,66441.0
KONECKI,76255.0
KOZIENICKI,47287.0
MIECHOWSKI,10221.922674412617
OLKUSKI,35482.0
OPATOWSKI,31276.0
OPOCZYŃSKI,43547.0
PIŃCZOWSKI,10361.0
RADOMSKI,22279.069217707405
SANDOMIERSKI,15335.0
STOPNICKI,21053.0
WŁOSZCZOWSKI,45222.0
ZAWIERCIAŃSKI,24463.0
CZĘSTOCHOWA (MIASTO),19.0
SOSNOWIEC,60.0
RADOM (MIASTO),304.93078229259373
BIALSKI (BIAŁA KRAKOWSKA),13627.451707588734
BOCHEŃSKI,21753.0
BRZESKI (BRZESKO),15673.0
CHRZANOWSKI,26590.0
DĄBROWSKI,5850.0
GORLICKI,21227.202095727836
JASIELSKI,24190.71784841182
KRAKOWSKI,7218.448535410439
KRAKÓW (MIASTO),50.0
LIMANOWSKI,27981.0
MIELECKI,19010.544823263645
MYŚLENICKI,25178.7558955848
NOWOSĄDECKI,45564.82044352203
NOWOTARSKI,49969.51417727715
ROPCZYCKI,21851.28215158818
TARNOWSKI,13156.977460750135
WADOWICKI,22338.1901665299
ŻYWIECKI,41582.63951760897
BIALSKI (BIAŁA PODLASKA),31925.21278502245
BIŁGORAJSKI,63464.0
CHEŁMSKI,24768.0
GARWOLIŃSKI,40353.0
HRUBIESZOWSKI,22046.36266739608
JANOWSKI,52747.0
KRASNOSTAWSKI,25609.0
LUBARTOWSKI,19593.0
LUBELSKI,20225.641299640734
ŁUKOWSKI,27162.0
PUŁAWSKI,30700.0
RADZYŃSKI,29138.011516519215
SIEDLECKI,25577.79831579842
SOKOŁOWSKI,18444.0
TOMASZOWSKI,28186.63733260392
WĘGROWSKI,22908.0
WŁODAWSKI,39654.0
ZAMOJSKI,55590.0
LUBLIN (MIASTO),65.35870035926706
BÓBRECKI,21063.0
BRZOZOWSKI,14646.0
DOBROMILSKI,33799.897675740685
DROHOBYCKI,48974.37957605257
GRÓDECKI,25187.250857279592
JAROSŁAWSKI,24360.87486119144
JAWOROWSKI,22786.98106232853
KOLBUSZOWSKI,24940.455176736355
KROŚNIEŃSKI,18378.407811200268
LESKI,68488.0
LWOWSKI,23721.0
LWÓW (MIASTO),128.0
ŁAŃCUCKI,18148.668867415254
MOŚCISKI,11439.0
NIŻAŃSKI,41244.0
PRZEMYSKI,21795.0
PRZEWORSKI,4029.0
RAWSKI (RAWA RUSKA),28965.0
RUDECKI,7151.749142720406
RZESZOWSKI,22460.92332138448
SAMBORSKI,17206.10316676304
SANOCKI,33733.0
SOKALSKI,26269.3339259167
TARNOBRZESKI,30978.0
ŻÓŁKIEWSKI,25961.0
LUBACZOWSKI,34905.14407648003
TURCZAŃSKI,49551.6195814437
BRZEZIŃSKI,17041.0
KALISKI,23109.0
KOLSKI,9482.0
KONIŃSKI,29475.0
ŁASKI,27821.0
ŁĘCZYCKI,9223.0
ŁÓDZKI,11129.0
ŁÓDŹ (MIASTO),37.0
PIOTRKOWSKI,42610.0
RADOMSZCZAŃSKI,50149.0
SIERADZKI,27588.0
TURECKI,14370.0
WIELUŃSKI,42872.0
POŁUDNIOWO-WARSZAWSKI,0.0
PÓŁNOCNO-WARSZAWSKI,0.0
PRASKO-WARSZAWSKI,0.0
ŚRÓDMIEJSKO-WARSZAWSKI,0.0
BARANOWICKI,80442.0
BRASŁAWSKI,54249.0
LIDZKI,52646.0
NIEŚWIESKI,36584.0
NOWOGRÓDZKI,55673.42807841176
SŁONIMSKI,82014.0
STOŁPECKI,37432.571921588235
WOŁOŻYŃSKI,108787.0
SZCZUCZYŃSKI (WOJ. NOWOGRÓDZKIE),52553.924688583465
BRZESKI (BRZEŚĆ N.BUG.),77119.97738265993
DROHICKI,41134.0
KOBRYŃSKI,39755.0
KOSZYRSKI,73331.0
ŁUNINIECKI,212674.0
PIŃSKI,165419.0
PRUŻAŃSKI,35278.0
STOLIŃSKI,167064.0
IWACEWICKI,132122.0
BRODNICKI,26034.202763942692
CHEŁMIŃSKI,7442.779847956762
CHOJNICKI,74682.37144962505
DZIAŁDOWSKI,5313.0
GRUDZIĄDZ (MIASTO),0.0
GRUDZIĄDZKI,7070.737326825085
KARTUSKI,28951.792366781458
KOŚCIERSKI,31492.970576899945
LUBAWSKI,13857.695971764928
SĘPOLEŃSKI,10382.0
STAROGARDZKI,36248.904873620384
ŚWIECKI,52309.690211173096
TCZEWSKI,8217.335616754825
TORUŃ (MIASTO),388.3111756983776
TORUŃSKI,13613.20947600848
TUCHOLSKI,39560.938111965814
WĄBRZESKI,7007.255016371008
MORSKI,41613.93125120989
GDYNIA (MIASTO),238.87396340220886
BYDGOSKI,48766.58355133261
BYDGOSZCZ (MIASTO),301.4164486673888
CHODZIESKI,23853.0
CZARNKOWSKI,39347.10166828612
GNIEŹNIEŃSKI,9039.870793642105
GOSTYŃSKI,7960.654080941273
INOWROCŁAWSKI,19557.44080375449
JAROCIŃSKI,15781.932384811713
KĘPIŃSKI,23580.44672040915
KOŚCIAŃSKI,12421.57330888851
KROTOSZYŃSKI,14576.584536059432
LESZCZYŃSKI,16157.982756967782
MIĘDZYCHODZKI,25424.0
MOGILEŃSKI,9632.909822038868
NOWOTOMYSKI,31578.602015096785
OBORNICKI,23337.01437719809
OSTROWSKI (OSTRÓW WIELKOPOLSKI),33944.22907045146
POZNAŃ (MIASTO),76.0
RAWICKI,6076.2493198200245
SZAMOTULSKI,31549.0
SZUBIŃSKI,16324.0
ŚREDZKI,8257.0
ŚREMSKI,16889.34782165066
WĄGROWIECKI,11705.0
WOLSZTYŃSKI,17627.0
WRZESIŃSKI,5830.0
WYRZYSKI,11658.0
ŻNIŃSKI,8592.474474146686
POZNAŃSKI,14278.914241871295
GNIEZNO (MIASTO),552.1126077200498
INOWROCŁAW (MIASTO),192.5591962455107
DOLIŃSKI,143574.74216005873
HORODEŃSKI,5800.179830661931
KAŁUSKI,41423.92852574651
KOŁOMYJSKI,29309.82016933807
KOSOWSKI (KOSÓW HUCULSKI),65321.0
NADWÓRNIAŃSKI,126437.82725301241
ROHATYŃSKI,20203.0
STANISŁAWOWSKI,30964.399166178013
STRYJSKI,80008.18874814853
ŚNIATYŃSKI,3749.0
TŁUMACKI,15035.845030538225
ŻYDACZOWSKI,20888.069091792742
BIELSKI (BIELSKO),7838.0
BIELSKO (MIASTO),1.0
CIESZYŃSKI,22163.0
TARNOGÓRSKI,13101.0
KATOWICE (MIASTO),642.0
KATOWICKI,3353.753100200294
LUBLINIECKI,35143.0
PSZCZYŃSKI,32337.0
RYBNICKI,19943.0
ŚWIĘTOCHŁOWICKI,226.4033591299363
CHORZÓW,437.8435406697698
BORSZCZOWSKI,15030.355443604685
BRODZKI,34758.43342967734
BRZEŻAŃSKI,23842.284654097984
BUCZACKI,20381.825380963022
CZORTKOWSKI,10575.855837111036
KAMIONECKI,25599.081855890403
PODHAJECKI,12741.61429578271
PRZEMYŚLAŃSKI,20547.0
RADZIECHOWSKI,22873.566570322666
SKAŁACKI,7920.3292620225075
TARNOPOLSKI,8529.859534716721
TREMBOWELSKI,8914.073121708334
ZALESZCZYCKI,8048.681345521172
ZBARASKI,4007.0
ZBOROWSKI,9848.0
ZŁOCZOWSKI,24849.584218192897
KOPYCZYNIECKI,10456.121148996677
BŁOŃSKI,11192.0
CIECHANOWSKI,9034.0
GOSTYNIŃSKI,26576.0
GRÓJECKI,16580.0
KUTNOWSKI,3736.0
LIPNOWSKI,25105.0
ŁOWICKI,10166.0
MAKOWSKI (MAKÓW MAZOWIECKI),22536.0
MIŃSKI,17858.0
MŁAWSKI,10599.0
NIESZAWSKI,3892.0
PŁOCKI,7098.0
PŁOŃSKI,6297.0
PRZASNYCKI,29022.0
PUŁTUSKI,25485.0
RADZYMIŃSKI,19889.0
RAWSKI (RAWA MAZOWIECKA),22697.0
RYPIŃSKI,14305.0
SIERPECKI,6399.0
SKIERNIEWICKI,12051.0
SOCHACZEWSKI,15875.0
WARSZAWSKI,32847.0
WŁOCŁAWSKI,20295.0
DUBIEŃSKI,46408.0
HOROCHOWSKI,22951.0
KOWELSKI,106689.0
KRZEMIENIECKI,29893.0
LUBOMELSKI,44103.0
ŁUCKI,96962.0
RÓWIEŃSKI,51066.0
WŁODZIMIERSKI,32567.0
KOSTOPOLSKI,139363.0
ZDOŁBUNOWSKI,25499.0
SARNEŃSKI,209308.0
OSZMIAŃSKI,44552.78299051164
ŚWIĘCIAŃSKI,88294.0
WILNO (MIASTO),460.0
DZIŚNIEŃSKI,47411.0
WILEJSKI,69780.0
WILEŃSKO-TROCKI,143913.21700948835
POSTAWSKI,49899.0
MOŁODECZAŃSKI,26011.0
