District,1. Number of workers in plants I-VII,2. Plants: total,3. Plants: I-III,4. Plants: IV-V,5. Plants: VI-VII,6. Plants: VIII,7. Mining: I-V,8. Mining: VI-VII,9. Mining: VIII,10. Mineral: I-V,11. Mineral: VI-VII,12. Mineral: VIII,13. Mineral: brickyards (within others),14. Mineral: concrete plants (within others),15. Metal and electrotechnical: I-V,16. Metal and electrotechnical: VI-VII,17. Metal and electrotechnical: VIII,18. Metal and electrotechnical: metal production (within others),19. Metal and electrotechnical: blacksmithing (within others),"20. Metal and electrotechnical: locksmithing, repairs (within others)",21. Metal and electrotechnical: tinsmithing (within others),22. Metal and electrotechnical: watchmaking and jewelry (within others),23. Chemical: I-V,24. Chemical: VI-VII,25. Chemical: VIII,26. Chemical: oil mills (within others),27. Textile: I-V,28. Textile: VI-VII,29. Textile: VIII,30. Paper: I-V,31. Paper: VI-VII,32. Paper: VIII,33. Leather: I-V,34. Leather: VI-VII,35. Leather: VIII,36. Leather: tanning and white leather (within others),37. Leather: saddlery and harness making (within others),38. Wood: I-V,39. Wood: VI-VII,40. Wood: VIII,41. Wood: sawmills (within others),42. Wood: carpentry (within others),43. Wood: wheelwrighting (within others),44. Food: I-V,45. Food: VI-VII,46. Food: VIII,47. Food: mills (within others),48. Food: bakeries (within others),49. Food: dairies (within others),50. Food: butchery and meat processing (within others),51. Clothing: I-V,52. Clothing: VI-VII,53. Clothing: VIII,54. Clothing: tailoring and clothing accessories (within others),55. Clothing: shoemaking and boot making (within others),56. Clothing: furriery (within others),57. Printing: I-V,58. Printing: VI-VII,59. Printing: VIII,60. Printing: printing houses (within others),61. Construction: I-V,62. Construction: VI-VII,63. Construction: VIII,64. Processing of various materials: VII,65. Processing of various materials: VIII,66. Power plants: I-V,67. Power plants: VI-VII,68. Power plants: VIII,69. Services: V-VII,70. Services: VIII,71. Services: hairdressing (within others),72. Services: transport (within others),73. Horticulture and fisheries: V-VII,74. Horticulture and fisheries: VIII,75. Other plants: VIII
AUGUSTOWSKI,421.0,398.0,1.0,6.0,18.0,373.0,0.0,0.0,0.0,0.0,0.0,3.0,1.0,1.0,0.0,0.0,58.0,0.0,34.0,14.0,2.0,6.0,0.0,1.0,5.0,2.0,0.0,0.0,2.0,0.0,0.0,0.0,0.0,0.0,6.0,5.0,1.0,2.0,3.0,22.0,1.0,11.0,4.0,5.0,9.0,90.0,10.0,39.0,25.0,7.0,0.0,0.0,119.0,67.0,38.0,2.0,0.0,0.0,7.0,1.0,0.0,0.0,6.0,0.0,8.0,0.0,0.0,1.0,1.0,39.0,18.0,18.0,4.0,5.0,2.0
BIAŁOSTOCKI,1818.0,775.0,1.0,17.0,76.0,681.0,0.0,0.0,0.0,1.0,6.0,11.0,7.0,2.0,0.0,0.0,44.0,0.0,29.0,11.0,2.0,2.0,0.0,8.0,15.0,9.0,10.0,12.0,216.0,0.0,0.0,0.0,2.0,7.0,19.0,12.0,4.0,5.0,5.0,23.0,1.0,12.0,0.0,0.0,35.0,220.0,32.0,74.0,40.0,59.0,0.0,0.0,77.0,41.0,19.0,4.0,0.0,0.0,1.0,0.0,0.0,0.0,2.0,0.0,3.0,0.0,2.0,3.0,0.0,35.0,33.0,0.0,1.0,1.0,11.0
BIELSKI (BIELSK PODLASKI),2846.0,1381.0,3.0,19.0,103.0,1256.0,0.0,0.0,0.0,9.0,6.0,64.0,29.0,20.0,0.0,0.0,137.0,4.0,84.0,19.0,9.0,17.0,2.0,9.0,30.0,17.0,0.0,6.0,23.0,0.0,0.0,0.0,0.0,0.0,28.0,4.0,23.0,9.0,16.0,87.0,5.0,36.0,21.0,2.0,61.0,331.0,65.0,103.0,67.0,77.0,0.0,0.0,418.0,202.0,160.0,24.0,0.0,0.0,20.0,3.0,0.0,0.0,27.0,1.0,19.0,0.0,4.0,7.0,0.0,63.0,49.0,7.0,0.0,2.0,0.0
GRODZIEŃSKI,2806.0,1288.0,0.0,23.0,107.0,1158.0,0.0,0.0,1.0,3.0,4.0,20.0,12.0,4.0,0.0,0.0,147.0,2.0,73.0,34.0,7.0,21.0,0.0,1.0,23.0,1.0,0.0,0.0,11.0,0.0,1.0,4.0,3.0,29.0,66.0,21.0,15.0,8.0,12.0,60.0,0.0,33.0,5.0,4.0,55.0,235.0,26.0,114.0,16.0,37.0,0.0,2.0,366.0,169.0,125.0,14.0,0.0,3.0,33.0,10.0,0.0,1.0,10.0,2.0,12.0,0.0,0.0,5.0,0.0,150.0,86.0,34.0,2.0,11.0,4.0
ŁOMŻYŃSKI,504.0,1332.0,0.0,11.0,68.0,1253.0,0.0,0.0,0.0,1.0,3.0,17.0,8.0,6.0,0.0,0.0,166.0,1.0,104.0,24.0,12.0,23.0,0.0,0.0,16.0,10.0,1.0,1.0,12.0,0.0,1.0,1.0,0.0,0.0,21.0,2.0,16.0,2.0,4.0,79.0,2.0,44.0,22.0,6.0,54.0,271.0,56.0,101.0,46.0,44.0,0.0,0.0,522.0,277.0,192.0,12.0,0.0,0.0,21.0,7.0,0.0,4.0,20.0,1.0,13.0,0.0,0.0,2.0,1.0,92.0,49.0,29.0,0.0,0.0,0.0
OSTROŁĘCKI,297.0,591.0,0.0,5.0,38.0,548.0,0.0,0.0,0.0,2.0,0.0,11.0,7.0,2.0,0.0,1.0,45.0,2.0,14.0,10.0,5.0,11.0,0.0,1.0,11.0,8.0,0.0,0.0,6.0,0.0,0.0,0.0,0.0,0.0,10.0,1.0,9.0,2.0,7.0,29.0,2.0,11.0,11.0,1.0,26.0,191.0,27.0,67.0,22.0,63.0,0.0,0.0,165.0,80.0,67.0,1.0,0.0,0.0,6.0,3.0,0.0,2.0,13.0,0.0,3.0,0.0,0.0,3.0,0.0,55.0,25.0,29.0,1.0,0.0,0.0
OSTROWSKI (OSTRÓW MAZOWIECKA),644.0,618.0,1.0,8.0,59.0,550.0,0.0,0.0,2.0,0.0,2.0,11.0,6.0,3.0,1.0,0.0,65.0,2.0,34.0,14.0,6.0,8.0,0.0,1.0,22.0,20.0,0.0,0.0,9.0,0.0,0.0,0.0,0.0,0.0,14.0,3.0,11.0,4.0,4.0,37.0,4.0,20.0,2.0,4.0,51.0,165.0,32.0,67.0,35.0,18.0,0.0,0.0,160.0,76.0,61.0,3.0,0.0,0.0,7.0,2.0,0.0,0.0,22.0,0.0,4.0,0.0,0.0,0.0,0.0,31.0,20.0,5.0,1.0,1.0,0.0
SOKÓLSKI,108.0,532.0,0.0,0.0,32.0,500.0,0.0,0.0,0.0,0.0,3.0,11.0,6.0,0.0,0.0,0.0,67.0,0.0,56.0,6.0,1.0,4.0,0.0,1.0,9.0,7.0,0.0,0.0,11.0,0.0,0.0,0.0,0.0,5.0,33.0,7.0,13.0,0.0,1.0,24.0,2.0,12.0,0.0,0.0,21.0,100.0,30.0,42.0,7.0,10.0,0.0,0.0,189.0,114.0,55.0,5.0,0.0,0.0,8.0,1.0,0.0,0.0,9.0,0.0,2.0,0.0,1.0,2.0,0.0,33.0,16.0,16.0,0.0,0.0,2.0
SUWALSKI,395.0,599.0,0.0,6.0,34.0,559.0,0.0,0.0,0.0,0.0,2.0,16.0,6.0,2.0,0.0,1.0,93.0,0.0,50.0,16.0,7.0,17.0,0.0,0.0,9.0,5.0,0.0,1.0,13.0,0.0,1.0,0.0,0.0,2.0,11.0,5.0,2.0,1.0,0.0,16.0,1.0,7.0,5.0,4.0,24.0,141.0,9.0,42.0,58.0,14.0,0.0,1.0,143.0,75.0,39.0,4.0,0.0,0.0,14.0,3.0,0.0,0.0,7.0,0.0,7.0,0.0,0.0,1.0,1.0,80.0,29.0,48.0,2.0,6.0,2.0
SZCZUCZYŃSKI (WOJ. BIAŁOSTOCKIE),194.0,395.0,0.0,3.0,26.0,366.0,0.0,0.0,0.0,0.0,0.0,13.0,7.0,5.0,0.0,0.0,55.0,0.0,32.0,10.0,2.0,7.0,0.0,0.0,5.0,5.0,1.0,0.0,2.0,0.0,0.0,0.0,0.0,0.0,5.0,4.0,1.0,0.0,3.0,19.0,2.0,12.0,1.0,2.0,22.0,109.0,3.0,54.0,26.0,14.0,0.0,0.0,103.0,58.0,29.0,4.0,0.0,0.0,6.0,1.0,0.0,0.0,15.0,0.0,3.0,0.0,0.0,2.0,0.0,28.0,17.0,6.0,1.0,1.0,0.0
WOŁKOWYSKI,619.0,822.0,0.0,14.0,88.0,720.0,0.0,0.0,0.0,2.0,8.0,28.0,15.0,10.0,0.0,2.0,88.0,4.0,38.0,16.0,8.0,13.0,0.0,2.0,19.0,2.0,0.0,1.0,7.0,0.0,0.0,0.0,0.0,6.0,39.0,11.0,15.0,7.0,11.0,38.0,1.0,26.0,3.0,5.0,57.0,154.0,31.0,51.0,14.0,41.0,0.0,0.0,278.0,117.0,122.0,7.0,0.0,0.0,10.0,2.0,0.0,0.0,7.0,0.0,6.0,0.0,1.0,2.0,0.0,42.0,29.0,3.0,0.0,1.0,1.0
WYSOKOMAZOWIECKI,136.0,804.0,0.0,6.0,33.0,765.0,0.0,0.0,0.0,1.0,2.0,8.0,2.0,1.0,0.0,0.0,97.0,0.0,69.0,15.0,7.0,6.0,0.0,0.0,8.0,5.0,0.0,1.0,13.0,0.0,0.0,0.0,0.0,0.0,12.0,1.0,10.0,0.0,3.0,47.0,1.0,27.0,10.0,4.0,26.0,198.0,34.0,62.0,74.0,19.0,1.0,0.0,255.0,118.0,106.0,12.0,0.0,0.0,9.0,1.0,0.0,1.0,53.0,0.0,5.0,0.0,0.0,3.0,0.0,55.0,21.0,32.0,0.0,2.0,0.0
BIAŁYSTOK (MIASTO),5266.0,1815.0,7.0,62.0,138.0,1608.0,0.0,0.0,0.0,3.0,4.0,25.0,0.0,11.0,2.0,10.0,173.0,11.0,19.0,59.0,25.0,36.0,1.0,6.0,42.0,7.0,48.0,42.0,402.0,2.0,2.0,7.0,2.0,15.0,44.0,5.0,14.0,4.0,6.0,78.0,1.0,53.0,1.0,4.0,35.0,202.0,2.0,103.0,2.0,52.0,0.0,10.0,374.0,189.0,78.0,21.0,0.0,5.0,36.0,10.0,1.0,1.0,25.0,1.0,37.0,1.0,0.0,1.0,2.0,147.0,113.0,3.0,0.0,3.0,12.0
BĘDZIŃSKI,23961.0,1642.0,32.0,51.0,119.0,1440.0,17.0,0.0,2.0,19.0,7.0,19.0,7.0,2.0,17.0,18.0,136.0,24.0,22.0,33.0,21.0,29.0,6.0,7.0,34.0,3.0,2.0,2.0,32.0,0.0,5.0,17.0,0.0,4.0,25.0,2.0,11.0,2.0,3.0,112.0,5.0,77.0,1.0,6.0,26.0,327.0,12.0,122.0,0.0,122.0,1.0,12.0,412.0,219.0,102.0,16.0,0.0,4.0,34.0,20.0,6.0,18.0,78.0,1.0,29.0,8.0,0.0,0.0,10.0,168.0,120.0,29.0,1.0,1.0,14.0
CZĘSTOCHOWSKI,5998.0,429.0,3.0,26.0,69.0,331.0,6.0,5.0,0.0,8.0,7.0,8.0,6.0,2.0,3.0,1.0,11.0,0.0,6.0,2.0,2.0,1.0,3.0,3.0,4.0,2.0,1.0,5.0,4.0,2.0,0.0,0.0,0.0,0.0,4.0,3.0,0.0,3.0,9.0,34.0,19.0,8.0,0.0,3.0,37.0,199.0,21.0,80.0,22.0,62.0,0.0,0.0,28.0,7.0,14.0,0.0,0.0,0.0,0.0,0.0,0.0,2.0,8.0,0.0,2.0,0.0,0.0,3.0,0.0,23.0,15.0,3.0,0.0,2.0,1.0
IŁŻECKI,4318.0,803.0,6.0,6.0,78.0,713.0,3.0,6.0,5.0,2.0,2.0,47.0,10.0,15.0,4.0,1.0,47.0,1.0,24.0,6.0,5.0,9.0,1.0,0.0,16.0,16.0,0.0,0.0,3.0,0.0,0.0,0.0,0.0,0.0,12.0,7.0,5.0,4.0,8.0,50.0,3.0,38.0,0.0,0.0,46.0,239.0,86.0,65.0,14.0,64.0,0.0,0.0,219.0,98.0,110.0,1.0,0.0,1.0,6.0,0.0,0.0,8.0,10.0,0.0,3.0,1.0,0.0,4.0,2.0,51.0,37.0,11.0,1.0,0.0,1.0
JĘDRZEJOWSKI,428.0,594.0,0.0,8.0,61.0,525.0,0.0,1.0,0.0,2.0,1.0,11.0,5.0,5.0,1.0,2.0,63.0,0.0,40.0,10.0,8.0,4.0,0.0,0.0,5.0,1.0,0.0,0.0,6.0,0.0,0.0,0.0,0.0,0.0,4.0,3.0,0.0,1.0,6.0,60.0,3.0,37.0,12.0,4.0,49.0,150.0,30.0,45.0,16.0,53.0,0.0,0.0,175.0,80.0,73.0,1.0,0.0,0.0,6.0,3.0,0.0,2.0,19.0,0.0,2.0,0.0,0.0,4.0,0.0,20.0,14.0,1.0,0.0,0.0,0.0
KIELECKI,5898.0,890.0,4.0,38.0,110.0,738.0,6.0,8.0,5.0,14.0,4.0,11.0,1.0,4.0,3.0,1.0,40.0,4.0,8.0,16.0,4.0,6.0,4.0,2.0,16.0,1.0,0.0,1.0,9.0,1.0,1.0,7.0,1.0,5.0,20.0,12.0,6.0,6.0,28.0,32.0,3.0,17.0,0.0,4.0,23.0,283.0,26.0,102.0,43.0,83.0,0.0,26.0,191.0,70.0,82.0,5.0,0.0,3.0,18.0,7.0,2.0,4.0,15.0,0.0,11.0,1.0,0.0,0.0,4.0,78.0,62.0,5.0,0.0,0.0,2.0
KONECKI,6773.0,958.0,6.0,29.0,83.0,840.0,0.0,8.0,4.0,2.0,4.0,21.0,5.0,6.0,12.0,9.0,59.0,12.0,15.0,12.0,4.0,12.0,2.0,3.0,13.0,5.0,0.0,0.0,22.0,0.0,0.0,5.0,0.0,10.0,15.0,6.0,8.0,12.0,18.0,51.0,3.0,36.0,1.0,3.0,25.0,277.0,35.0,106.0,7.0,110.0,2.0,3.0,278.0,129.0,110.0,1.0,0.0,0.0,15.0,5.0,0.0,3.0,8.0,0.0,13.0,2.0,0.0,2.0,0.0,56.0,52.0,1.0,0.0,1.0,0.0
KOZIENICKI,2329.0,642.0,1.0,5.0,53.0,583.0,0.0,0.0,0.0,1.0,3.0,10.0,3.0,7.0,0.0,0.0,43.0,1.0,17.0,16.0,2.0,7.0,1.0,1.0,12.0,10.0,0.0,0.0,4.0,0.0,0.0,1.0,0.0,0.0,13.0,6.0,5.0,3.0,6.0,31.0,1.0,15.0,1.0,0.0,40.0,224.0,63.0,78.0,9.0,56.0,0.0,1.0,185.0,63.0,114.0,0.0,0.0,0.0,4.0,1.0,1.0,2.0,8.0,0.0,4.0,0.0,0.0,0.0,0.0,43.0,31.0,7.0,0.0,0.0,1.0
MIECHOWSKI,375.0,623.0,0.0,15.0,50.0,558.0,0.0,0.0,1.0,0.0,1.0,12.0,8.0,3.0,1.0,1.0,32.0,0.0,9.0,8.0,7.0,8.0,0.0,0.0,7.0,1.0,0.0,1.0,12.0,0.0,0.0,0.0,0.0,0.0,6.0,0.0,5.0,2.0,5.0,28.0,5.0,16.0,2.0,12.0,41.0,297.0,46.0,45.0,155.0,31.0,0.0,1.0,114.0,50.0,61.0,0.0,0.0,0.0,6.0,4.0,0.0,0.0,10.0,0.0,4.0,0.0,0.0,3.0,0.0,24.0,17.0,6.0,0.0,0.0,2.0
OLKUSKI,3831.0,644.0,5.0,9.0,55.0,575.0,0.0,1.0,1.0,4.0,4.0,23.0,4.0,10.0,4.0,2.0,34.0,1.0,13.0,11.0,3.0,6.0,1.0,1.0,8.0,0.0,0.0,1.0,12.0,1.0,0.0,1.0,0.0,3.0,12.0,9.0,3.0,0.0,10.0,44.0,19.0,11.0,0.0,4.0,26.0,253.0,72.0,70.0,11.0,79.0,0.0,3.0,132.0,59.0,66.0,0.0,0.0,0.0,7.0,6.0,0.0,2.0,11.0,0.0,3.0,0.0,1.0,4.0,1.0,30.0,24.0,1.0,0.0,0.0,0.0
OPATOWSKI,5048.0,865.0,3.0,20.0,74.0,768.0,1.0,2.0,1.0,4.0,3.0,19.0,3.0,8.0,1.0,3.0,53.0,2.0,12.0,18.0,6.0,15.0,1.0,1.0,15.0,8.0,0.0,0.0,8.0,2.0,0.0,3.0,0.0,1.0,26.0,3.0,8.0,5.0,8.0,30.0,1.0,22.0,0.0,9.0,54.0,279.0,27.0,66.0,73.0,89.0,0.0,2.0,248.0,140.0,70.0,8.0,0.0,0.0,14.0,6.0,0.0,0.0,5.0,0.0,10.0,0.0,0.0,0.0,0.0,56.0,42.0,12.0,0.0,0.0,1.0
OPOCZYŃSKI,1909.0,530.0,1.0,13.0,101.0,415.0,1.0,11.0,14.0,5.0,5.0,6.0,3.0,3.0,1.0,8.0,34.0,2.0,19.0,4.0,3.0,6.0,0.0,0.0,9.0,9.0,0.0,1.0,14.0,1.0,0.0,0.0,0.0,1.0,18.0,3.0,5.0,2.0,10.0,27.0,6.0,9.0,1.0,4.0,65.0,184.0,48.0,54.0,11.0,66.0,0.0,0.0,75.0,34.0,34.0,0.0,0.0,0.0,2.0,1.0,0.0,0.0,6.0,0.0,1.0,0.0,0.0,1.0,0.0,22.0,19.0,3.0,0.0,0.0,2.0
PIŃCZOWSKI,612.0,455.0,2.0,2.0,46.0,405.0,0.0,0.0,5.0,1.0,3.0,14.0,2.0,6.0,0.0,0.0,19.0,1.0,4.0,3.0,3.0,8.0,0.0,2.0,7.0,2.0,0.0,0.0,16.0,0.0,0.0,1.0,0.0,0.0,10.0,3.0,3.0,1.0,3.0,24.0,1.0,15.0,3.0,2.0,36.0,162.0,18.0,49.0,47.0,37.0,0.0,0.0,113.0,60.0,46.0,0.0,0.0,0.0,5.0,3.0,0.0,2.0,4.0,0.0,1.0,0.0,0.0,2.0,0.0,21.0,18.0,3.0,0.0,0.0,1.0
RADOMSKI,295.0,469.0,1.0,5.0,75.0,388.0,1.0,3.0,3.0,0.0,6.0,10.0,4.0,6.0,0.0,0.0,35.0,0.0,31.0,1.0,2.0,1.0,0.0,0.0,7.0,6.0,0.0,0.0,8.0,0.0,0.0,0.0,1.0,1.0,8.0,0.0,7.0,2.0,9.0,32.0,3.0,17.0,2.0,2.0,51.0,188.0,94.0,42.0,13.0,35.0,0.0,4.0,71.0,20.0,49.0,0.0,0.0,0.0,1.0,0.0,0.0,0.0,3.0,0.0,0.0,0.0,1.0,0.0,0.0,19.0,16.0,2.0,0.0,0.0,3.0
SANDOMIERSKI,376.0,462.0,1.0,6.0,53.0,402.0,0.0,1.0,1.0,1.0,2.0,14.0,5.0,1.0,0.0,1.0,28.0,1.0,16.0,4.0,3.0,4.0,0.0,0.0,8.0,7.0,0.0,0.0,4.0,0.0,0.0,0.0,0.0,0.0,10.0,6.0,4.0,1.0,1.0,20.0,1.0,11.0,1.0,5.0,44.0,146.0,36.0,62.0,16.0,20.0,0.0,0.0,138.0,30.0,98.0,1.0,0.0,2.0,8.0,3.0,0.0,0.0,2.0,0.0,3.0,0.0,0.0,2.0,0.0,18.0,18.0,0.0,2.0,0.0,0.0
STOPNICKI,533.0,785.0,0.0,3.0,54.0,728.0,0.0,1.0,0.0,1.0,2.0,16.0,5.0,9.0,0.0,0.0,49.0,0.0,29.0,7.0,4.0,9.0,0.0,1.0,11.0,8.0,0.0,1.0,8.0,0.0,0.0,1.0,0.0,1.0,24.0,13.0,1.0,0.0,13.0,61.0,2.0,38.0,7.0,2.0,34.0,254.0,61.0,83.0,60.0,37.0,0.0,0.0,230.0,116.0,89.0,1.0,0.0,0.0,17.0,6.0,0.0,1.0,15.0,0.0,5.0,0.0,0.0,1.0,0.0,34.0,29.0,5.0,0.0,1.0,1.0
WŁOSZCZOWSKI,334.0,601.0,0.0,5.0,74.0,522.0,0.0,1.0,0.0,0.0,0.0,21.0,11.0,4.0,0.0,1.0,37.0,0.0,19.0,9.0,3.0,6.0,0.0,1.0,7.0,3.0,0.0,2.0,3.0,0.0,0.0,1.0,0.0,0.0,13.0,10.0,1.0,2.0,13.0,22.0,1.0,13.0,3.0,3.0,53.0,195.0,37.0,41.0,4.0,106.0,0.0,0.0,183.0,87.0,83.0,0.0,0.0,0.0,4.0,0.0,0.0,0.0,20.0,0.0,1.0,0.0,2.0,1.0,1.0,14.0,11.0,2.0,0.0,0.0,0.0
ZAWIERCIAŃSKI,7738.0,603.0,8.0,17.0,60.0,518.0,1.0,10.0,4.0,5.0,9.0,22.0,11.0,3.0,9.0,2.0,34.0,11.0,3.0,5.0,5.0,9.0,2.0,1.0,11.0,2.0,2.0,0.0,8.0,3.0,2.0,0.0,0.0,1.0,13.0,9.0,3.0,1.0,10.0,25.0,8.0,11.0,0.0,1.0,19.0,195.0,18.0,70.0,0.0,95.0,0.0,2.0,142.0,58.0,60.0,3.0,0.0,2.0,10.0,4.0,1.0,1.0,12.0,0.0,4.0,0.0,0.0,1.0,1.0,36.0,22.0,6.0,0.0,0.0,1.0
CZĘSTOCHOWA (MIASTO),16232.0,1604.0,10.0,77.0,171.0,1346.0,0.0,0.0,0.0,11.0,10.0,19.0,0.0,3.0,30.0,52.0,154.0,28.0,16.0,55.0,19.0,25.0,4.0,10.0,39.0,2.0,12.0,7.0,35.0,3.0,5.0,27.0,1.0,3.0,29.0,2.0,5.0,7.0,15.0,105.0,0.0,56.0,4.0,7.0,14.0,191.0,6.0,84.0,2.0,66.0,4.0,30.0,187.0,196.0,99.0,12.0,2.0,5.0,53.0,16.0,4.0,13.0,88.0,2.0,69.0,2.0,0.0,0.0,2.0,136.0,94.0,24.0,3.0,11.0,3.0
SOSNOWIEC,11837.0,1030.0,11.0,27.0,101.0,891.0,3.0,0.0,5.0,0.0,7.0,3.0,0.0,0.0,12.0,15.0,73.0,15.0,0.0,20.0,10.0,17.0,4.0,3.0,35.0,0.0,8.0,9.0,43.0,1.0,3.0,20.0,0.0,1.0,12.0,0.0,6.0,0.0,6.0,70.0,1.0,57.0,0.0,4.0,11.0,115.0,3.0,53.0,0.0,20.0,2.0,17.0,325.0,146.0,65.0,26.0,1.0,9.0,35.0,12.0,1.0,14.0,32.0,0.0,26.0,0.0,0.0,0.0,6.0,89.0,55.0,14.0,2.0,0.0,8.0
RADOM (MIASTO),6221.0,668.0,2.0,42.0,77.0,547.0,0.0,0.0,0.0,5.0,3.0,14.0,1.0,3.0,12.0,5.0,47.0,8.0,7.0,15.0,4.0,10.0,1.0,4.0,12.0,4.0,1.0,0.0,8.0,1.0,1.0,6.0,10.0,19.0,10.0,2.0,8.0,3.0,6.0,17.0,0.0,13.0,0.0,6.0,10.0,100.0,4.0,5.0,1.0,26.0,0.0,21.0,195.0,95.0,58.0,8.0,2.0,1.0,17.0,6.0,2.0,4.0,5.0,0.0,13.0,1.0,0.0,0.0,3.0,97.0,72.0,8.0,0.0,2.0,4.0
BIALSKI (BIAŁA KRAKOWSKA),7844.0,1224.0,7.0,71.0,119.0,1027.0,3.0,4.0,3.0,7.0,13.0,34.0,11.0,16.0,13.0,7.0,123.0,6.0,61.0,24.0,8.0,11.0,4.0,6.0,11.0,0.0,21.0,18.0,47.0,1.0,2.0,7.0,4.0,1.0,13.0,3.0,6.0,6.0,13.0,146.0,15.0,96.0,22.0,9.0,30.0,201.0,19.0,82.0,13.0,51.0,4.0,8.0,226.0,106.0,94.0,8.0,0.0,3.0,20.0,8.0,3.0,9.0,49.0,0.0,41.0,1.0,1.0,1.0,6.0,91.0,48.0,29.0,0.0,5.0,9.0
BOCHEŃSKI,486.0,586.0,0.0,5.0,29.0,552.0,0.0,0.0,2.0,2.0,2.0,29.0,5.0,23.0,0.0,1.0,66.0,2.0,41.0,9.0,6.0,6.0,0.0,1.0,4.0,0.0,0.0,0.0,6.0,0.0,0.0,0.0,0.0,1.0,2.0,0.0,2.0,0.0,3.0,52.0,7.0,39.0,2.0,2.0,18.0,191.0,18.0,20.0,80.0,56.0,0.0,1.0,110.0,60.0,41.0,2.0,1.0,0.0,9.0,1.0,0.0,2.0,26.0,0.0,10.0,0.0,0.0,0.0,0.0,38.0,13.0,22.0,0.0,4.0,3.0
BRZESKI (BRZESKO),553.0,337.0,2.0,2.0,26.0,307.0,0.0,0.0,4.0,1.0,3.0,31.0,5.0,24.0,0.0,0.0,28.0,1.0,18.0,2.0,5.0,2.0,0.0,0.0,0.0,0.0,0.0,0.0,1.0,0.0,0.0,1.0,0.0,0.0,1.0,0.0,1.0,0.0,8.0,24.0,1.0,18.0,2.0,3.0,12.0,140.0,4.0,23.0,75.0,32.0,0.0,0.0,49.0,20.0,25.0,0.0,0.0,0.0,3.0,1.0,0.0,2.0,5.0,0.0,3.0,0.0,1.0,0.0,0.0,15.0,6.0,7.0,0.0,0.0,2.0
CHRZANOWSKI,11758.0,759.0,16.0,37.0,48.0,658.0,12.0,8.0,10.0,13.0,10.0,35.0,11.0,17.0,4.0,3.0,42.0,1.0,18.0,6.0,11.0,6.0,7.0,3.0,13.0,0.0,6.0,7.0,12.0,1.0,0.0,5.0,1.0,0.0,4.0,0.0,3.0,2.0,4.0,37.0,6.0,26.0,1.0,3.0,9.0,250.0,27.0,85.0,6.0,107.0,1.0,2.0,127.0,74.0,31.0,4.0,0.0,0.0,14.0,6.0,0.0,2.0,35.0,0.0,15.0,3.0,0.0,1.0,0.0,56.0,39.0,7.0,0.0,0.0,2.0
DĄBROWSKI,45.0,165.0,0.0,1.0,8.0,156.0,0.0,0.0,1.0,1.0,1.0,7.0,1.0,6.0,0.0,0.0,15.0,0.0,8.0,2.0,4.0,1.0,0.0,0.0,0.0,0.0,0.0,0.0,3.0,0.0,0.0,0.0,0.0,0.0,4.0,0.0,4.0,0.0,1.0,12.0,2.0,9.0,1.0,0.0,6.0,64.0,3.0,17.0,21.0,20.0,0.0,0.0,38.0,11.0,26.0,0.0,0.0,0.0,4.0,1.0,0.0,0.0,0.0,0.0,1.0,0.0,0.0,0.0,0.0,7.0,2.0,1.0,0.0,0.0,0.0
GORLICKI,2075.0,409.0,3.0,6.0,59.0,341.0,0.0,31.0,16.0,2.0,4.0,18.0,0.0,13.0,1.0,4.0,35.0,0.0,8.0,11.0,7.0,9.0,3.0,4.0,11.0,0.0,0.0,0.0,5.0,0.0,0.0,2.0,0.0,1.0,8.0,4.0,2.0,2.0,9.0,34.0,10.0,17.0,3.0,1.0,4.0,105.0,9.0,30.0,20.0,37.0,0.0,0.0,54.0,16.0,32.0,1.0,0.0,0.0,8.0,4.0,0.0,1.0,13.0,0.0,10.0,0.0,1.0,0.0,0.0,18.0,13.0,3.0,0.0,1.0,3.0
JASIELSKI,554.0,360.0,1.0,9.0,33.0,317.0,0.0,8.0,0.0,3.0,3.0,17.0,2.0,2.0,0.0,0.0,37.0,0.0,15.0,9.0,7.0,5.0,1.0,1.0,3.0,0.0,0.0,0.0,4.0,1.0,0.0,0.0,0.0,0.0,3.0,1.0,1.0,2.0,5.0,27.0,8.0,17.0,0.0,1.0,14.0,62.0,10.0,17.0,7.0,15.0,0.0,1.0,115.0,29.0,78.0,2.0,0.0,0.0,6.0,2.0,1.0,1.0,13.0,0.0,8.0,1.0,0.0,0.0,0.0,20.0,12.0,5.0,0.0,1.0,1.0
KRAKOWSKI,2696.0,510.0,6.0,31.0,41.0,432.0,1.0,0.0,5.0,11.0,4.0,26.0,3.0,18.0,6.0,2.0,48.0,2.0,29.0,9.0,6.0,2.0,4.0,3.0,2.0,0.0,0.0,0.0,1.0,0.0,2.0,0.0,1.0,1.0,4.0,0.0,4.0,1.0,2.0,42.0,2.0,36.0,1.0,12.0,19.0,132.0,22.0,39.0,14.0,48.0,0.0,1.0,36.0,19.0,9.0,3.0,0.0,0.0,5.0,1.0,1.0,5.0,22.0,0.0,6.0,0.0,0.0,1.0,0.0,92.0,27.0,59.0,2.0,2.0,8.0
KRAKÓW (MIASTO),11329.0,3513.0,9.0,136.0,414.0,2954.0,1.0,5.0,18.0,15.0,12.0,44.0,0.0,12.0,25.0,50.0,366.0,57.0,17.0,97.0,54.0,93.0,10.0,26.0,69.0,0.0,4.0,13.0,86.0,7.0,10.0,26.0,4.0,13.0,48.0,0.0,16.0,3.0,18.0,146.0,1.0,100.0,8.0,21.0,77.0,227.0,0.0,60.0,11.0,30.0,10.0,84.0,994.0,441.0,227.0,110.0,16.0,17.0,118.0,34.0,25.0,62.0,207.0,0.0,149.0,0.0,0.0,0.0,30.0,444.0,236.0,173.0,1.0,4.0,8.0
LIMANOWSKI,245.0,204.0,0.0,7.0,21.0,176.0,0.0,0.0,0.0,0.0,1.0,5.0,3.0,2.0,0.0,0.0,9.0,0.0,5.0,1.0,0.0,2.0,1.0,0.0,1.0,0.0,0.0,0.0,4.0,0.0,0.0,0.0,0.0,0.0,3.0,3.0,0.0,4.0,10.0,32.0,18.0,12.0,1.0,2.0,9.0,81.0,22.0,17.0,15.0,21.0,0.0,0.0,19.0,5.0,13.0,1.0,0.0,0.0,5.0,1.0,0.0,0.0,7.0,0.0,3.0,0.0,1.0,0.0,0.0,7.0,4.0,2.0,0.0,0.0,0.0
MIELECKI,219.0,202.0,0.0,4.0,20.0,178.0,0.0,0.0,0.0,1.0,4.0,22.0,5.0,14.0,0.0,0.0,10.0,0.0,1.0,6.0,2.0,1.0,0.0,0.0,3.0,0.0,0.0,0.0,0.0,0.0,0.0,0.0,0.0,1.0,2.0,0.0,1.0,1.0,5.0,22.0,0.0,9.0,0.0,2.0,9.0,71.0,2.0,17.0,20.0,29.0,0.0,0.0,26.0,19.0,3.0,0.0,0.0,0.0,3.0,2.0,0.0,1.0,4.0,0.0,2.0,0.0,0.0,0.0,0.0,12.0,7.0,4.0,0.0,0.0,1.0
MYŚLENICKI,315.0,438.0,0.0,4.0,31.0,403.0,0.0,0.0,2.0,1.0,3.0,24.0,6.0,18.0,0.0,0.0,30.0,0.0,21.0,5.0,3.0,1.0,0.0,0.0,0.0,0.0,0.0,1.0,2.0,0.0,0.0,0.0,1.0,1.0,16.0,10.0,4.0,0.0,10.0,45.0,12.0,23.0,8.0,1.0,12.0,131.0,15.0,32.0,33.0,40.0,1.0,1.0,111.0,19.0,65.0,22.0,0.0,1.0,4.0,2.0,0.0,2.0,19.0,0.0,2.0,0.0,0.0,3.0,0.0,14.0,10.0,1.0,0.0,0.0,0.0
NOWOSĄDECKI,1102.0,668.0,0.0,16.0,56.0,596.0,1.0,6.0,3.0,3.0,2.0,18.0,7.0,10.0,0.0,3.0,35.0,3.0,7.0,5.0,4.0,11.0,0.0,2.0,6.0,0.0,0.0,0.0,5.0,0.0,0.0,5.0,0.0,1.0,2.0,0.0,2.0,7.0,11.0,51.0,28.0,12.0,1.0,4.0,15.0,133.0,22.0,36.0,17.0,34.0,1.0,5.0,100.0,50.0,30.0,10.0,0.0,1.0,26.0,5.0,0.0,2.0,11.0,1.0,24.0,0.0,1.0,1.0,6.0,165.0,36.0,117.0,0.0,4.0,7.0
NOWOTARSKI,2842.0,1143.0,0.0,6.0,34.0,1103.0,0.0,0.0,0.0,1.0,2.0,19.0,5.0,7.0,0.0,0.0,41.0,1.0,9.0,15.0,8.0,8.0,0.0,0.0,2.0,0.0,0.0,3.0,10.0,1.0,0.0,3.0,0.0,1.0,7.0,3.0,3.0,4.0,10.0,74.0,35.0,20.0,3.0,0.0,12.0,189.0,65.0,38.0,16.0,40.0,0.0,0.0,114.0,34.0,56.0,13.0,0.0,0.0,22.0,4.0,0.0,4.0,25.0,0.0,14.0,0.0,1.0,2.0,1.0,578.0,56.0,514.0,0.0,0.0,3.0
ROPCZYCKI,313.0,310.0,0.0,5.0,45.0,260.0,0.0,0.0,0.0,1.0,3.0,25.0,3.0,19.0,0.0,0.0,19.0,1.0,8.0,3.0,4.0,3.0,0.0,0.0,1.0,0.0,0.0,1.0,2.0,0.0,0.0,1.0,0.0,0.0,2.0,1.0,1.0,1.0,12.0,22.0,2.0,15.0,0.0,2.0,28.0,104.0,8.0,28.0,34.0,23.0,0.0,0.0,41.0,30.0,7.0,0.0,0.0,0.0,8.0,2.0,0.0,1.0,4.0,0.0,4.0,1.0,0.0,0.0,0.0,24.0,16.0,4.0,0.0,1.0,2.0
TARNOWSKI,2981.0,756.0,1.0,18.0,77.0,660.0,0.0,1.0,0.0,5.0,4.0,18.0,2.0,11.0,1.0,1.0,62.0,5.0,8.0,21.0,13.0,11.0,2.0,3.0,19.0,0.0,0.0,0.0,12.0,0.0,0.0,7.0,1.0,2.0,9.0,3.0,1.0,2.0,5.0,31.0,8.0,17.0,1.0,5.0,22.0,150.0,10.0,35.0,18.0,46.0,1.0,34.0,242.0,124.0,36.0,10.0,1.0,3.0,19.0,7.0,0.0,2.0,10.0,0.0,19.0,1.0,0.0,0.0,0.0,57.0,41.0,5.0,0.0,1.0,4.0
WADOWICKI,2346.0,989.0,1.0,13.0,51.0,924.0,0.0,4.0,6.0,4.0,7.0,15.0,5.0,8.0,1.0,1.0,73.0,1.0,44.0,12.0,7.0,8.0,0.0,1.0,3.0,0.0,1.0,1.0,11.0,1.0,1.0,0.0,0.0,1.0,13.0,10.0,3.0,2.0,18.0,263.0,26.0,218.0,7.0,4.0,13.0,262.0,32.0,66.0,57.0,83.0,0.0,1.0,187.0,43.0,133.0,3.0,0.0,0.0,9.0,2.0,0.0,2.0,29.0,0.0,10.0,1.0,0.0,1.0,0.0,35.0,21.0,10.0,1.0,2.0,5.0
ŻYWIECKI,2594.0,700.0,3.0,19.0,51.0,627.0,4.0,16.0,5.0,0.0,7.0,22.0,3.0,9.0,3.0,3.0,66.0,7.0,31.0,10.0,11.0,5.0,0.0,3.0,2.0,0.0,1.0,0.0,5.0,1.0,1.0,1.0,2.0,0.0,13.0,5.0,6.0,8.0,11.0,101.0,32.0,39.0,9.0,2.0,6.0,140.0,4.0,65.0,16.0,25.0,0.0,0.0,155.0,46.0,96.0,6.0,0.0,0.0,15.0,2.0,1.0,4.0,25.0,0.0,21.0,0.0,0.0,4.0,0.0,49.0,23.0,21.0,0.0,0.0,3.0
BIALSKI (BIAŁA PODLASKA),1123.0,951.0,0.0,12.0,61.0,878.0,0.0,0.0,0.0,3.0,2.0,24.0,13.0,8.0,1.0,0.0,100.0,0.0,59.0,20.0,9.0,10.0,0.0,0.0,22.0,17.0,0.0,0.0,3.0,0.0,0.0,2.0,0.0,0.0,26.0,7.0,19.0,1.0,6.0,48.0,1.0,28.0,6.0,7.0,51.0,225.0,94.0,52.0,26.0,34.0,0.0,0.0,323.0,126.0,143.0,25.0,0.0,1.0,14.0,1.0,0.0,1.0,23.0,0.0,7.0,0.0,0.0,3.0,0.0,48.0,29.0,12.0,0.0,9.0,1.0
BIŁGORAJSKI,350.0,542.0,0.0,4.0,51.0,487.0,0.0,0.0,0.0,0.0,0.0,11.0,6.0,2.0,0.0,0.0,30.0,0.0,17.0,2.0,6.0,5.0,0.0,0.0,9.0,8.0,1.0,3.0,8.0,0.0,0.0,1.0,0.0,1.0,16.0,0.0,5.0,2.0,18.0,38.0,12.0,7.0,0.0,1.0,28.0,181.0,26.0,71.0,7.0,65.0,0.0,0.0,144.0,71.0,62.0,2.0,0.0,1.0,6.0,3.0,0.0,0.0,9.0,0.0,12.0,0.0,0.0,1.0,0.0,21.0,15.0,6.0,0.0,0.0,0.0
CHEŁMSKI,981.0,833.0,3.0,21.0,62.0,747.0,0.0,0.0,0.0,5.0,3.0,20.0,10.0,7.0,1.0,3.0,73.0,2.0,27.0,17.0,8.0,16.0,0.0,0.0,32.0,25.0,0.0,0.0,7.0,0.0,0.0,4.0,0.0,0.0,6.0,2.0,3.0,5.0,5.0,32.0,0.0,18.0,1.0,12.0,46.0,215.0,69.0,59.0,20.0,49.0,0.0,3.0,258.0,137.0,87.0,7.0,0.0,1.0,15.0,3.0,0.0,0.0,16.0,0.0,8.0,1.0,1.0,2.0,0.0,50.0,37.0,2.0,0.0,4.0,5.0
GARWOLIŃSKI,721.0,1172.0,0.0,6.0,103.0,1063.0,0.0,0.0,0.0,2.0,4.0,9.0,7.0,1.0,0.0,0.0,58.0,0.0,30.0,10.0,9.0,9.0,0.0,0.0,20.0,19.0,0.0,0.0,12.0,0.0,0.0,1.0,0.0,0.0,33.0,19.0,12.0,2.0,13.0,43.0,2.0,20.0,5.0,2.0,86.0,351.0,74.0,121.0,47.0,97.0,0.0,0.0,482.0,119.0,163.0,160.0,0.0,0.0,7.0,2.0,0.0,0.0,6.0,0.0,3.0,0.0,0.0,4.0,0.0,30.0,23.0,5.0,0.0,2.0,2.0
HRUBIESZOWSKI,764.0,1302.0,2.0,13.0,91.0,1196.0,0.0,0.0,0.0,0.0,3.0,30.0,17.0,8.0,0.0,3.0,185.0,3.0,149.0,11.0,11.0,8.0,0.0,0.0,43.0,38.0,0.0,0.0,11.0,0.0,0.0,0.0,0.0,0.0,11.0,0.0,9.0,1.0,18.0,143.0,0.0,96.0,25.0,14.0,39.0,195.0,78.0,40.0,17.0,43.0,0.0,1.0,355.0,206.0,123.0,3.0,0.0,1.0,6.0,2.0,0.0,2.0,92.0,0.0,20.0,0.0,0.0,1.0,24.0,90.0,29.0,60.0,0.0,3.0,11.0
JANOWSKI,1215.0,783.0,1.0,8.0,115.0,659.0,0.0,2.0,0.0,0.0,3.0,15.0,2.0,4.0,0.0,0.0,38.0,0.0,23.0,4.0,2.0,8.0,0.0,0.0,29.0,26.0,0.0,0.0,7.0,0.0,0.0,1.0,0.0,0.0,8.0,3.0,5.0,8.0,33.0,36.0,2.0,16.0,6.0,1.0,75.0,212.0,42.0,76.0,21.0,62.0,0.0,0.0,241.0,133.0,83.0,1.0,0.0,0.0,8.0,4.0,0.0,0.0,10.0,0.0,10.0,0.0,1.0,3.0,0.0,39.0,24.0,14.0,1.0,0.0,2.0
KRASNOSTAWSKI,519.0,814.0,0.0,6.0,74.0,734.0,0.0,0.0,0.0,0.0,0.0,6.0,5.0,0.0,0.0,0.0,79.0,0.0,52.0,12.0,6.0,7.0,0.0,0.0,17.0,16.0,0.0,0.0,11.0,0.0,0.0,0.0,0.0,0.0,12.0,3.0,9.0,2.0,23.0,55.0,4.0,30.0,8.0,4.0,51.0,217.0,61.0,65.0,64.0,18.0,0.0,0.0,271.0,144.0,108.0,1.0,0.0,0.0,7.0,1.0,0.0,0.0,24.0,0.0,6.0,0.0,0.0,3.0,0.0,26.0,17.0,9.0,0.0,0.0,0.0
LUBARTOWSKI,305.0,593.0,0.0,5.0,45.0,543.0,0.0,0.0,0.0,0.0,4.0,11.0,9.0,2.0,0.0,1.0,32.0,0.0,22.0,5.0,2.0,2.0,0.0,1.0,13.0,12.0,0.0,0.0,9.0,0.0,0.0,0.0,0.0,0.0,12.0,2.0,9.0,2.0,6.0,35.0,3.0,19.0,3.0,3.0,30.0,253.0,88.0,55.0,30.0,74.0,0.0,0.0,139.0,82.0,43.0,0.0,0.0,0.0,6.0,2.0,0.0,1.0,5.0,0.0,2.0,0.0,1.0,3.0,1.0,21.0,15.0,5.0,0.0,2.0,0.0
LUBELSKI,430.0,684.0,1.0,13.0,91.0,579.0,0.0,0.0,0.0,2.0,1.0,8.0,2.0,2.0,0.0,2.0,40.0,0.0,25.0,9.0,3.0,1.0,0.0,0.0,21.0,20.0,0.0,0.0,4.0,0.0,0.0,0.0,0.0,0.0,11.0,1.0,9.0,1.0,10.0,28.0,1.0,12.0,2.0,10.0,78.0,334.0,41.0,61.0,107.0,123.0,0.0,0.0,96.0,45.0,47.0,0.0,0.0,0.0,3.0,0.0,0.0,0.0,6.0,0.0,0.0,1.0,0.0,5.0,0.0,21.0,16.0,5.0,0.0,2.0,0.0
ŁUKOWSKI,472.0,1148.0,1.0,3.0,76.0,1068.0,0.0,0.0,0.0,2.0,2.0,17.0,7.0,6.0,0.0,1.0,110.0,3.0,81.0,12.0,9.0,4.0,0.0,0.0,31.0,29.0,0.0,0.0,15.0,0.0,0.0,3.0,0.0,0.0,23.0,0.0,21.0,0.0,6.0,52.0,1.0,25.0,8.0,2.0,64.0,315.0,97.0,72.0,60.0,74.0,0.0,1.0,420.0,180.0,204.0,10.0,0.0,1.0,5.0,2.0,0.0,1.0,22.0,0.0,8.0,0.0,0.0,3.0,0.0,44.0,30.0,3.0,0.0,0.0,0.0
PUŁAWSKI,654.0,1360.0,2.0,6.0,117.0,1235.0,0.0,0.0,0.0,1.0,7.0,19.0,14.0,3.0,0.0,2.0,102.0,0.0,51.0,21.0,12.0,17.0,0.0,0.0,26.0,21.0,0.0,0.0,18.0,0.0,0.0,1.0,0.0,0.0,20.0,5.0,8.0,1.0,7.0,54.0,0.0,38.0,5.0,6.0,87.0,348.0,87.0,109.0,41.0,84.0,0.0,11.0,443.0,186.0,198.0,29.0,0.0,1.0,17.0,2.0,0.0,2.0,19.0,0.0,13.0,0.0,0.0,1.0,0.0,152.0,57.0,88.0,0.0,2.0,0.0
RADZYŃSKI,884.0,1049.0,0.0,18.0,132.0,899.0,0.0,0.0,0.0,0.0,1.0,16.0,10.0,5.0,0.0,4.0,101.0,2.0,70.0,9.0,10.0,10.0,0.0,0.0,21.0,14.0,0.0,0.0,3.0,0.0,0.0,0.0,2.0,53.0,144.0,10.0,13.0,8.0,16.0,73.0,1.0,39.0,15.0,7.0,53.0,180.0,60.0,61.0,19.0,31.0,0.0,0.0,259.0,127.0,101.0,8.0,0.0,0.0,8.0,3.0,0.0,2.0,37.0,0.0,13.0,1.0,1.0,1.0,1.0,32.0,24.0,4.0,1.0,10.0,1.0
SIEDLECKI,235.0,1458.0,0.0,3.0,121.0,1334.0,0.0,0.0,0.0,0.0,3.0,16.0,5.0,6.0,0.0,5.0,141.0,1.0,64.0,37.0,14.0,19.0,0.0,0.0,26.0,18.0,0.0,0.0,33.0,0.0,0.0,6.0,0.0,3.0,24.0,2.0,17.0,0.0,2.0,57.0,3.0,31.0,5.0,2.0,95.0,409.0,81.0,119.0,78.0,102.0,0.0,7.0,496.0,171.0,274.0,12.0,0.0,3.0,19.0,6.0,1.0,2.0,17.0,0.0,19.0,0.0,0.0,1.0,1.0,68.0,50.0,4.0,0.0,1.0,1.0
SOKOŁOWSKI,370.0,713.0,1.0,3.0,38.0,671.0,0.0,0.0,0.0,0.0,1.0,8.0,6.0,1.0,1.0,0.0,66.0,1.0,43.0,11.0,5.0,5.0,0.0,0.0,7.0,7.0,0.0,0.0,4.0,0.0,0.0,0.0,0.0,0.0,7.0,1.0,6.0,0.0,7.0,49.0,0.0,33.0,3.0,3.0,29.0,193.0,42.0,39.0,66.0,41.0,0.0,1.0,281.0,102.0,121.0,47.0,0.0,0.0,5.0,2.0,0.0,0.0,22.0,0.0,3.0,0.0,0.0,4.0,0.0,21.0,18.0,0.0,0.0,1.0,0.0
TOMASZOWSKI,392.0,525.0,1.0,9.0,78.0,437.0,0.0,0.0,0.0,1.0,9.0,10.0,7.0,2.0,0.0,1.0,39.0,0.0,15.0,5.0,8.0,11.0,0.0,0.0,20.0,16.0,0.0,0.0,3.0,0.0,0.0,1.0,0.0,0.0,7.0,4.0,2.0,6.0,13.0,44.0,1.0,8.0,4.0,3.0,54.0,105.0,25.0,45.0,13.0,12.0,0.0,1.0,147.0,99.0,29.0,0.0,0.0,0.0,5.0,2.0,0.0,0.0,23.0,0.0,1.0,0.0,0.0,1.0,0.0,30.0,27.0,2.0,0.0,0.0,1.0
WĘGROWSKI,437.0,505.0,0.0,6.0,58.0,441.0,0.0,0.0,0.0,0.0,1.0,5.0,4.0,0.0,2.0,0.0,18.0,1.0,9.0,5.0,0.0,3.0,0.0,0.0,11.0,10.0,0.0,1.0,4.0,0.0,0.0,0.0,0.0,0.0,25.0,17.0,4.0,3.0,4.0,37.0,5.0,29.0,0.0,1.0,52.0,205.0,21.0,54.0,55.0,67.0,0.0,0.0,102.0,42.0,48.0,9.0,0.0,0.0,4.0,2.0,0.0,0.0,11.0,0.0,1.0,0.0,0.0,1.0,0.0,17.0,11.0,4.0,0.0,0.0,0.0
WŁODAWSKI,1065.0,851.0,1.0,10.0,63.0,777.0,0.0,0.0,0.0,2.0,1.0,27.0,19.0,8.0,0.0,0.0,62.0,0.0,29.0,14.0,5.0,13.0,0.0,0.0,35.0,28.0,0.0,0.0,10.0,0.0,0.0,2.0,0.0,0.0,22.0,10.0,12.0,5.0,19.0,39.0,1.0,19.0,4.0,3.0,41.0,189.0,105.0,39.0,10.0,20.0,0.0,0.0,310.0,114.0,131.0,25.0,0.0,0.0,8.0,3.0,0.0,0.0,5.0,0.0,5.0,1.0,1.0,0.0,1.0,62.0,30.0,32.0,0.0,0.0,1.0
ZAMOJSKI,2193.0,1145.0,2.0,32.0,133.0,978.0,0.0,0.0,1.0,4.0,6.0,16.0,7.0,3.0,0.0,2.0,140.0,2.0,85.0,29.0,9.0,11.0,1.0,0.0,16.0,6.0,0.0,1.0,16.0,0.0,0.0,6.0,0.0,0.0,9.0,0.0,5.0,14.0,43.0,93.0,5.0,36.0,4.0,15.0,74.0,204.0,32.0,72.0,35.0,41.0,0.0,0.0,333.0,186.0,114.0,2.0,0.0,1.0,17.0,6.0,0.0,3.0,49.0,0.0,15.0,0.0,1.0,3.0,2.0,55.0,39.0,15.0,0.0,2.0,3.0
LUBLIN (MIASTO),2931.0,1213.0,7.0,33.0,123.0,1050.0,0.0,0.0,0.0,5.0,4.0,18.0,0.0,3.0,4.0,13.0,138.0,9.0,7.0,45.0,16.0,33.0,0.0,2.0,36.0,6.0,0.0,1.0,28.0,0.0,0.0,14.0,5.0,6.0,24.0,4.0,7.0,0.0,3.0,57.0,0.0,35.0,2.0,19.0,58.0,197.0,4.0,107.0,5.0,45.0,0.0,14.0,319.0,176.0,57.0,16.0,1.0,6.0,49.0,20.0,4.0,9.0,22.0,0.0,22.0,0.0,0.0,2.0,7.0,122.0,103.0,0.0,2.0,2.0,0.0
BÓBRECKI,927.0,363.0,1.0,8.0,44.0,310.0,0.0,2.0,1.0,0.0,1.0,18.0,8.0,6.0,0.0,0.0,52.0,0.0,36.0,5.0,6.0,5.0,0.0,0.0,24.0,23.0,0.0,0.0,1.0,0.0,0.0,0.0,0.0,0.0,0.0,0.0,0.0,4.0,14.0,21.0,0.0,14.0,3.0,5.0,26.0,115.0,13.0,17.0,59.0,16.0,0.0,0.0,37.0,22.0,15.0,0.0,0.0,0.0,2.0,1.0,0.0,0.0,10.0,0.0,5.0,0.0,0.0,2.0,0.0,20.0,11.0,7.0,1.0,0.0,2.0
BRZOZOWSKI,541.0,303.0,0.0,1.0,50.0,252.0,0.0,12.0,0.0,0.0,2.0,15.0,5.0,10.0,0.0,1.0,26.0,0.0,9.0,6.0,9.0,2.0,0.0,1.0,0.0,0.0,0.0,0.0,0.0,0.0,0.0,0.0,0.0,0.0,7.0,6.0,1.0,1.0,15.0,34.0,15.0,10.0,0.0,0.0,18.0,101.0,26.0,17.0,45.0,7.0,0.0,0.0,40.0,17.0,23.0,0.0,0.0,0.0,2.0,0.0,0.0,1.0,6.0,0.0,2.0,0.0,0.0,2.0,0.0,16.0,7.0,7.0,0.0,1.0,0.0
DOBROMILSKI,546.0,274.0,0.0,5.0,39.0,230.0,0.0,1.0,0.0,0.0,3.0,3.0,1.0,2.0,0.0,2.0,25.0,0.0,13.0,3.0,5.0,4.0,0.0,0.0,2.0,1.0,0.0,0.0,0.0,0.0,0.0,0.0,0.0,0.0,2.0,1.0,1.0,5.0,14.0,24.0,12.0,10.0,1.0,0.0,19.0,95.0,10.0,25.0,54.0,4.0,0.0,0.0,46.0,20.0,20.0,0.0,0.0,0.0,2.0,1.0,0.0,0.0,8.0,0.0,5.0,0.0,0.0,1.0,0.0,15.0,10.0,3.0,0.0,0.0,2.0
DROHOBYCKI,6610.0,946.0,6.0,28.0,363.0,549.0,5.0,311.0,1.0,1.0,4.0,11.0,0.0,6.0,4.0,5.0,64.0,0.0,16.0,26.0,12.0,3.0,11.0,10.0,10.0,1.0,0.0,0.0,3.0,0.0,0.0,3.0,0.0,1.0,2.0,0.0,1.0,6.0,5.0,39.0,6.0,26.0,2.0,3.0,14.0,121.0,11.0,47.0,36.0,4.0,0.0,3.0,123.0,72.0,34.0,5.0,0.0,3.0,22.0,7.0,2.0,5.0,29.0,0.0,17.0,2.0,1.0,3.0,1.0,98.0,70.0,20.0,0.0,0.0,3.0
GRÓDECKI,270.0,242.0,0.0,5.0,26.0,211.0,0.0,0.0,6.0,3.0,2.0,4.0,0.0,4.0,0.0,0.0,38.0,0.0,28.0,2.0,5.0,3.0,0.0,0.0,4.0,4.0,0.0,0.0,2.0,0.0,0.0,0.0,0.0,0.0,2.0,0.0,0.0,1.0,6.0,21.0,0.0,7.0,2.0,1.0,18.0,92.0,3.0,16.0,66.0,2.0,0.0,0.0,27.0,12.0,14.0,0.0,0.0,0.0,2.0,1.0,0.0,0.0,1.0,0.0,1.0,0.0,0.0,0.0,0.0,11.0,9.0,0.0,0.0,0.0,0.0
JAROSŁAWSKI,753.0,317.0,0.0,9.0,37.0,271.0,0.0,1.0,0.0,1.0,2.0,25.0,3.0,20.0,0.0,1.0,22.0,0.0,4.0,7.0,3.0,7.0,0.0,0.0,5.0,2.0,2.0,0.0,2.0,0.0,0.0,1.0,0.0,1.0,7.0,0.0,5.0,2.0,7.0,15.0,3.0,6.0,0.0,4.0,21.0,113.0,9.0,26.0,62.0,3.0,0.0,1.0,32.0,4.0,18.0,3.0,0.0,1.0,5.0,2.0,0.0,2.0,13.0,0.0,2.0,0.0,0.0,1.0,0.0,27.0,22.0,3.0,0.0,0.0,1.0
JAWOROWSKI,63.0,246.0,0.0,0.0,18.0,228.0,0.0,0.0,0.0,0.0,0.0,7.0,3.0,3.0,0.0,0.0,14.0,0.0,9.0,0.0,2.0,3.0,0.0,0.0,0.0,0.0,0.0,0.0,3.0,0.0,0.0,0.0,0.0,0.0,8.0,1.0,0.0,0.0,3.0,28.0,4.0,2.0,4.0,0.0,13.0,119.0,9.0,22.0,84.0,1.0,0.0,0.0,28.0,18.0,8.0,0.0,0.0,0.0,3.0,2.0,0.0,0.0,4.0,0.0,4.0,0.0,2.0,0.0,0.0,10.0,7.0,2.0,0.0,0.0,0.0
KOLBUSZOWSKI,126.0,217.0,0.0,2.0,20.0,195.0,0.0,0.0,0.0,0.0,2.0,13.0,4.0,7.0,0.0,0.0,30.0,0.0,26.0,0.0,2.0,2.0,0.0,0.0,0.0,0.0,0.0,0.0,0.0,0.0,0.0,0.0,0.0,0.0,1.0,1.0,0.0,1.0,10.0,20.0,5.0,14.0,0.0,1.0,8.0,55.0,3.0,23.0,3.0,20.0,0.0,0.0,57.0,22.0,34.0,0.0,0.0,0.0,2.0,1.0,0.0,0.0,6.0,0.0,2.0,0.0,0.0,0.0,0.0,9.0,5.0,2.0,0.0,0.0,0.0
KROŚNIEŃSKI,3357.0,447.0,4.0,14.0,94.0,335.0,4.0,49.0,1.0,2.0,6.0,13.0,1.0,6.0,1.0,2.0,37.0,3.0,12.0,11.0,6.0,4.0,5.0,5.0,3.0,0.0,1.0,1.0,9.0,0.0,0.0,3.0,0.0,0.0,5.0,0.0,3.0,3.0,11.0,34.0,6.0,24.0,1.0,1.0,14.0,105.0,16.0,23.0,35.0,24.0,0.0,4.0,49.0,22.0,24.0,0.0,0.0,0.0,8.0,2.0,1.0,2.0,11.0,0.0,6.0,0.0,0.0,0.0,0.0,49.0,17.0,27.0,0.0,2.0,0.0
LESKI,1336.0,430.0,0.0,16.0,46.0,368.0,1.0,4.0,0.0,0.0,0.0,2.0,1.0,1.0,0.0,0.0,58.0,0.0,37.0,4.0,9.0,8.0,0.0,1.0,5.0,0.0,0.0,0.0,0.0,0.0,0.0,0.0,0.0,0.0,4.0,1.0,2.0,15.0,26.0,61.0,20.0,27.0,3.0,0.0,14.0,96.0,39.0,23.0,8.0,20.0,0.0,0.0,91.0,32.0,51.0,1.0,0.0,0.0,5.0,1.0,0.0,1.0,1.0,0.0,1.0,0.0,0.0,5.0,0.0,34.0,11.0,21.0,0.0,0.0,5.0
LWOWSKI,865.0,363.0,1.0,8.0,54.0,300.0,0.0,1.0,1.0,5.0,6.0,12.0,5.0,7.0,0.0,0.0,44.0,0.0,35.0,5.0,2.0,2.0,0.0,0.0,2.0,1.0,0.0,0.0,0.0,0.0,0.0,0.0,0.0,1.0,0.0,0.0,0.0,2.0,8.0,35.0,1.0,26.0,5.0,1.0,38.0,125.0,14.0,23.0,61.0,22.0,0.0,0.0,35.0,18.0,13.0,0.0,0.0,0.0,0.0,0.0,1.0,0.0,12.0,0.0,2.0,0.0,0.0,0.0,0.0,30.0,17.0,6.0,0.0,2.0,0.0
LWÓW (MIASTO),7308.0,3497.0,4.0,103.0,349.0,3041.0,0.0,2.0,4.0,11.0,14.0,49.0,0.0,10.0,11.0,50.0,423.0,59.0,30.0,127.0,65.0,80.0,13.0,25.0,101.0,3.0,0.0,6.0,64.0,5.0,16.0,28.0,2.0,3.0,46.0,2.0,10.0,8.0,13.0,177.0,2.0,137.0,4.0,25.0,79.0,283.0,3.0,89.0,21.0,37.0,3.0,39.0,864.0,389.0,152.0,69.0,10.0,29.0,132.0,35.0,15.0,56.0,191.0,1.0,116.0,0.0,0.0,0.0,19.0,507.0,322.0,92.0,1.0,29.0,27.0
ŁAŃCUCKI,451.0,330.0,2.0,5.0,37.0,286.0,0.0,0.0,0.0,0.0,5.0,30.0,6.0,23.0,0.0,0.0,20.0,0.0,7.0,4.0,5.0,4.0,0.0,1.0,6.0,0.0,1.0,0.0,2.0,0.0,0.0,0.0,0.0,0.0,3.0,2.0,1.0,1.0,7.0,23.0,3.0,15.0,0.0,5.0,20.0,114.0,12.0,25.0,38.0,30.0,0.0,1.0,53.0,19.0,29.0,0.0,0.0,0.0,6.0,2.0,0.0,2.0,8.0,0.0,4.0,0.0,0.0,0.0,0.0,16.0,11.0,2.0,1.0,0.0,1.0
MOŚCISKI,131.0,192.0,0.0,2.0,24.0,166.0,0.0,0.0,0.0,1.0,3.0,11.0,0.0,10.0,0.0,0.0,20.0,0.0,13.0,2.0,3.0,2.0,0.0,0.0,4.0,3.0,0.0,0.0,0.0,0.0,0.0,1.0,0.0,0.0,0.0,0.0,0.0,0.0,4.0,9.0,1.0,6.0,0.0,1.0,16.0,85.0,0.0,21.0,57.0,2.0,0.0,0.0,13.0,10.0,2.0,0.0,0.0,0.0,1.0,1.0,0.0,0.0,4.0,0.0,4.0,0.0,1.0,1.0,0.0,13.0,8.0,4.0,0.0,0.0,0.0
NIŻAŃSKI,410.0,217.0,0.0,6.0,19.0,192.0,0.0,0.0,0.0,0.0,1.0,19.0,6.0,12.0,0.0,1.0,22.0,0.0,8.0,1.0,7.0,6.0,1.0,0.0,1.0,0.0,0.0,0.0,0.0,0.0,0.0,0.0,0.0,0.0,2.0,1.0,1.0,4.0,10.0,22.0,3.0,8.0,0.0,1.0,6.0,51.0,0.0,18.0,8.0,21.0,0.0,0.0,37.0,21.0,14.0,0.0,0.0,0.0,6.0,1.0,0.0,0.0,11.0,0.0,2.0,0.0,1.0,1.0,0.0,17.0,9.0,7.0,0.0,1.0,0.0
PRZEMYSKI,1180.0,904.0,0.0,20.0,91.0,793.0,0.0,1.0,2.0,2.0,8.0,28.0,1.0,21.0,4.0,7.0,115.0,9.0,34.0,25.0,16.0,18.0,0.0,3.0,15.0,2.0,0.0,0.0,3.0,0.0,0.0,4.0,0.0,1.0,8.0,2.0,4.0,3.0,17.0,50.0,2.0,32.0,6.0,7.0,36.0,203.0,3.0,65.0,64.0,31.0,0.0,3.0,171.0,88.0,42.0,10.0,0.0,5.0,27.0,6.0,4.0,10.0,36.0,0.0,27.0,0.0,0.0,2.0,0.0,94.0,65.0,7.0,0.0,7.0,1.0
PRZEWORSKI,612.0,146.0,2.0,6.0,15.0,123.0,0.0,1.0,0.0,2.0,0.0,11.0,5.0,5.0,1.0,0.0,13.0,2.0,3.0,3.0,3.0,2.0,0.0,0.0,2.0,1.0,0.0,0.0,0.0,0.0,0.0,0.0,0.0,0.0,1.0,0.0,1.0,0.0,3.0,11.0,0.0,7.0,1.0,5.0,11.0,60.0,4.0,6.0,24.0,20.0,0.0,0.0,16.0,8.0,7.0,0.0,0.0,0.0,2.0,1.0,0.0,0.0,3.0,0.0,0.0,0.0,0.0,0.0,0.0,3.0,3.0,0.0,0.0,0.0,1.0
RAWSKI (RAWA RUSKA),312.0,504.0,0.0,3.0,79.0,422.0,0.0,1.0,0.0,0.0,3.0,20.0,8.0,7.0,0.0,0.0,39.0,2.0,14.0,6.0,8.0,7.0,0.0,0.0,13.0,11.0,0.0,0.0,2.0,0.0,0.0,0.0,0.0,0.0,2.0,0.0,0.0,1.0,24.0,33.0,2.0,13.0,0.0,2.0,44.0,184.0,17.0,37.0,120.0,0.0,0.0,7.0,90.0,31.0,18.0,26.0,0.0,0.0,7.0,2.0,0.0,0.0,6.0,0.0,1.0,0.0,0.0,1.0,0.0,23.0,19.0,1.0,0.0,0.0,1.0
RUDECKI,100.0,297.0,0.0,3.0,17.0,277.0,0.0,0.0,0.0,0.0,1.0,9.0,1.0,3.0,0.0,0.0,21.0,0.0,11.0,2.0,4.0,4.0,0.0,0.0,11.0,10.0,0.0,0.0,1.0,0.0,0.0,1.0,0.0,0.0,0.0,0.0,0.0,1.0,5.0,19.0,0.0,12.0,2.0,2.0,10.0,160.0,1.0,18.0,133.0,4.0,0.0,0.0,34.0,23.0,10.0,0.0,0.0,0.0,4.0,2.0,0.0,1.0,4.0,0.0,2.0,0.0,0.0,0.0,0.0,11.0,8.0,0.0,0.0,0.0,0.0
RZESZOWSKI,1095.0,597.0,0.0,14.0,82.0,501.0,0.0,0.0,2.0,3.0,7.0,35.0,3.0,27.0,1.0,6.0,49.0,3.0,11.0,16.0,7.0,9.0,0.0,1.0,8.0,0.0,1.0,0.0,5.0,0.0,2.0,7.0,0.0,1.0,11.0,2.0,3.0,1.0,15.0,38.0,8.0,20.0,0.0,8.0,40.0,161.0,4.0,41.0,63.0,26.0,0.0,3.0,93.0,45.0,18.0,7.0,0.0,2.0,14.0,3.0,0.0,5.0,15.0,0.0,11.0,0.0,0.0,0.0,0.0,49.0,34.0,10.0,0.0,0.0,3.0
SAMBORSKI,461.0,337.0,0.0,5.0,31.0,301.0,0.0,2.0,0.0,1.0,2.0,18.0,2.0,14.0,0.0,1.0,31.0,1.0,18.0,4.0,3.0,3.0,0.0,1.0,3.0,0.0,0.0,0.0,2.0,0.0,0.0,1.0,0.0,0.0,0.0,0.0,0.0,2.0,4.0,11.0,1.0,8.0,2.0,2.0,21.0,165.0,2.0,26.0,116.0,7.0,0.0,0.0,32.0,17.0,10.0,0.0,0.0,0.0,6.0,4.0,0.0,0.0,8.0,0.0,3.0,0.0,0.0,2.0,0.0,17.0,11.0,3.0,0.0,2.0,0.0
SANOCKI,1371.0,316.0,2.0,8.0,42.0,264.0,0.0,15.0,2.0,0.0,4.0,2.0,0.0,1.0,1.0,0.0,28.0,2.0,11.0,2.0,7.0,5.0,1.0,1.0,3.0,0.0,0.0,0.0,0.0,0.0,0.0,3.0,0.0,1.0,6.0,2.0,2.0,6.0,10.0,28.0,19.0,5.0,2.0,2.0,10.0,88.0,19.0,26.0,12.0,21.0,0.0,0.0,60.0,27.0,23.0,1.0,0.0,0.0,8.0,3.0,0.0,1.0,3.0,0.0,3.0,0.0,0.0,0.0,0.0,29.0,15.0,9.0,0.0,1.0,0.0
SOKALSKI,532.0,464.0,0.0,5.0,94.0,365.0,0.0,0.0,0.0,0.0,6.0,10.0,2.0,8.0,0.0,1.0,40.0,4.0,19.0,6.0,1.0,7.0,1.0,1.0,20.0,18.0,1.0,0.0,5.0,0.0,0.0,0.0,0.0,0.0,3.0,0.0,3.0,1.0,20.0,21.0,1.0,13.0,2.0,2.0,63.0,144.0,15.0,26.0,85.0,12.0,0.0,0.0,60.0,31.0,16.0,3.0,0.0,1.0,6.0,2.0,0.0,0.0,20.0,0.0,4.0,0.0,2.0,3.0,0.0,24.0,16.0,3.0,0.0,2.0,3.0
TARNOBRZESKI,380.0,362.0,0.0,7.0,23.0,332.0,0.0,0.0,0.0,2.0,2.0,18.0,2.0,11.0,0.0,0.0,51.0,1.0,29.0,5.0,7.0,9.0,0.0,1.0,0.0,0.0,0.0,0.0,2.0,0.0,0.0,1.0,0.0,0.0,4.0,0.0,3.0,2.0,6.0,40.0,1.0,32.0,1.0,3.0,13.0,80.0,4.0,28.0,10.0,31.0,0.0,1.0,80.0,46.0,22.0,1.0,0.0,0.0,9.0,2.0,0.0,0.0,11.0,0.0,3.0,0.0,0.0,0.0,0.0,29.0,11.0,16.0,0.0,2.0,2.0
ŻÓŁKIEWSKI,602.0,581.0,0.0,9.0,58.0,514.0,0.0,2.0,0.0,1.0,4.0,8.0,3.0,4.0,0.0,0.0,56.0,1.0,38.0,4.0,5.0,6.0,1.0,1.0,19.0,17.0,0.0,0.0,0.0,0.0,1.0,0.0,0.0,1.0,14.0,2.0,0.0,3.0,21.0,30.0,4.0,13.0,3.0,3.0,22.0,190.0,17.0,24.0,111.0,29.0,0.0,5.0,151.0,44.0,50.0,53.0,1.0,1.0,3.0,1.0,0.0,0.0,12.0,0.0,6.0,0.0,0.0,0.0,0.0,25.0,10.0,11.0,0.0,0.0,0.0
LUBACZOWSKI,372.0,434.0,0.0,5.0,54.0,375.0,0.0,0.0,0.0,0.0,2.0,21.0,1.0,14.0,0.0,0.0,30.0,1.0,16.0,1.0,7.0,5.0,0.0,1.0,14.0,13.0,0.0,0.0,2.0,0.0,0.0,0.0,0.0,0.0,13.0,3.0,1.0,3.0,23.0,44.0,3.0,20.0,8.0,2.0,28.0,109.0,21.0,32.0,22.0,24.0,0.0,0.0,88.0,52.0,27.0,1.0,0.0,0.0,13.0,0.0,0.0,0.0,16.0,0.0,4.0,0.0,0.0,1.0,0.0,18.0,13.0,2.0,0.0,0.0,2.0
TURCZAŃSKI,997.0,160.0,0.0,8.0,32.0,120.0,0.0,2.0,0.0,0.0,0.0,0.0,0.0,0.0,0.0,0.0,10.0,0.0,7.0,0.0,1.0,2.0,0.0,0.0,1.0,1.0,0.0,0.0,0.0,0.0,0.0,0.0,0.0,0.0,0.0,0.0,0.0,8.0,21.0,17.0,16.0,1.0,0.0,0.0,8.0,79.0,37.0,12.0,24.0,4.0,0.0,0.0,3.0,3.0,0.0,0.0,0.0,0.0,1.0,1.0,0.0,0.0,2.0,0.0,1.0,0.0,0.0,0.0,1.0,6.0,6.0,0.0,0.0,0.0,0.0
BRZEZIŃSKI,9495.0,1159.0,7.0,29.0,104.0,1019.0,0.0,0.0,0.0,6.0,9.0,26.0,16.0,9.0,2.0,2.0,85.0,4.0,52.0,19.0,6.0,4.0,2.0,3.0,21.0,17.0,14.0,24.0,65.0,0.0,0.0,0.0,0.0,3.0,44.0,24.0,6.0,4.0,9.0,62.0,3.0,37.0,5.0,8.0,39.0,285.0,19.0,111.0,12.0,116.0,0.0,15.0,271.0,175.0,52.0,16.0,0.0,0.0,15.0,6.0,0.0,0.0,21.0,0.0,9.0,0.0,0.0,2.0,0.0,108.0,92.0,9.0,0.0,1.0,4.0
KALISKI,3193.0,1642.0,5.0,43.0,149.0,1445.0,0.0,0.0,0.0,7.0,8.0,23.0,0.0,19.0,1.0,6.0,147.0,6.0,58.0,45.0,13.0,13.0,1.0,7.0,19.0,9.0,8.0,51.0,81.0,1.0,0.0,8.0,2.0,2.0,23.0,5.0,10.0,4.0,5.0,69.0,2.0,45.0,9.0,21.0,43.0,386.0,61.0,98.0,36.0,151.0,2.0,21.0,460.0,214.0,129.0,18.0,1.0,3.0,31.0,11.0,0.0,1.0,25.0,1.0,17.0,0.0,0.0,3.0,1.0,151.0,104.0,32.0,0.0,2.0,0.0
KOLSKI,492.0,1048.0,1.0,14.0,42.0,991.0,0.0,0.0,0.0,2.0,6.0,16.0,4.0,0.0,0.0,2.0,121.0,3.0,66.0,23.0,11.0,16.0,0.0,3.0,15.0,13.0,0.0,0.0,8.0,0.0,0.0,1.0,1.0,0.0,8.0,1.0,7.0,0.0,5.0,66.0,1.0,39.0,13.0,12.0,23.0,344.0,35.0,71.0,63.0,151.0,0.0,2.0,269.0,157.0,87.0,2.0,0.0,0.0,13.0,4.0,0.0,1.0,27.0,0.0,9.0,0.0,0.0,3.0,0.0,85.0,40.0,39.0,0.0,2.0,4.0
KONIŃSKI,496.0,1714.0,2.0,21.0,78.0,1613.0,0.0,4.0,1.0,2.0,7.0,52.0,12.0,34.0,0.0,3.0,197.0,3.0,117.0,37.0,19.0,20.0,0.0,1.0,20.0,18.0,0.0,0.0,19.0,0.0,0.0,0.0,0.0,1.0,12.0,4.0,7.0,2.0,10.0,133.0,4.0,75.0,39.0,19.0,44.0,581.0,69.0,108.0,120.0,260.0,0.0,2.0,400.0,218.0,143.0,4.0,0.0,1.0,14.0,5.0,0.0,4.0,55.0,0.0,20.0,0.0,0.0,3.0,0.0,96.0,59.0,30.0,1.0,3.0,7.0
ŁASKI,10476.0,1550.0,9.0,87.0,179.0,1275.0,0.0,0.0,0.0,9.0,9.0,21.0,5.0,9.0,3.0,3.0,116.0,4.0,71.0,22.0,6.0,7.0,1.0,1.0,7.0,6.0,67.0,93.0,277.0,2.0,0.0,1.0,1.0,5.0,29.0,20.0,6.0,3.0,9.0,59.0,3.0,42.0,6.0,7.0,44.0,321.0,21.0,103.0,23.0,149.0,0.0,3.0,262.0,146.0,68.0,3.0,0.0,2.0,19.0,6.0,3.0,6.0,43.0,0.0,12.0,0.0,2.0,3.0,2.0,104.0,76.0,17.0,0.0,1.0,0.0
ŁĘCZYCKI,2827.0,1068.0,2.0,19.0,57.0,990.0,0.0,0.0,5.0,0.0,2.0,17.0,8.0,5.0,0.0,1.0,108.0,3.0,66.0,18.0,8.0,11.0,0.0,0.0,10.0,6.0,7.0,11.0,160.0,0.0,1.0,1.0,0.0,0.0,14.0,8.0,5.0,1.0,4.0,56.0,0.0,30.0,16.0,13.0,35.0,246.0,19.0,83.0,28.0,102.0,0.0,2.0,258.0,167.0,58.0,2.0,0.0,0.0,8.0,1.0,0.0,1.0,14.0,0.0,7.0,0.0,0.0,3.0,0.0,80.0,60.0,12.0,0.0,3.0,0.0
ŁÓDZKI,8040.0,1837.0,10.0,66.0,256.0,1505.0,0.0,0.0,0.0,15.0,10.0,29.0,1.0,24.0,1.0,7.0,112.0,1.0,57.0,32.0,11.0,6.0,1.0,1.0,15.0,4.0,46.0,184.0,526.0,1.0,1.0,13.0,1.0,3.0,10.0,2.0,8.0,1.0,9.0,80.0,0.0,60.0,6.0,6.0,24.0,390.0,10.0,140.0,2.0,216.0,0.0,2.0,116.0,45.0,50.0,0.0,1.0,1.0,12.0,5.0,0.0,11.0,37.0,1.0,8.0,1.0,1.0,0.0,1.0,149.0,124.0,14.0,2.0,8.0,0.0
ŁÓDŹ (MIASTO),87430.0,8426.0,75.0,500.0,1223.0,6628.0,0.0,0.0,0.0,8.0,16.0,44.0,1.0,6.0,37.0,95.0,572.0,96.0,56.0,178.0,63.0,103.0,5.0,36.0,160.0,12.0,433.0,645.0,1613.0,11.0,27.0,54.0,6.0,10.0,63.0,6.0,26.0,14.0,49.0,343.0,0.0,223.0,4.0,26.0,101.0,697.0,13.0,276.0,3.0,248.0,5.0,98.0,1700.0,703.0,341.0,70.0,8.0,22.0,194.0,70.0,21.0,78.0,164.0,3.0,154.0,1.0,0.0,1.0,43.0,836.0,647.0,39.0,0.0,21.0,12.0
PIOTRKOWSKI,5120.0,1291.0,4.0,36.0,159.0,1092.0,0.0,1.0,1.0,8.0,10.0,22.0,1.0,10.0,1.0,3.0,75.0,1.0,26.0,21.0,6.0,18.0,1.0,2.0,16.0,13.0,12.0,34.0,58.0,0.0,1.0,0.0,0.0,0.0,24.0,5.0,10.0,8.0,19.0,60.0,6.0,31.0,5.0,8.0,81.0,354.0,34.0,105.0,35.0,151.0,0.0,3.0,311.0,171.0,93.0,2.0,1.0,3.0,27.0,8.0,0.0,1.0,24.0,0.0,17.0,1.0,0.0,0.0,1.0,93.0,79.0,6.0,0.0,4.0,6.0
RADOMSZCZAŃSKI,3510.0,767.0,2.0,25.0,107.0,633.0,0.0,0.0,1.0,2.0,13.0,16.0,5.0,4.0,7.0,1.0,32.0,0.0,12.0,6.0,2.0,11.0,0.0,0.0,13.0,6.0,0.0,0.0,6.0,1.0,0.0,2.0,0.0,0.0,10.0,2.0,7.0,11.0,21.0,89.0,11.0,65.0,0.0,5.0,66.0,246.0,27.0,74.0,46.0,82.0,1.0,4.0,147.0,75.0,57.0,2.0,0.0,2.0,8.0,2.0,0.0,0.0,11.0,0.0,4.0,0.0,0.0,0.0,0.0,43.0,34.0,1.0,0.0,0.0,5.0
SIERADZKI,1659.0,1420.0,2.0,39.0,195.0,1184.0,0.0,0.0,1.0,2.0,11.0,26.0,7.0,15.0,1.0,4.0,116.0,2.0,54.0,30.0,15.0,12.0,1.0,2.0,14.0,7.0,20.0,132.0,106.0,0.0,0.0,0.0,0.0,3.0,19.0,6.0,9.0,0.0,13.0,84.0,4.0,52.0,11.0,15.0,23.0,377.0,27.0,116.0,29.0,183.0,0.0,3.0,294.0,149.0,110.0,0.0,0.0,1.0,14.0,6.0,1.0,1.0,24.0,0.0,7.0,1.0,1.0,2.0,0.0,88.0,44.0,34.0,1.0,10.0,2.0
TURECKI,176.0,593.0,0.0,4.0,49.0,540.0,0.0,0.0,0.0,0.0,3.0,11.0,7.0,1.0,0.0,0.0,59.0,0.0,37.0,10.0,5.0,5.0,0.0,0.0,5.0,5.0,0.0,24.0,22.0,0.0,0.0,0.0,0.0,0.0,5.0,1.0,4.0,0.0,3.0,37.0,0.0,15.0,5.0,4.0,19.0,263.0,21.0,46.0,36.0,153.0,0.0,0.0,85.0,54.0,19.0,0.0,0.0,0.0,5.0,2.0,0.0,0.0,7.0,0.0,4.0,0.0,0.0,1.0,0.0,34.0,18.0,14.0,0.0,1.0,1.0
WIELUŃSKI,589.0,989.0,1.0,9.0,77.0,902.0,0.0,0.0,5.0,1.0,6.0,50.0,7.0,30.0,0.0,0.0,88.0,0.0,48.0,19.0,6.0,13.0,0.0,0.0,19.0,11.0,0.0,0.0,19.0,0.0,0.0,0.0,0.0,3.0,12.0,9.0,3.0,1.0,18.0,61.0,5.0,40.0,6.0,8.0,45.0,313.0,32.0,104.0,28.0,129.0,0.0,3.0,253.0,117.0,91.0,3.0,0.0,0.0,9.0,3.0,0.0,1.0,21.0,0.0,6.0,0.0,0.0,3.0,1.0,43.0,34.0,6.0,0.0,0.0,0.0
POŁUDNIOWO-WARSZAWSKI,0.0,0.0,0.0,0.0,0.0,0.0,0.0,0.0,0.0,0.0,0.0,0.0,0.0,0.0,0.0,0.0,0.0,0.0,0.0,0.0,0.0,0.0,0.0,0.0,0.0,0.0,0.0,0.0,0.0,0.0,0.0,0.0,0.0,0.0,0.0,0.0,0.0,0.0,0.0,0.0,0.0,0.0,0.0,0.0,0.0,0.0,0.0,0.0,0.0,0.0,0.0,0.0,0.0,0.0,0.0,0.0,0.0,0.0,0.0,0.0,0.0,0.0,0.0,0.0,0.0,0.0,0.0,0.0,0.0,0.0,0.0,0.0,0.0,0.0,0.0
PÓŁNOCNO-WARSZAWSKI,0.0,0.0,0.0,0.0,0.0,0.0,0.0,0.0,0.0,0.0,0.0,0.0,0.0,0.0,0.0,0.0,0.0,0.0,0.0,0.0,0.0,0.0,0.0,0.0,0.0,0.0,0.0,0.0,0.0,0.0,0.0,0.0,0.0,0.0,0.0,0.0,0.0,0.0,0.0,0.0,0.0,0.0,0.0,0.0,0.0,0.0,0.0,0.0,0.0,0.0,0.0,0.0,0.0,0.0,0.0,0.0,0.0,0.0,0.0,0.0,0.0,0.0,0.0,0.0,0.0,0.0,0.0,0.0,0.0,0.0,0.0,0.0,0.0,0.0,0.0
PRASKO-WARSZAWSKI,0.0,0.0,0.0,0.0,0.0,0.0,0.0,0.0,0.0,0.0,0.0,0.0,0.0,0.0,0.0,0.0,0.0,0.0,0.0,0.0,0.0,0.0,0.0,0.0,0.0,0.0,0.0,0.0,0.0,0.0,0.0,0.0,0.0,0.0,0.0,0.0,0.0,0.0,0.0,0.0,0.0,0.0,0.0,0.0,0.0,0.0,0.0,0.0,0.0,0.0,0.0,0.0,0.0,0.0,0.0,0.0,0.0,0.0,0.0,0.0,0.0,0.0,0.0,0.0,0.0,0.0,0.0,0.0,0.0,0.0,0.0,0.0,0.0,0.0,0.0
ŚRÓDMIEJSKO-WARSZAWSKI,62686.0,16646.0,62.0,762.0,2067.0,13755.0,0.0,6.0,13.0,17.0,38.0,136.0,0.0,18.0,221.0,336.0,2009.0,468.0,97.0,544.0,139.0,381.0,71.0,145.0,384.0,3.0,52.0,98.0,846.0,26.0,78.0,200.0,32.0,61.0,402.0,14.0,61.0,27.0,94.0,772.0,1.0,521.0,16.0,81.0,230.0,829.0,8.0,254.0,27.0,158.0,54.0,513.0,4391.0,1869.0,858.0,264.0,76.0,119.0,588.0,220.0,150.0,198.0,449.0,3.0,504.0,1.0,0.0,0.0,158.0,2084.0,1353.0,333.0,6.0,67.0,81.0
BARANOWICKI,862.0,904.0,2.0,10.0,82.0,810.0,0.0,2.0,0.0,2.0,4.0,17.0,7.0,7.0,0.0,1.0,91.0,1.0,32.0,27.0,9.0,15.0,0.0,3.0,18.0,0.0,0.0,1.0,15.0,0.0,0.0,6.0,0.0,0.0,27.0,7.0,16.0,6.0,16.0,48.0,0.0,0.0,3.0,3.0,50.0,199.0,61.0,36.0,67.0,18.0,0.0,2.0,237.0,122.0,79.0,4.0,0.0,1.0,15.0,4.0,0.0,1.0,25.0,0.0,6.0,1.0,1.0,3.0,0.0,93.0,42.0,44.0,0.0,4.0,6.0
BRASŁAWSKI,329.0,364.0,0.0,3.0,54.0,307.0,0.0,0.0,0.0,0.0,0.0,13.0,12.0,0.0,0.0,0.0,24.0,0.0,7.0,4.0,4.0,9.0,0.0,2.0,5.0,3.0,0.0,1.0,14.0,0.0,1.0,1.0,0.0,0.0,11.0,9.0,2.0,3.0,4.0,11.0,2.0,5.0,0.0,0.0,28.0,84.0,14.0,37.0,15.0,9.0,0.0,1.0,79.0,58.0,16.0,0.0,0.0,0.0,13.0,1.0,0.0,0.0,0.0,0.0,2.0,0.0,0.0,3.0,0.0,23.0,18.0,3.0,17.0,24.0,0.0
LIDZKI,2120.0,726.0,2.0,15.0,84.0,625.0,0.0,0.0,1.0,1.0,7.0,11.0,2.0,4.0,3.0,1.0,110.0,1.0,49.0,28.0,10.0,18.0,2.0,6.0,21.0,1.0,1.0,1.0,4.0,0.0,0.0,0.0,0.0,0.0,12.0,4.0,6.0,5.0,16.0,34.0,4.0,15.0,4.0,5.0,50.0,157.0,37.0,43.0,39.0,24.0,0.0,0.0,188.0,100.0,66.0,2.0,0.0,0.0,14.0,3.0,0.0,0.0,6.0,0.0,14.0,0.0,0.0,4.0,2.0,45.0,32.0,6.0,1.0,2.0,2.0
NIEŚWIESKI,310.0,592.0,0.0,4.0,53.0,535.0,0.0,0.0,0.0,0.0,1.0,28.0,9.0,13.0,0.0,0.0,63.0,0.0,40.0,6.0,7.0,10.0,0.0,0.0,10.0,6.0,0.0,2.0,6.0,0.0,0.0,0.0,0.0,0.0,9.0,4.0,5.0,1.0,8.0,24.0,2.0,18.0,2.0,3.0,40.0,232.0,99.0,38.0,64.0,17.0,0.0,0.0,111.0,59.0,37.0,0.0,0.0,0.0,11.0,3.0,0.0,0.0,1.0,0.0,4.0,0.0,2.0,2.0,0.0,32.0,29.0,1.0,0.0,1.0,1.0
NOWOGRÓDZKI,321.0,627.0,0.0,3.0,87.0,537.0,0.0,0.0,0.0,0.0,1.0,44.0,26.0,9.0,0.0,0.0,73.0,1.0,43.0,11.0,6.0,11.0,0.0,0.0,20.0,3.0,0.0,2.0,6.0,0.0,0.0,1.0,0.0,0.0,13.0,5.0,7.0,1.0,12.0,22.0,0.0,18.0,0.0,2.0,70.0,144.0,40.0,47.0,24.0,14.0,0.0,0.0,156.0,77.0,56.0,0.0,0.0,0.0,11.0,1.0,0.0,2.0,4.0,0.0,1.0,0.0,0.0,7.0,0.0,33.0,24.0,4.0,0.0,1.0,1.0
SŁONIMSKI,595.0,691.0,0.0,7.0,91.0,593.0,0.0,0.0,0.0,0.0,7.0,19.0,8.0,10.0,0.0,0.0,84.0,3.0,46.0,18.0,6.0,7.0,0.0,1.0,23.0,2.0,0.0,0.0,8.0,1.0,0.0,0.0,0.0,1.0,24.0,12.0,8.0,5.0,20.0,46.0,9.0,31.0,0.0,1.0,60.0,108.0,28.0,47.0,4.0,13.0,0.0,2.0,200.0,97.0,76.0,1.0,0.0,0.0,11.0,4.0,0.0,0.0,0.0,0.0,12.0,0.0,0.0,2.0,0.0,50.0,31.0,14.0,0.0,6.0,0.0
STOŁPECKI,472.0,460.0,0.0,4.0,68.0,388.0,0.0,0.0,0.0,0.0,5.0,20.0,9.0,8.0,0.0,0.0,50.0,0.0,28.0,6.0,6.0,10.0,0.0,0.0,9.0,0.0,0.0,0.0,2.0,0.0,0.0,0.0,0.0,0.0,11.0,5.0,4.0,3.0,8.0,25.0,2.0,12.0,2.0,1.0,51.0,105.0,22.0,34.0,29.0,13.0,0.0,0.0,130.0,67.0,46.0,0.0,0.0,0.0,4.0,1.0,0.0,0.0,2.0,0.0,4.0,0.0,4.0,0.0,0.0,23.0,20.0,1.0,0.0,2.0,1.0
WOŁOŻYŃSKI,305.0,309.0,0.0,5.0,47.0,257.0,0.0,0.0,0.0,0.0,2.0,12.0,5.0,1.0,0.0,0.0,35.0,0.0,22.0,4.0,2.0,7.0,0.0,0.0,17.0,4.0,0.0,0.0,7.0,0.0,0.0,1.0,0.0,0.0,9.0,3.0,6.0,5.0,17.0,11.0,4.0,2.0,1.0,0.0,28.0,80.0,18.0,25.0,10.0,14.0,0.0,0.0,59.0,28.0,22.0,0.0,0.0,0.0,7.0,1.0,0.0,0.0,2.0,0.0,2.0,0.0,0.0,2.0,0.0,13.0,13.0,0.0,0.0,0.0,0.0
SZCZUCZYŃSKI (WOJ. NOWOGRÓDZKIE),445.0,493.0,0.0,3.0,36.0,454.0,0.0,0.0,0.0,0.0,0.0,13.0,5.0,5.0,0.0,0.0,61.0,0.0,47.0,4.0,4.0,5.0,0.0,0.0,12.0,0.0,0.0,0.0,2.0,0.0,0.0,0.0,0.0,0.0,13.0,6.0,7.0,3.0,16.0,39.0,1.0,24.0,2.0,0.0,20.0,89.0,18.0,30.0,24.0,10.0,0.0,0.0,172.0,107.0,55.0,1.0,0.0,0.0,2.0,1.0,0.0,0.0,19.0,0.0,5.0,0.0,0.0,3.0,0.0,23.0,15.0,5.0,0.0,1.0,0.0
BRZESKI (BRZEŚĆ N.BUG.),861.0,1410.0,0.0,15.0,88.0,1307.0,0.0,0.0,0.0,2.0,1.0,40.0,19.0,15.0,0.0,1.0,179.0,6.0,53.0,54.0,17.0,35.0,0.0,4.0,32.0,9.0,0.0,3.0,27.0,0.0,0.0,9.0,1.0,1.0,37.0,0.0,27.0,6.0,10.0,124.0,3.0,76.0,21.0,3.0,55.0,188.0,50.0,60.0,17.0,32.0,0.0,2.0,497.0,229.0,184.0,17.0,0.0,2.0,29.0,9.0,2.0,1.0,18.0,0.0,25.0,1.0,2.0,1.0,2.0,92.0,69.0,8.0,4.0,4.0,5.0
DROHICKI,155.0,437.0,0.0,1.0,41.0,395.0,0.0,0.0,0.0,0.0,3.0,19.0,11.0,8.0,0.0,0.0,54.0,0.0,46.0,4.0,3.0,1.0,0.0,2.0,7.0,6.0,0.0,0.0,7.0,0.0,0.0,0.0,0.0,0.0,22.0,6.0,11.0,1.0,7.0,20.0,0.0,13.0,0.0,0.0,26.0,120.0,72.0,10.0,17.0,16.0,0.0,0.0,116.0,37.0,58.0,6.0,0.0,0.0,6.0,1.0,0.0,0.0,6.0,0.0,3.0,0.0,1.0,1.0,0.0,14.0,12.0,2.0,2.0,0.0,0.0
KOBRYŃSKI,199.0,430.0,0.0,1.0,45.0,384.0,0.0,0.0,0.0,0.0,3.0,15.0,3.0,11.0,0.0,1.0,60.0,0.0,40.0,9.0,3.0,7.0,0.0,0.0,5.0,2.0,0.0,2.0,5.0,0.0,1.0,0.0,0.0,0.0,12.0,1.0,10.0,0.0,4.0,17.0,1.0,11.0,1.0,1.0,30.0,85.0,26.0,26.0,17.0,10.0,0.0,3.0,149.0,51.0,64.0,20.0,0.0,0.0,9.0,2.0,0.0,0.0,5.0,0.0,4.0,0.0,0.0,0.0,0.0,17.0,14.0,0.0,1.0,1.0,0.0
KOSZYRSKI,245.0,205.0,0.0,0.0,33.0,172.0,0.0,0.0,0.0,0.0,1.0,10.0,8.0,2.0,0.0,0.0,23.0,0.0,18.0,2.0,0.0,3.0,0.0,1.0,9.0,8.0,0.0,0.0,8.0,0.0,0.0,0.0,0.0,0.0,6.0,1.0,5.0,0.0,18.0,5.0,1.0,3.0,1.0,0.0,11.0,39.0,17.0,9.0,3.0,7.0,0.0,0.0,60.0,23.0,19.0,6.0,0.0,0.0,3.0,1.0,0.0,0.0,0.0,0.0,0.0,0.0,0.0,1.0,2.0,6.0,5.0,1.0,0.0,2.0,0.0
ŁUNINIECKI,1557.0,545.0,2.0,10.0,48.0,485.0,0.0,0.0,0.0,0.0,1.0,9.0,8.0,1.0,0.0,0.0,82.0,0.0,59.0,4.0,7.0,11.0,0.0,1.0,19.0,4.0,0.0,0.0,7.0,0.0,0.0,0.0,0.0,0.0,10.0,2.0,8.0,11.0,30.0,31.0,10.0,20.0,0.0,0.0,14.0,75.0,34.0,19.0,5.0,14.0,0.0,0.0,164.0,73.0,69.0,1.0,0.0,1.0,7.0,1.0,0.0,0.0,4.0,0.0,4.0,1.0,1.0,3.0,0.0,24.0,20.0,2.0,0.0,7.0,39.0
PIŃSKI,1612.0,966.0,2.0,11.0,65.0,888.0,0.0,0.0,0.0,0.0,2.0,21.0,10.0,8.0,0.0,0.0,102.0,1.0,46.0,21.0,9.0,21.0,0.0,6.0,13.0,1.0,0.0,0.0,19.0,0.0,0.0,3.0,0.0,0.0,16.0,1.0,12.0,9.0,33.0,49.0,6.0,25.0,2.0,3.0,17.0,164.0,70.0,40.0,10.0,23.0,0.0,3.0,305.0,142.0,114.0,13.0,0.0,1.0,20.0,7.0,0.0,1.0,3.0,0.0,13.0,1.0,0.0,0.0,2.0,145.0,43.0,89.0,0.0,1.0,14.0
PRUŻAŃSKI,167.0,632.0,0.0,0.0,47.0,585.0,0.0,0.0,0.0,0.0,2.0,22.0,11.0,7.0,0.0,0.0,96.0,0.0,66.0,17.0,3.0,8.0,0.0,1.0,7.0,2.0,0.0,0.0,4.0,0.0,0.0,1.0,0.0,0.0,20.0,0.0,16.0,0.0,9.0,33.0,0.0,23.0,1.0,0.0,30.0,120.0,42.0,30.0,19.0,19.0,0.0,0.0,220.0,95.0,99.0,2.0,0.0,0.0,14.0,2.0,0.0,4.0,10.0,0.0,5.0,0.0,0.0,1.0,1.0,31.0,21.0,5.0,0.0,0.0,1.0
STOLIŃSKI,515.0,577.0,0.0,4.0,63.0,510.0,0.0,0.0,0.0,0.0,4.0,17.0,7.0,2.0,0.0,1.0,62.0,1.0,45.0,1.0,9.0,6.0,0.0,3.0,7.0,2.0,0.0,0.0,4.0,0.0,0.0,0.0,0.0,0.0,15.0,5.0,9.0,4.0,35.0,53.0,2.0,37.0,0.0,0.0,15.0,79.0,40.0,5.0,19.0,13.0,0.0,0.0,206.0,79.0,115.0,0.0,0.0,0.0,5.0,1.0,0.0,0.0,15.0,0.0,7.0,0.0,0.0,0.0,2.0,15.0,14.0,0.0,3.0,6.0,19.0
IWACEWICKI,561.0,397.0,0.0,6.0,42.0,349.0,0.0,0.0,0.0,0.0,0.0,25.0,16.0,8.0,0.0,0.0,52.0,0.0,38.0,5.0,3.0,4.0,0.0,4.0,11.0,2.0,1.0,1.0,9.0,0.0,0.0,0.0,0.0,1.0,17.0,3.0,9.0,4.0,20.0,21.0,3.0,14.0,3.0,1.0,14.0,52.0,5.0,16.0,19.0,7.0,0.0,0.0,116.0,54.0,49.0,0.0,0.0,0.0,5.0,0.0,0.0,0.0,10.0,0.0,6.0,0.0,0.0,3.0,2.0,14.0,9.0,3.0,0.0,0.0,8.0
BRODNICKI,247.0,638.0,0.0,8.0,50.0,580.0,0.0,0.0,0.0,2.0,3.0,4.0,3.0,1.0,0.0,3.0,118.0,0.0,78.0,29.0,2.0,7.0,0.0,0.0,5.0,4.0,0.0,0.0,1.0,0.0,0.0,0.0,0.0,0.0,16.0,1.0,10.0,0.0,8.0,66.0,0.0,38.0,20.0,6.0,28.0,147.0,23.0,30.0,16.0,69.0,0.0,1.0,100.0,48.0,46.0,0.0,0.0,0.0,6.0,3.0,0.0,5.0,24.0,2.0,11.0,0.0,0.0,0.0,0.0,48.0,24.0,19.0,0.0,22.0,12.0
CHEŁMIŃSKI,557.0,498.0,1.0,8.0,29.0,460.0,0.0,0.0,0.0,2.0,0.0,4.0,1.0,2.0,1.0,2.0,80.0,1.0,56.0,16.0,1.0,6.0,0.0,0.0,3.0,3.0,0.0,0.0,1.0,0.0,0.0,0.0,0.0,0.0,12.0,0.0,11.0,1.0,5.0,49.0,1.0,17.0,23.0,4.0,17.0,124.0,27.0,17.0,21.0,44.0,0.0,0.0,89.0,44.0,38.0,1.0,0.0,1.0,10.0,5.0,0.0,2.0,17.0,0.0,9.0,0.0,0.0,0.0,2.0,28.0,19.0,4.0,1.0,13.0,21.0
CHOJNICKI,542.0,806.0,0.0,17.0,66.0,723.0,0.0,0.0,0.0,1.0,7.0,11.0,5.0,5.0,0.0,1.0,108.0,1.0,61.0,27.0,4.0,9.0,0.0,1.0,1.0,0.0,0.0,1.0,4.0,0.0,0.0,0.0,0.0,0.0,14.0,1.0,12.0,6.0,15.0,122.0,8.0,77.0,28.0,9.0,37.0,165.0,11.0,58.0,11.0,75.0,0.0,0.0,159.0,66.0,79.0,1.0,0.0,1.0,8.0,3.0,0.0,3.0,36.0,1.0,21.0,0.0,0.0,2.0,0.0,50.0,32.0,10.0,0.0,20.0,2.0
DZIAŁDOWSKI,224.0,435.0,0.0,7.0,46.0,382.0,0.0,0.0,0.0,0.0,1.0,5.0,2.0,2.0,0.0,1.0,74.0,0.0,53.0,11.0,2.0,7.0,0.0,0.0,6.0,6.0,0.0,0.0,2.0,0.0,0.0,0.0,1.0,0.0,6.0,1.0,5.0,2.0,6.0,46.0,4.0,26.0,13.0,4.0,35.0,126.0,7.0,28.0,17.0,67.0,0.0,0.0,59.0,24.0,29.0,0.0,0.0,0.0,6.0,2.0,0.0,2.0,7.0,0.0,6.0,0.0,0.0,1.0,0.0,30.0,17.0,9.0,1.0,8.0,0.0
GRUDZIĄDZ (MIASTO),1879.0,639.0,4.0,18.0,41.0,576.0,0.0,0.0,0.0,4.0,0.0,8.0,5.0,1.0,3.0,6.0,75.0,4.0,7.0,32.0,7.0,12.0,1.0,1.0,12.0,0.0,0.0,0.0,5.0,0.0,0.0,5.0,0.0,0.0,6.0,2.0,4.0,2.0,5.0,39.0,1.0,27.0,3.0,8.0,9.0,117.0,1.0,45.0,1.0,44.0,0.0,2.0,123.0,57.0,43.0,1.0,2.0,5.0,19.0,4.0,1.0,12.0,36.0,0.0,18.0,0.0,0.0,2.0,1.0,96.0,55.0,22.0,1.0,10.0,5.0
GRUDZIĄDZKI,762.0,395.0,1.0,6.0,21.0,367.0,0.0,2.0,0.0,1.0,0.0,4.0,3.0,0.0,0.0,1.0,74.0,0.0,57.0,8.0,4.0,4.0,0.0,0.0,2.0,2.0,0.0,0.0,2.0,0.0,0.0,0.0,0.0,0.0,8.0,0.0,6.0,0.0,2.0,38.0,1.0,16.0,21.0,6.0,15.0,88.0,25.0,16.0,18.0,27.0,0.0,0.0,69.0,24.0,41.0,0.0,0.0,0.0,2.0,0.0,0.0,0.0,5.0,0.0,10.0,0.0,0.0,1.0,0.0,25.0,12.0,9.0,1.0,22.0,17.0
KARTUSKI,371.0,451.0,0.0,9.0,31.0,411.0,1.0,0.0,0.0,5.0,4.0,11.0,4.0,2.0,0.0,0.0,90.0,1.0,68.0,13.0,0.0,8.0,0.0,0.0,1.0,0.0,0.0,0.0,1.0,0.0,0.0,0.0,0.0,0.0,5.0,0.0,4.0,0.0,5.0,81.0,8.0,46.0,26.0,3.0,21.0,89.0,10.0,26.0,1.0,47.0,0.0,0.0,82.0,31.0,51.0,0.0,0.0,1.0,7.0,1.0,0.0,0.0,6.0,0.0,5.0,0.0,0.0,1.0,0.0,26.0,15.0,6.0,0.0,6.0,0.0
KOŚCIERSKI,317.0,464.0,0.0,8.0,50.0,406.0,1.0,1.0,0.0,0.0,2.0,9.0,3.0,6.0,0.0,2.0,83.0,0.0,61.0,14.0,2.0,3.0,0.0,0.0,1.0,0.0,0.0,0.0,1.0,0.0,0.0,0.0,0.0,0.0,10.0,0.0,10.0,2.0,7.0,66.0,7.0,34.0,19.0,5.0,33.0,93.0,11.0,33.0,7.0,37.0,0.0,1.0,80.0,33.0,40.0,0.0,0.0,0.0,6.0,2.0,0.0,3.0,11.0,0.0,4.0,0.0,0.0,1.0,0.0,34.0,22.0,8.0,1.0,7.0,0.0
LUBAWSKI,344.0,701.0,0.0,6.0,38.0,657.0,1.0,0.0,0.0,1.0,1.0,12.0,5.0,3.0,0.0,0.0,126.0,1.0,84.0,24.0,5.0,11.0,0.0,0.0,4.0,4.0,0.0,0.0,4.0,0.0,0.0,0.0,0.0,0.0,8.0,0.0,8.0,1.0,7.0,59.0,1.0,34.0,20.0,2.0,28.0,215.0,16.0,28.0,82.0,79.0,0.0,0.0,124.0,64.0,44.0,2.0,0.0,1.0,7.0,2.0,1.0,1.0,38.0,0.0,15.0,0.0,0.0,1.0,0.0,24.0,14.0,6.0,0.0,11.0,9.0
SĘPOLEŃSKI,178.0,467.0,0.0,4.0,40.0,423.0,0.0,0.0,0.0,0.0,1.0,6.0,1.0,5.0,0.0,1.0,92.0,4.0,60.0,18.0,2.0,6.0,0.0,0.0,1.0,1.0,0.0,0.0,4.0,0.0,0.0,0.0,0.0,1.0,9.0,1.0,8.0,1.0,7.0,57.0,2.0,31.0,22.0,2.0,27.0,63.0,4.0,19.0,6.0,27.0,0.0,0.0,111.0,62.0,43.0,0.0,0.0,0.0,6.0,3.0,1.0,2.0,13.0,0.0,4.0,0.0,0.0,2.0,1.0,38.0,21.0,11.0,0.0,13.0,4.0
STAROGARDZKI,1221.0,749.0,3.0,20.0,54.0,672.0,0.0,0.0,1.0,2.0,2.0,15.0,6.0,4.0,1.0,2.0,105.0,2.0,66.0,20.0,5.0,9.0,3.0,0.0,4.0,1.0,0.0,0.0,6.0,0.0,0.0,0.0,0.0,0.0,11.0,1.0,8.0,5.0,8.0,97.0,6.0,56.0,27.0,7.0,38.0,176.0,13.0,53.0,7.0,87.0,2.0,1.0,131.0,57.0,65.0,1.0,0.0,2.0,5.0,1.0,1.0,1.0,22.0,0.0,24.0,2.0,0.0,0.0,0.0,53.0,32.0,14.0,0.0,20.0,2.0
ŚWIECKI,1075.0,1135.0,3.0,18.0,107.0,1007.0,0.0,0.0,0.0,0.0,1.0,16.0,3.0,8.0,2.0,3.0,176.0,0.0,118.0,38.0,5.0,11.0,0.0,0.0,7.0,3.0,0.0,0.0,6.0,0.0,0.0,1.0,0.0,0.0,27.0,2.0,22.0,5.0,34.0,191.0,12.0,119.0,47.0,11.0,64.0,211.0,23.0,62.0,27.0,85.0,0.0,0.0,215.0,85.0,117.0,0.0,0.0,2.0,8.0,1.0,2.0,3.0,22.0,0.0,23.0,1.0,0.0,0.0,0.0,75.0,49.0,15.0,0.0,19.0,10.0
TCZEWSKI,964.0,805.0,3.0,21.0,43.0,738.0,0.0,0.0,0.0,5.0,2.0,4.0,1.0,3.0,3.0,4.0,102.0,0.0,56.0,24.0,8.0,12.0,0.0,0.0,3.0,0.0,0.0,1.0,1.0,1.0,0.0,1.0,0.0,0.0,12.0,2.0,10.0,2.0,5.0,86.0,1.0,44.0,27.0,9.0,24.0,174.0,13.0,56.0,15.0,72.0,0.0,0.0,155.0,68.0,74.0,1.0,2.0,1.0,10.0,3.0,1.0,6.0,29.0,0.0,14.0,1.0,0.0,1.0,0.0,93.0,45.0,40.0,0.0,25.0,28.0
TORUŃ (MIASTO),1950.0,827.0,1.0,34.0,62.0,730.0,0.0,0.0,0.0,2.0,1.0,9.0,0.0,1.0,4.0,7.0,88.0,8.0,9.0,33.0,6.0,13.0,6.0,1.0,13.0,0.0,0.0,0.0,6.0,1.0,0.0,2.0,0.0,0.0,8.0,0.0,5.0,3.0,9.0,57.0,0.0,33.0,7.0,12.0,15.0,129.0,0.0,52.0,1.0,51.0,0.0,3.0,151.0,86.0,41.0,7.0,4.0,2.0,24.0,4.0,2.0,18.0,49.0,0.0,27.0,0.0,0.0,0.0,4.0,139.0,82.0,39.0,3.0,23.0,5.0
TORUŃSKI,1050.0,486.0,2.0,6.0,28.0,450.0,0.0,0.0,0.0,3.0,4.0,4.0,1.0,0.0,0.0,2.0,85.0,3.0,58.0,12.0,2.0,9.0,0.0,1.0,3.0,2.0,0.0,0.0,0.0,0.0,0.0,1.0,0.0,0.0,8.0,0.0,5.0,0.0,3.0,43.0,1.0,17.0,21.0,5.0,13.0,128.0,26.0,31.0,16.0,46.0,0.0,2.0,77.0,31.0,40.0,2.0,0.0,0.0,6.0,3.0,0.0,3.0,25.0,0.0,9.0,0.0,0.0,1.0,0.0,35.0,20.0,9.0,0.0,11.0,14.0
TUCHOLSKI,159.0,510.0,0.0,10.0,26.0,474.0,0.0,0.0,4.0,0.0,0.0,18.0,11.0,5.0,0.0,1.0,81.0,0.0,55.0,19.0,1.0,4.0,0.0,0.0,2.0,2.0,0.0,0.0,2.0,0.0,0.0,0.0,0.0,0.0,3.0,0.0,2.0,1.0,7.0,80.0,4.0,47.0,24.0,8.0,15.0,100.0,5.0,29.0,13.0,47.0,0.0,0.0,100.0,41.0,53.0,0.0,0.0,0.0,6.0,1.0,1.0,3.0,17.0,0.0,7.0,0.0,0.0,2.0,0.0,32.0,20.0,7.0,0.0,16.0,4.0
WĄBRZESKI,256.0,574.0,1.0,6.0,26.0,541.0,0.0,0.0,0.0,0.0,3.0,6.0,1.0,2.0,0.0,3.0,78.0,1.0,53.0,16.0,1.0,6.0,0.0,1.0,3.0,2.0,0.0,0.0,3.0,0.0,0.0,0.0,0.0,0.0,13.0,0.0,10.0,1.0,4.0,51.0,0.0,28.0,15.0,5.0,12.0,176.0,32.0,24.0,58.0,44.0,0.0,0.0,90.0,35.0,38.0,1.0,0.0,0.0,3.0,1.0,0.0,2.0,24.0,0.0,14.0,0.0,0.0,0.0,0.0,41.0,22.0,12.0,2.0,13.0,26.0
MORSKI,1313.0,1012.0,1.0,21.0,85.0,905.0,0.0,0.0,0.0,9.0,4.0,17.0,2.0,7.0,1.0,0.0,121.0,1.0,79.0,22.0,6.0,8.0,0.0,0.0,4.0,0.0,0.0,0.0,6.0,0.0,0.0,1.0,1.0,0.0,7.0,0.0,7.0,5.0,13.0,120.0,9.0,76.0,26.0,5.0,50.0,218.0,15.0,67.0,7.0,79.0,0.0,1.0,174.0,66.0,99.0,0.0,0.0,1.0,21.0,3.0,1.0,12.0,40.0,1.0,18.0,0.0,0.0,2.0,0.0,148.0,79.0,43.0,3.0,8.0,0.0
GDYNIA (MIASTO),2096.0,1108.0,4.0,41.0,107.0,956.0,0.0,1.0,3.0,2.0,2.0,11.0,0.0,0.0,2.0,7.0,107.0,3.0,15.0,42.0,14.0,17.0,2.0,1.0,15.0,0.0,0.0,0.0,7.0,0.0,0.0,4.0,0.0,0.0,4.0,0.0,1.0,1.0,10.0,69.0,0.0,50.0,8.0,8.0,22.0,118.0,3.0,23.0,2.0,48.0,0.0,3.0,219.0,126.0,69.0,5.0,0.0,5.0,37.0,5.0,26.0,45.0,86.0,0.0,49.0,0.0,0.0,0.0,10.0,217.0,100.0,88.0,5.0,5.0,5.0
BYDGOSKI,728.0,489.0,1.0,22.0,42.0,424.0,0.0,0.0,1.0,4.0,3.0,9.0,1.0,6.0,1.0,1.0,88.0,1.0,62.0,18.0,0.0,4.0,3.0,0.0,1.0,1.0,0.0,0.0,4.0,1.0,0.0,0.0,0.0,0.0,7.0,0.0,5.0,7.0,6.0,54.0,6.0,19.0,20.0,7.0,29.0,106.0,19.0,30.0,14.0,36.0,0.0,1.0,62.0,25.0,31.0,0.0,0.0,1.0,5.0,2.0,0.0,1.0,18.0,0.0,6.0,0.0,0.0,2.0,0.0,43.0,20.0,18.0,0.0,16.0,2.0
BYDGOSZCZ (MIASTO),6182.0,1784.0,7.0,93.0,157.0,1527.0,0.0,0.0,0.0,11.0,3.0,19.0,0.0,3.0,27.0,24.0,201.0,21.0,18.0,62.0,5.0,32.0,4.0,9.0,34.0,0.0,2.0,3.0,17.0,4.0,2.0,3.0,2.0,3.0,18.0,0.0,8.0,13.0,26.0,145.0,0.0,91.0,7.0,20.0,26.0,264.0,6.0,88.0,2.0,107.0,7.0,12.0,361.0,176.0,114.0,12.0,5.0,8.0,51.0,8.0,5.0,32.0,96.0,0.0,41.0,0.0,0.0,1.0,6.0,247.0,129.0,88.0,3.0,24.0,5.0
CHODZIESKI,1433.0,726.0,2.0,5.0,49.0,670.0,0.0,0.0,0.0,4.0,0.0,15.0,4.0,7.0,0.0,2.0,111.0,3.0,60.0,29.0,4.0,8.0,0.0,0.0,0.0,0.0,0.0,0.0,3.0,0.0,0.0,0.0,0.0,0.0,22.0,1.0,19.0,0.0,7.0,87.0,2.0,53.0,27.0,3.0,36.0,162.0,33.0,33.0,14.0,68.0,0.0,0.0,126.0,58.0,62.0,0.0,0.0,1.0,10.0,1.0,0.0,2.0,36.0,0.0,19.0,0.0,0.0,0.0,1.0,52.0,34.0,10.0,0.0,21.0,6.0
CZARNKOWSKI,337.0,596.0,0.0,6.0,31.0,559.0,0.0,0.0,0.0,0.0,2.0,16.0,2.0,7.0,1.0,0.0,69.0,0.0,41.0,18.0,3.0,6.0,0.0,0.0,5.0,4.0,1.0,0.0,1.0,0.0,0.0,0.0,0.0,0.0,12.0,0.0,9.0,0.0,4.0,77.0,2.0,45.0,24.0,4.0,22.0,150.0,13.0,43.0,11.0,76.0,0.0,0.0,121.0,56.0,51.0,0.0,0.0,0.0,5.0,2.0,0.0,3.0,30.0,0.0,13.0,0.0,0.0,7.0,0.0,42.0,24.0,14.0,0.0,11.0,0.0
GNIEŹNIEŃSKI,266.0,505.0,0.0,9.0,28.0,468.0,0.0,0.0,0.0,0.0,4.0,4.0,3.0,1.0,0.0,0.0,105.0,1.0,78.0,19.0,3.0,3.0,0.0,0.0,3.0,2.0,0.0,0.0,0.0,0.0,0.0,0.0,0.0,0.0,10.0,0.0,10.0,2.0,2.0,53.0,2.0,20.0,26.0,7.0,19.0,153.0,44.0,30.0,22.0,51.0,0.0,0.0,65.0,19.0,44.0,0.0,0.0,0.0,4.0,1.0,0.0,2.0,14.0,0.0,6.0,0.0,0.0,2.0,0.0,33.0,25.0,2.0,1.0,14.0,2.0
GOSTYŃSKI,717.0,779.0,1.0,9.0,37.0,732.0,0.0,0.0,0.0,2.0,3.0,11.0,0.0,10.0,0.0,3.0,123.0,0.0,66.0,38.0,9.0,9.0,0.0,0.0,6.0,6.0,0.0,2.0,1.0,0.0,0.0,0.0,0.0,0.0,16.0,1.0,15.0,0.0,8.0,102.0,3.0,55.0,34.0,8.0,12.0,182.0,27.0,62.0,6.0,72.0,0.0,1.0,174.0,55.0,113.0,0.0,0.0,0.0,12.0,2.0,0.0,7.0,23.0,0.0,19.0,0.0,0.0,2.0,1.0,53.0,37.0,9.0,0.0,6.0,2.0
INOWROCŁAWSKI,679.0,357.0,3.0,8.0,25.0,321.0,0.0,1.0,2.0,1.0,1.0,3.0,2.0,1.0,0.0,2.0,64.0,1.0,50.0,9.0,1.0,3.0,0.0,1.0,2.0,2.0,0.0,0.0,0.0,0.0,0.0,0.0,0.0,0.0,6.0,0.0,5.0,1.0,2.0,52.0,2.0,19.0,29.0,8.0,17.0,110.0,25.0,21.0,11.0,49.0,0.0,0.0,43.0,14.0,28.0,0.0,0.0,0.0,0.0,0.0,1.0,1.0,7.0,0.0,4.0,0.0,0.0,3.0,0.0,18.0,8.0,6.0,0.0,7.0,0.0
JAROCIŃSKI,997.0,894.0,0.0,19.0,61.0,814.0,0.0,0.0,0.0,6.0,3.0,17.0,2.0,10.0,1.0,0.0,142.0,1.0,72.0,47.0,8.0,11.0,0.0,0.0,4.0,2.0,0.0,0.0,2.0,1.0,0.0,1.0,0.0,0.0,16.0,1.0,13.0,4.0,7.0,82.0,2.0,44.0,31.0,7.0,40.0,257.0,35.0,89.0,19.0,100.0,0.0,2.0,134.0,58.0,69.0,0.0,0.0,1.0,9.0,3.0,0.0,6.0,41.0,0.0,10.0,0.0,0.0,3.0,2.0,81.0,41.0,30.0,0.0,9.0,6.0
KĘPIŃSKI,522.0,879.0,0.0,16.0,53.0,810.0,1.0,2.0,1.0,7.0,1.0,21.0,3.0,15.0,0.0,1.0,154.0,1.0,92.0,39.0,8.0,11.0,0.0,0.0,4.0,1.0,0.0,0.0,2.0,0.0,0.0,0.0,0.0,0.0,24.0,0.0,19.0,1.0,10.0,114.0,0.0,72.0,33.0,6.0,37.0,236.0,15.0,75.0,11.0,124.0,0.0,1.0,140.0,64.0,71.0,0.0,0.0,1.0,13.0,2.0,1.0,0.0,24.0,0.0,13.0,0.0,0.0,3.0,0.0,52.0,30.0,9.0,0.0,8.0,1.0
KOŚCIAŃSKI,1665.0,1067.0,1.0,14.0,61.0,991.0,0.0,0.0,1.0,4.0,2.0,19.0,1.0,12.0,0.0,2.0,167.0,1.0,99.0,41.0,14.0,11.0,0.0,1.0,13.0,12.0,0.0,1.0,5.0,0.0,0.0,0.0,0.0,0.0,18.0,2.0,16.0,1.0,6.0,126.0,1.0,73.0,39.0,10.0,36.0,304.0,68.0,104.0,16.0,102.0,0.0,2.0,196.0,75.0,104.0,2.0,0.0,2.0,15.0,2.0,0.0,6.0,32.0,0.0,22.0,0.0,0.0,3.0,1.0,57.0,33.0,17.0,2.0,11.0,2.0
KROTOSZYŃSKI,750.0,1010.0,2.0,18.0,49.0,941.0,0.0,0.0,0.0,4.0,5.0,18.0,0.0,11.0,0.0,2.0,164.0,1.0,96.0,45.0,10.0,7.0,0.0,1.0,7.0,3.0,0.0,0.0,1.0,0.0,0.0,0.0,1.0,0.0,27.0,2.0,23.0,2.0,8.0,123.0,1.0,65.0,39.0,13.0,19.0,246.0,29.0,98.0,21.0,80.0,0.0,2.0,204.0,70.0,115.0,1.0,0.0,1.0,10.0,3.0,0.0,9.0,30.0,0.0,12.0,0.0,0.0,0.0,1.0,84.0,44.0,28.0,1.0,14.0,1.0
LESZCZYŃSKI,727.0,1184.0,2.0,15.0,56.0,1111.0,0.0,0.0,9.0,4.0,2.0,15.0,1.0,9.0,2.0,4.0,150.0,4.0,76.0,46.0,7.0,9.0,0.0,2.0,10.0,6.0,1.0,3.0,7.0,0.0,0.0,0.0,0.0,0.0,22.0,1.0,17.0,2.0,5.0,155.0,3.0,84.0,49.0,7.0,28.0,305.0,97.0,107.0,8.0,76.0,1.0,3.0,233.0,85.0,130.0,1.0,0.0,1.0,16.0,2.0,0.0,8.0,53.0,0.0,30.0,0.0,0.0,0.0,0.0,89.0,48.0,33.0,0.0,15.0,2.0
MIĘDZYCHODZKI,146.0,512.0,0.0,2.0,38.0,472.0,0.0,1.0,0.0,1.0,0.0,10.0,3.0,4.0,0.0,1.0,73.0,0.0,44.0,19.0,3.0,6.0,0.0,0.0,6.0,5.0,0.0,0.0,4.0,0.0,0.0,1.0,0.0,0.0,5.0,0.0,4.0,0.0,4.0,52.0,1.0,26.0,16.0,1.0,31.0,103.0,12.0,35.0,5.0,40.0,0.0,0.0,121.0,50.0,65.0,0.0,0.0,1.0,5.0,2.0,0.0,0.0,21.0,0.0,16.0,0.0,0.0,0.0,0.0,29.0,18.0,7.0,0.0,25.0,1.0
MOGILEŃSKI,711.0,1054.0,1.0,15.0,51.0,987.0,0.0,2.0,0.0,0.0,1.0,18.0,3.0,13.0,0.0,3.0,185.0,2.0,128.0,28.0,11.0,14.0,0.0,0.0,7.0,6.0,0.0,0.0,4.0,0.0,0.0,0.0,0.0,0.0,21.0,1.0,19.0,2.0,5.0,110.0,2.0,49.0,51.0,14.0,29.0,285.0,45.0,71.0,34.0,119.0,0.0,0.0,198.0,74.0,112.0,0.0,0.0,0.0,15.0,5.0,0.0,8.0,38.0,0.0,14.0,0.0,0.0,3.0,0.0,65.0,37.0,21.0,3.0,21.0,3.0
NOWOTOMYSKI,967.0,1258.0,1.0,20.0,74.0,1163.0,0.0,0.0,0.0,2.0,2.0,27.0,0.0,17.0,0.0,4.0,168.0,0.0,95.0,39.0,9.0,18.0,0.0,1.0,15.0,14.0,1.0,0.0,13.0,0.0,1.0,1.0,0.0,0.0,25.0,3.0,21.0,3.0,18.0,159.0,2.0,90.0,38.0,15.0,41.0,322.0,52.0,123.0,6.0,121.0,0.0,2.0,246.0,100.0,134.0,0.0,0.0,1.0,14.0,3.0,0.0,3.0,36.0,0.0,23.0,0.0,0.0,0.0,0.0,97.0,61.0,26.0,1.0,16.0,1.0
OBORNICKI,460.0,658.0,1.0,9.0,63.0,585.0,0.0,1.0,5.0,1.0,5.0,11.0,1.0,6.0,0.0,3.0,104.0,2.0,53.0,32.0,5.0,7.0,0.0,0.0,4.0,4.0,0.0,0.0,4.0,0.0,0.0,0.0,0.0,0.0,10.0,0.0,10.0,3.0,12.0,72.0,2.0,30.0,31.0,6.0,38.0,138.0,16.0,41.0,10.0,62.0,0.0,0.0,113.0,42.0,62.0,0.0,0.0,0.0,9.0,2.0,0.0,3.0,46.0,0.0,8.0,0.0,0.0,4.0,0.0,49.0,30.0,14.0,1.0,8.0,0.0
OSTROWSKI (OSTRÓW WIELKOPOLSKI),875.0,877.0,1.0,23.0,58.0,795.0,0.0,1.0,0.0,8.0,3.0,19.0,3.0,14.0,2.0,8.0,125.0,4.0,69.0,34.0,8.0,10.0,0.0,1.0,6.0,0.0,0.0,0.0,3.0,0.0,0.0,1.0,0.0,0.0,11.0,0.0,11.0,4.0,10.0,92.0,3.0,53.0,26.0,8.0,23.0,273.0,14.0,89.0,12.0,136.0,0.0,1.0,116.0,52.0,49.0,1.0,0.0,1.0,13.0,6.0,1.0,10.0,34.0,0.0,19.0,0.0,0.0,2.0,0.0,66.0,45.0,12.0,1.0,10.0,5.0
POZNAŃ (MIASTO),14214.0,3871.0,10.0,126.0,351.0,3384.0,0.0,0.0,3.0,7.0,3.0,37.0,0.0,6.0,24.0,56.0,445.0,39.0,51.0,150.0,58.0,68.0,11.0,23.0,103.0,2.0,1.0,5.0,50.0,8.0,3.0,14.0,3.0,3.0,40.0,0.0,20.0,9.0,18.0,195.0,0.0,106.0,22.0,31.0,56.0,483.0,3.0,144.0,4.0,180.0,9.0,69.0,853.0,368.0,309.0,26.0,15.0,19.0,131.0,48.0,15.0,66.0,159.0,3.0,126.0,0.0,0.0,0.0,26.0,680.0,331.0,237.0,4.0,24.0,41.0
RAWICKI,761.0,732.0,1.0,13.0,33.0,685.0,0.0,0.0,0.0,2.0,5.0,8.0,0.0,6.0,1.0,5.0,110.0,1.0,59.0,32.0,7.0,6.0,0.0,0.0,8.0,6.0,1.0,0.0,4.0,2.0,0.0,3.0,1.0,0.0,15.0,2.0,11.0,0.0,6.0,82.0,1.0,40.0,24.0,7.0,12.0,190.0,26.0,79.0,8.0,64.0,0.0,1.0,153.0,54.0,83.0,2.0,0.0,0.0,10.0,4.0,0.0,3.0,18.0,0.0,21.0,0.0,0.0,0.0,1.0,56.0,34.0,18.0,0.0,5.0,2.0
SZAMOTULSKI,699.0,836.0,2.0,12.0,64.0,758.0,0.0,0.0,1.0,2.0,3.0,16.0,1.0,11.0,0.0,2.0,117.0,1.0,69.0,32.0,6.0,7.0,0.0,1.0,10.0,4.0,0.0,0.0,3.0,0.0,0.0,0.0,0.0,0.0,16.0,1.0,15.0,1.0,8.0,92.0,0.0,45.0,33.0,9.0,41.0,220.0,26.0,82.0,10.0,86.0,0.0,1.0,148.0,59.0,80.0,0.0,0.0,2.0,13.0,1.0,1.0,4.0,28.0,0.0,12.0,0.0,1.0,0.0,0.0,64.0,38.0,18.0,2.0,16.0,2.0
SZUBIŃSKI,792.0,643.0,2.0,12.0,30.0,599.0,0.0,0.0,22.0,5.0,1.0,8.0,2.0,5.0,0.0,2.0,100.0,0.0,65.0,20.0,7.0,7.0,0.0,0.0,1.0,1.0,0.0,0.0,1.0,0.0,0.0,0.0,0.0,0.0,11.0,0.0,11.0,1.0,1.0,85.0,2.0,37.0,35.0,8.0,20.0,123.0,23.0,32.0,16.0,42.0,0.0,0.0,130.0,49.0,69.0,0.0,0.0,0.0,6.0,2.0,0.0,5.0,39.0,0.0,13.0,0.0,0.0,0.0,0.0,39.0,22.0,11.0,1.0,19.0,2.0
ŚREDZKI,616.0,672.0,1.0,11.0,32.0,628.0,0.0,0.0,0.0,1.0,0.0,13.0,4.0,6.0,0.0,4.0,99.0,0.0,64.0,23.0,5.0,7.0,0.0,0.0,3.0,2.0,1.0,0.0,1.0,0.0,0.0,0.0,0.0,0.0,8.0,0.0,8.0,1.0,5.0,80.0,1.0,37.0,34.0,8.0,19.0,167.0,48.0,43.0,6.0,60.0,0.0,0.0,148.0,54.0,81.0,0.0,0.0,0.0,6.0,1.0,1.0,4.0,31.0,0.0,11.0,0.0,0.0,4.0,0.0,52.0,28.0,18.0,0.0,2.0,3.0
ŚREMSKI,843.0,682.0,2.0,11.0,43.0,626.0,1.0,0.0,4.0,5.0,1.0,14.0,2.0,10.0,1.0,0.0,102.0,0.0,65.0,19.0,7.0,10.0,0.0,1.0,4.0,4.0,0.0,0.0,3.0,0.0,0.0,1.0,0.0,1.0,17.0,2.0,14.0,2.0,7.0,72.0,0.0,33.0,33.0,3.0,27.0,225.0,41.0,77.0,13.0,80.0,0.0,0.0,78.0,23.0,47.0,0.0,0.0,0.0,13.0,1.0,0.0,5.0,26.0,0.0,14.0,0.0,0.0,2.0,1.0,42.0,29.0,7.0,1.0,8.0,1.0
WĄGROWIECKI,690.0,595.0,1.0,13.0,33.0,548.0,1.0,0.0,13.0,1.0,1.0,11.0,2.0,6.0,0.0,2.0,116.0,1.0,75.0,23.0,8.0,8.0,0.0,0.0,1.0,1.0,0.0,0.0,3.0,0.0,0.0,0.0,0.0,0.0,14.0,1.0,13.0,2.0,5.0,59.0,1.0,25.0,26.0,10.0,21.0,157.0,29.0,45.0,19.0,57.0,0.0,0.0,81.0,32.0,40.0,0.0,0.0,2.0,6.0,1.0,0.0,2.0,17.0,0.0,8.0,0.0,0.0,1.0,0.0,44.0,27.0,10.0,0.0,15.0,2.0
WOLSZTYŃSKI,196.0,840.0,0.0,7.0,35.0,798.0,0.0,0.0,0.0,3.0,1.0,16.0,2.0,11.0,0.0,0.0,129.0,2.0,70.0,40.0,5.0,8.0,0.0,0.0,16.0,14.0,0.0,0.0,4.0,0.0,0.0,0.0,0.0,0.0,18.0,1.0,14.0,0.0,6.0,110.0,5.0,48.0,36.0,4.0,22.0,221.0,49.0,90.0,11.0,57.0,0.0,0.0,165.0,72.0,90.0,0.0,0.0,1.0,9.0,2.0,0.0,4.0,35.0,0.0,20.0,0.0,0.0,1.0,1.0,43.0,27.0,11.0,0.0,11.0,0.0
WRZESIŃSKI,701.0,559.0,2.0,10.0,34.0,513.0,0.0,1.0,0.0,3.0,1.0,9.0,1.0,5.0,0.0,1.0,88.0,2.0,48.0,20.0,7.0,7.0,0.0,0.0,2.0,2.0,0.0,0.0,0.0,0.0,0.0,0.0,0.0,0.0,12.0,0.0,10.0,3.0,3.0,53.0,0.0,34.0,12.0,6.0,22.0,163.0,33.0,47.0,9.0,64.0,0.0,0.0,96.0,44.0,47.0,0.0,0.0,1.0,8.0,1.0,0.0,5.0,16.0,0.0,18.0,0.0,0.0,2.0,0.0,36.0,24.0,9.0,0.0,9.0,1.0
WYRZYSKI,758.0,894.0,3.0,12.0,66.0,813.0,0.0,0.0,0.0,2.0,6.0,13.0,1.0,8.0,0.0,5.0,135.0,2.0,83.0,32.0,7.0,9.0,0.0,1.0,3.0,1.0,0.0,0.0,4.0,0.0,0.0,1.0,0.0,1.0,26.0,0.0,26.0,2.0,9.0,111.0,4.0,54.0,46.0,9.0,39.0,201.0,20.0,64.0,24.0,77.0,0.0,0.0,180.0,72.0,94.0,0.0,0.0,1.0,11.0,3.0,1.0,3.0,33.0,0.0,15.0,1.0,0.0,0.0,0.0,61.0,42.0,11.0,1.0,16.0,3.0
ŻNIŃSKI,391.0,495.0,1.0,7.0,22.0,465.0,0.0,0.0,0.0,0.0,0.0,8.0,0.0,4.0,0.0,3.0,94.0,1.0,69.0,17.0,3.0,4.0,0.0,0.0,3.0,3.0,0.0,0.0,2.0,0.0,0.0,0.0,0.0,0.0,9.0,1.0,7.0,0.0,4.0,60.0,2.0,23.0,29.0,8.0,12.0,137.0,44.0,25.0,15.0,48.0,0.0,0.0,71.0,20.0,45.0,0.0,0.0,1.0,7.0,1.0,0.0,1.0,20.0,0.0,4.0,0.0,1.0,2.0,0.0,31.0,19.0,8.0,0.0,16.0,1.0
POZNAŃSKI,2234.0,869.0,5.0,21.0,67.0,776.0,0.0,1.0,0.0,9.0,1.0,15.0,2.0,11.0,1.0,2.0,101.0,3.0,71.0,21.0,2.0,3.0,1.0,2.0,3.0,2.0,2.0,0.0,4.0,1.0,0.0,0.0,0.0,0.0,8.0,0.0,8.0,2.0,12.0,175.0,2.0,32.0,25.0,9.0,45.0,264.0,37.0,84.0,8.0,122.0,0.0,0.0,63.0,9.0,53.0,0.0,0.0,0.0,8.0,1.0,1.0,2.0,35.0,0.0,12.0,0.0,0.0,0.0,0.0,70.0,37.0,28.0,2.0,13.0,5.0
GNIEZNO (MIASTO),1189.0,486.0,2.0,11.0,24.0,449.0,0.0,0.0,0.0,0.0,4.0,7.0,0.0,2.0,0.0,2.0,52.0,1.0,9.0,21.0,5.0,9.0,0.0,0.0,5.0,0.0,0.0,0.0,2.0,0.0,0.0,0.0,2.0,0.0,9.0,3.0,5.0,1.0,2.0,30.0,0.0,12.0,5.0,9.0,3.0,112.0,2.0,45.0,6.0,43.0,0.0,0.0,92.0,37.0,41.0,0.0,1.0,2.0,16.0,2.0,0.0,7.0,34.0,0.0,18.0,0.0,0.0,0.0,2.0,66.0,38.0,21.0,2.0,5.0,1.0
INOWROCŁAW (MIASTO),750.0,492.0,2.0,4.0,32.0,454.0,0.0,0.0,1.0,2.0,2.0,7.0,0.0,3.0,1.0,6.0,61.0,5.0,15.0,22.0,4.0,9.0,1.0,0.0,8.0,1.0,0.0,0.0,2.0,0.0,0.0,0.0,0.0,1.0,6.0,0.0,5.0,0.0,0.0,37.0,1.0,24.0,10.0,1.0,7.0,97.0,2.0,31.0,3.0,45.0,0.0,0.0,105.0,52.0,36.0,0.0,1.0,3.0,11.0,0.0,0.0,7.0,19.0,0.0,12.0,0.0,0.0,0.0,2.0,79.0,33.0,35.0,4.0,7.0,2.0
DOLIŃSKI,3600.0,460.0,4.0,12.0,58.0,386.0,1.0,8.0,1.0,0.0,1.0,10.0,8.0,0.0,1.0,4.0,35.0,0.0,20.0,2.0,5.0,8.0,2.0,3.0,11.0,6.0,0.0,0.0,1.0,0.0,0.0,2.0,3.0,8.0,19.0,15.0,0.0,7.0,18.0,47.0,19.0,20.0,5.0,0.0,15.0,127.0,46.0,20.0,50.0,3.0,0.0,0.0,48.0,28.0,15.0,2.0,0.0,0.0,10.0,2.0,0.0,1.0,13.0,0.0,7.0,2.0,0.0,9.0,0.0,41.0,29.0,5.0,0.0,0.0,5.0
HORODEŃSKI,1050.0,290.0,1.0,1.0,35.0,253.0,0.0,0.0,0.0,0.0,0.0,6.0,2.0,1.0,0.0,0.0,27.0,1.0,22.0,0.0,2.0,1.0,0.0,0.0,53.0,52.0,0.0,0.0,5.0,0.0,0.0,0.0,0.0,0.0,0.0,0.0,0.0,0.0,2.0,13.0,0.0,12.0,1.0,2.0,33.0,88.0,24.0,16.0,39.0,1.0,0.0,0.0,32.0,11.0,6.0,11.0,0.0,0.0,2.0,1.0,0.0,0.0,9.0,0.0,3.0,0.0,0.0,0.0,0.0,8.0,5.0,1.0,0.0,3.0,4.0
KAŁUSKI,666.0,387.0,1.0,3.0,24.0,359.0,2.0,0.0,0.0,0.0,1.0,12.0,6.0,5.0,0.0,1.0,46.0,1.0,32.0,7.0,6.0,0.0,0.0,0.0,19.0,14.0,0.0,0.0,3.0,0.0,0.0,0.0,0.0,1.0,5.0,1.0,4.0,1.0,2.0,27.0,12.0,10.0,3.0,1.0,18.0,161.0,30.0,18.0,96.0,10.0,0.0,0.0,43.0,25.0,13.0,1.0,0.0,0.0,5.0,2.0,0.0,0.0,9.0,0.0,4.0,0.0,1.0,0.0,0.0,22.0,13.0,6.0,0.0,2.0,1.0
KOŁOMYJSKI,914.0,959.0,1.0,12.0,69.0,877.0,0.0,7.0,0.0,1.0,2.0,19.0,1.0,9.0,1.0,0.0,112.0,2.0,61.0,18.0,15.0,9.0,0.0,3.0,47.0,35.0,2.0,9.0,159.0,0.0,1.0,4.0,0.0,3.0,8.0,3.0,2.0,3.0,4.0,42.0,0.0,31.0,5.0,6.0,34.0,231.0,22.0,26.0,130.0,38.0,0.0,4.0,136.0,74.0,27.0,13.0,0.0,0.0,14.0,7.0,0.0,2.0,24.0,0.0,16.0,0.0,0.0,0.0,0.0,61.0,47.0,5.0,0.0,0.0,4.0
KOSOWSKI (KOSÓW HUCULSKI),416.0,677.0,0.0,3.0,78.0,596.0,0.0,0.0,0.0,0.0,0.0,12.0,4.0,1.0,0.0,0.0,36.0,0.0,17.0,1.0,6.0,10.0,0.0,0.0,2.0,2.0,1.0,63.0,217.0,0.0,0.0,0.0,0.0,3.0,5.0,4.0,0.0,2.0,2.0,29.0,3.0,7.0,8.0,0.0,9.0,146.0,62.0,16.0,58.0,3.0,0.0,0.0,79.0,33.0,31.0,13.0,0.0,0.0,10.0,1.0,0.0,0.0,9.0,0.0,13.0,0.0,1.0,0.0,0.0,34.0,19.0,13.0,0.0,2.0,2.0
NADWÓRNIAŃSKI,2968.0,670.0,3.0,11.0,77.0,579.0,2.0,41.0,1.0,0.0,1.0,7.0,7.0,0.0,1.0,0.0,54.0,1.0,35.0,3.0,5.0,10.0,2.0,5.0,3.0,1.0,0.0,0.0,8.0,0.0,0.0,0.0,0.0,0.0,6.0,3.0,3.0,9.0,13.0,28.0,5.0,16.0,4.0,0.0,11.0,202.0,33.0,15.0,102.0,39.0,0.0,0.0,129.0,54.0,64.0,6.0,0.0,0.0,13.0,1.0,0.0,2.0,20.0,0.0,3.0,0.0,3.0,7.0,1.0,97.0,50.0,43.0,0.0,0.0,1.0
ROHATYŃSKI,112.0,328.0,0.0,5.0,48.0,275.0,0.0,0.0,1.0,0.0,0.0,35.0,15.0,8.0,0.0,0.0,40.0,0.0,25.0,3.0,9.0,3.0,0.0,0.0,2.0,1.0,0.0,0.0,1.0,0.0,0.0,0.0,0.0,0.0,0.0,0.0,0.0,0.0,2.0,21.0,2.0,15.0,1.0,5.0,44.0,104.0,12.0,16.0,53.0,12.0,0.0,0.0,32.0,21.0,9.0,1.0,0.0,0.0,4.0,2.0,0.0,0.0,3.0,0.0,3.0,0.0,0.0,2.0,1.0,26.0,19.0,3.0,1.0,1.0,0.0
STANISŁAWOWSKI,1308.0,963.0,3.0,22.0,92.0,846.0,0.0,0.0,0.0,1.0,12.0,18.0,2.0,3.0,2.0,4.0,113.0,6.0,22.0,28.0,25.0,24.0,2.0,1.0,25.0,6.0,1.0,1.0,11.0,0.0,2.0,2.0,2.0,7.0,8.0,4.0,1.0,4.0,6.0,57.0,4.0,35.0,3.0,12.0,42.0,210.0,23.0,31.0,97.0,31.0,0.0,5.0,203.0,114.0,38.0,14.0,1.0,2.0,24.0,4.0,0.0,4.0,28.0,0.0,21.0,0.0,0.0,2.0,3.0,106.0,74.0,12.0,3.0,11.0,7.0
STRYJSKI,2399.0,495.0,2.0,25.0,45.0,423.0,6.0,6.0,0.0,1.0,3.0,12.0,3.0,4.0,1.0,2.0,54.0,3.0,29.0,10.0,3.0,7.0,0.0,4.0,14.0,4.0,0.0,0.0,3.0,0.0,0.0,1.0,0.0,0.0,5.0,0.0,2.0,14.0,8.0,39.0,8.0,21.0,4.0,5.0,21.0,108.0,20.0,31.0,20.0,20.0,0.0,0.0,79.0,35.0,30.0,3.0,0.0,0.0,15.0,5.0,0.0,1.0,25.0,0.0,6.0,0.0,0.0,1.0,0.0,56.0,40.0,5.0,0.0,3.0,2.0
ŚNIATYŃSKI,461.0,437.0,0.0,3.0,35.0,399.0,0.0,4.0,0.0,0.0,2.0,10.0,3.0,7.0,0.0,0.0,65.0,1.0,43.0,7.0,9.0,4.0,0.0,0.0,57.0,56.0,0.0,1.0,18.0,0.0,0.0,1.0,0.0,0.0,3.0,1.0,2.0,2.0,2.0,18.0,0.0,16.0,2.0,1.0,25.0,89.0,21.0,8.0,40.0,12.0,0.0,1.0,73.0,27.0,26.0,16.0,0.0,0.0,7.0,1.0,0.0,0.0,19.0,0.0,7.0,0.0,0.0,0.0,0.0,28.0,17.0,8.0,0.0,0.0,4.0
TŁUMACKI,885.0,461.0,0.0,6.0,29.0,426.0,0.0,0.0,0.0,1.0,2.0,9.0,1.0,3.0,0.0,1.0,68.0,2.0,37.0,6.0,15.0,8.0,0.0,0.0,24.0,24.0,0.0,0.0,0.0,0.0,0.0,1.0,1.0,0.0,5.0,0.0,4.0,1.0,0.0,23.0,0.0,20.0,1.0,2.0,26.0,137.0,10.0,11.0,82.0,19.0,1.0,0.0,107.0,46.0,48.0,8.0,0.0,0.0,4.0,1.0,0.0,0.0,10.0,0.0,4.0,0.0,0.0,1.0,0.0,31.0,14.0,14.0,0.0,1.0,1.0
ŻYDACZOWSKI,212.0,618.0,0.0,7.0,37.0,574.0,0.0,1.0,9.0,3.0,5.0,100.0,7.0,17.0,0.0,0.0,64.0,1.0,43.0,7.0,9.0,4.0,0.0,0.0,6.0,6.0,0.0,0.0,3.0,0.0,0.0,0.0,0.0,0.0,3.0,1.0,2.0,0.0,7.0,41.0,0.0,22.0,14.0,4.0,23.0,177.0,3.0,21.0,126.0,20.0,0.0,1.0,116.0,45.0,68.0,2.0,0.0,0.0,4.0,1.0,0.0,0.0,23.0,0.0,1.0,0.0,0.0,0.0,0.0,20.0,13.0,4.0,0.0,4.0,3.0
BIELSKI (BIELSKO),5713.0,795.0,9.0,41.0,41.0,704.0,1.0,0.0,13.0,7.0,3.0,31.0,2.0,17.0,5.0,4.0,88.0,5.0,38.0,20.0,14.0,5.0,4.0,1.0,9.0,0.0,13.0,4.0,8.0,4.0,0.0,0.0,1.0,0.0,6.0,0.0,6.0,8.0,11.0,119.0,3.0,88.0,18.0,5.0,13.0,112.0,1.0,34.0,1.0,68.0,0.0,0.0,168.0,82.0,78.0,1.0,0.0,0.0,5.0,1.0,1.0,4.0,34.0,0.0,21.0,1.0,0.0,0.0,0.0,86.0,32.0,47.0,1.0,4.0,0.0
BIELSKO (MIASTO),7770.0,945.0,12.0,80.0,114.0,739.0,0.0,0.0,0.0,4.0,1.0,4.0,0.0,1.0,14.0,21.0,71.0,12.0,5.0,16.0,4.0,18.0,2.0,5.0,15.0,0.0,44.0,23.0,94.0,3.0,3.0,3.0,1.0,2.0,13.0,0.0,7.0,4.0,3.0,23.0,0.0,17.0,1.0,5.0,13.0,59.0,1.0,15.0,0.0,17.0,3.0,21.0,203.0,102.0,45.0,10.0,2.0,3.0,25.0,3.0,9.0,14.0,54.0,0.0,58.0,1.0,0.0,0.0,5.0,102.0,49.0,35.0,0.0,8.0,7.0
CIESZYŃSKI,3651.0,1621.0,6.0,51.0,95.0,1469.0,6.0,11.0,41.0,9.0,11.0,36.0,3.0,13.0,8.0,5.0,186.0,6.0,80.0,42.0,23.0,13.0,1.0,0.0,23.0,0.0,3.0,0.0,10.0,1.0,1.0,4.0,3.0,0.0,25.0,3.0,15.0,3.0,9.0,222.0,21.0,143.0,38.0,6.0,32.0,161.0,7.0,45.0,6.0,66.0,3.0,5.0,409.0,207.0,166.0,5.0,2.0,3.0,40.0,5.0,10.0,14.0,52.0,0.0,73.0,2.0,0.0,1.0,4.0,171.0,53.0,108.0,0.0,11.0,4.0
TARNOGÓRSKI,2638.0,819.0,3.0,26.0,31.0,759.0,4.0,2.0,9.0,7.0,6.0,4.0,0.0,3.0,1.0,2.0,65.0,1.0,27.0,13.0,6.0,12.0,2.0,1.0,3.0,2.0,0.0,0.0,1.0,1.0,1.0,2.0,0.0,0.0,7.0,0.0,5.0,5.0,3.0,46.0,0.0,33.0,6.0,5.0,5.0,192.0,3.0,106.0,0.0,69.0,0.0,3.0,121.0,74.0,40.0,1.0,0.0,1.0,14.0,4.0,4.0,4.0,20.0,0.0,26.0,0.0,0.0,1.0,1.0,224.0,48.0,167.0,2.0,1.0,23.0
KATOWICE (MIASTO),11083.0,1620.0,7.0,92.0,212.0,1309.0,1.0,0.0,1.0,6.0,5.0,12.0,0.0,2.0,16.0,42.0,182.0,9.0,12.0,67.0,25.0,25.0,6.0,6.0,32.0,0.0,0.0,2.0,30.0,0.0,1.0,7.0,1.0,2.0,10.0,1.0,7.0,4.0,4.0,78.0,0.0,53.0,4.0,11.0,14.0,172.0,0.0,80.0,6.0,43.0,9.0,41.0,379.0,202.0,72.0,23.0,7.0,11.0,42.0,7.0,37.0,56.0,69.0,0.0,106.0,1.0,1.0,0.0,25.0,177.0,99.0,64.0,2.0,8.0,4.0
KATOWICKI,12822.0,1772.0,19.0,76.0,94.0,1583.0,13.0,3.0,2.0,27.0,1.0,13.0,2.0,1.0,19.0,18.0,127.0,10.0,39.0,41.0,16.0,12.0,12.0,7.0,21.0,0.0,0.0,1.0,8.0,0.0,0.0,2.0,0.0,1.0,11.0,0.0,11.0,5.0,7.0,92.0,2.0,74.0,7.0,10.0,10.0,619.0,3.0,320.0,1.0,220.0,0.0,4.0,232.0,106.0,94.0,3.0,0.0,5.0,26.0,8.0,5.0,25.0,62.0,4.0,75.0,1.0,0.0,5.0,10.0,255.0,153.0,84.0,1.0,29.0,4.0
LUBLINIECKI,1626.0,506.0,1.0,21.0,22.0,462.0,0.0,0.0,3.0,6.0,2.0,12.0,1.0,7.0,0.0,2.0,51.0,0.0,36.0,6.0,4.0,3.0,0.0,0.0,2.0,1.0,1.0,1.0,0.0,0.0,1.0,0.0,1.0,0.0,3.0,0.0,3.0,7.0,2.0,57.0,3.0,43.0,9.0,6.0,9.0,120.0,1.0,40.0,0.0,66.0,0.0,0.0,61.0,31.0,25.0,0.0,0.0,0.0,5.0,2.0,1.0,5.0,15.0,0.0,10.0,0.0,0.0,1.0,0.0,114.0,20.0,91.0,0.0,5.0,3.0
PSZCZYŃSKI,9995.0,1133.0,11.0,40.0,77.0,1005.0,6.0,3.0,4.0,8.0,10.0,33.0,1.0,18.0,9.0,5.0,115.0,1.0,70.0,26.0,4.0,11.0,6.0,1.0,8.0,0.0,0.0,0.0,0.0,3.0,1.0,0.0,1.0,0.0,8.0,0.0,8.0,4.0,10.0,125.0,6.0,79.0,21.0,8.0,17.0,386.0,7.0,176.0,1.0,158.0,0.0,2.0,146.0,71.0,68.0,0.0,1.0,0.0,15.0,5.0,1.0,22.0,32.0,1.0,25.0,1.0,0.0,1.0,4.0,97.0,69.0,20.0,4.0,7.0,3.0
RYBNICKI,16244.0,1807.0,12.0,63.0,81.0,1651.0,7.0,4.0,0.0,22.0,7.0,41.0,2.0,29.0,4.0,5.0,196.0,5.0,86.0,58.0,18.0,18.0,6.0,2.0,7.0,0.0,0.0,0.0,3.0,0.0,1.0,0.0,3.0,1.0,21.0,0.0,19.0,6.0,11.0,158.0,9.0,119.0,23.0,14.0,22.0,617.0,21.0,333.0,1.0,216.0,0.0,5.0,320.0,161.0,145.0,1.0,0.0,2.0,29.0,6.0,7.0,18.0,50.0,0.0,51.0,3.0,2.0,2.0,4.0,139.0,90.0,34.0,0.0,7.0,10.0
ŚWIĘTOCHŁOWICKI,29409.0,868.0,17.0,22.0,38.0,791.0,13.0,0.0,1.0,3.0,4.0,5.0,0.0,1.0,11.0,4.0,69.0,3.0,22.0,16.0,14.0,11.0,4.0,1.0,2.0,0.0,0.0,0.0,4.0,1.0,0.0,0.0,0.0,0.0,9.0,0.0,9.0,0.0,3.0,36.0,0.0,28.0,3.0,2.0,7.0,350.0,1.0,183.0,3.0,112.0,0.0,1.0,141.0,85.0,43.0,0.0,1.0,1.0,18.0,4.0,1.0,10.0,17.0,0.0,21.0,3.0,2.0,2.0,5.0,107.0,73.0,26.0,0.0,4.0,5.0
CHORZÓW,6640.0,1265.0,7.0,35.0,96.0,1127.0,1.0,0.0,1.0,2.0,4.0,7.0,0.0,1.0,5.0,14.0,111.0,11.0,22.0,31.0,14.0,17.0,8.0,4.0,19.0,0.0,0.0,3.0,6.0,1.0,1.0,1.0,1.0,4.0,11.0,0.0,7.0,2.0,9.0,75.0,0.0,58.0,5.0,7.0,16.0,283.0,1.0,137.0,1.0,92.0,0.0,8.0,301.0,176.0,70.0,9.0,3.0,3.0,26.0,9.0,9.0,27.0,43.0,0.0,45.0,1.0,0.0,1.0,5.0,184.0,95.0,75.0,0.0,8.0,5.0
BORSZCZOWSKI,435.0,332.0,0.0,4.0,46.0,282.0,0.0,0.0,0.0,0.0,1.0,4.0,2.0,2.0,0.0,0.0,30.0,0.0,9.0,5.0,8.0,8.0,0.0,0.0,22.0,21.0,0.0,0.0,4.0,0.0,0.0,0.0,0.0,0.0,2.0,1.0,1.0,1.0,5.0,12.0,0.0,9.0,2.0,3.0,39.0,83.0,38.0,14.0,17.0,9.0,0.0,0.0,72.0,36.0,22.0,13.0,0.0,0.0,5.0,1.0,0.0,0.0,14.0,0.0,2.0,0.0,1.0,1.0,0.0,28.0,15.0,11.0,0.0,0.0,3.0
BRODZKI,535.0,356.0,0.0,5.0,62.0,289.0,0.0,0.0,0.0,0.0,0.0,10.0,4.0,6.0,0.0,1.0,29.0,1.0,15.0,2.0,2.0,8.0,0.0,1.0,4.0,3.0,0.0,0.0,1.0,0.0,0.0,2.0,1.0,4.0,16.0,0.0,1.0,1.0,18.0,15.0,2.0,10.0,2.0,3.0,38.0,118.0,9.0,14.0,68.0,16.0,0.0,0.0,39.0,27.0,7.0,0.0,0.0,0.0,5.0,2.0,0.0,0.0,16.0,0.0,2.0,0.0,0.0,1.0,0.0,25.0,17.0,3.0,0.0,0.0,6.0
BRZEŻAŃSKI,616.0,246.0,0.0,11.0,41.0,194.0,0.0,0.0,0.0,2.0,2.0,8.0,0.0,5.0,0.0,0.0,27.0,1.0,15.0,4.0,4.0,3.0,0.0,0.0,0.0,0.0,0.0,0.0,6.0,0.0,0.0,0.0,0.0,0.0,1.0,0.0,0.0,7.0,14.0,7.0,1.0,4.0,1.0,2.0,25.0,79.0,4.0,12.0,52.0,7.0,0.0,0.0,24.0,14.0,7.0,0.0,0.0,0.0,6.0,3.0,0.0,0.0,10.0,0.0,4.0,0.0,0.0,1.0,0.0,21.0,16.0,1.0,0.0,0.0,0.0
BUCZACKI,995.0,508.0,0.0,4.0,85.0,419.0,0.0,0.0,0.0,1.0,1.0,19.0,4.0,3.0,0.0,0.0,55.0,3.0,29.0,3.0,12.0,7.0,0.0,1.0,8.0,8.0,0.0,1.0,3.0,0.0,1.0,1.0,0.0,0.0,2.0,0.0,1.0,0.0,2.0,12.0,0.0,12.0,0.0,3.0,76.0,210.0,29.0,17.0,122.0,33.0,0.0,1.0,58.0,35.0,18.0,2.0,0.0,0.0,7.0,3.0,0.0,2.0,6.0,0.0,6.0,0.0,0.0,1.0,0.0,25.0,18.0,4.0,0.0,4.0,2.0
CZORTKOWSKI,437.0,321.0,2.0,1.0,50.0,268.0,0.0,0.0,2.0,0.0,3.0,7.0,2.0,3.0,0.0,1.0,38.0,0.0,21.0,6.0,8.0,3.0,0.0,1.0,19.0,17.0,0.0,0.0,2.0,0.0,0.0,1.0,0.0,0.0,2.0,0.0,2.0,0.0,2.0,9.0,0.0,8.0,0.0,3.0,40.0,82.0,27.0,11.0,26.0,8.0,0.0,2.0,40.0,19.0,8.0,3.0,0.0,0.0,7.0,3.0,0.0,1.0,11.0,0.0,7.0,0.0,0.0,2.0,0.0,24.0,15.0,4.0,0.0,1.0,14.0
KAMIONECKI,399.0,210.0,0.0,8.0,34.0,168.0,0.0,0.0,0.0,1.0,0.0,4.0,0.0,4.0,0.0,0.0,16.0,1.0,8.0,0.0,4.0,2.0,0.0,1.0,3.0,1.0,0.0,0.0,1.0,0.0,0.0,0.0,0.0,0.0,1.0,0.0,0.0,4.0,10.0,9.0,1.0,1.0,0.0,3.0,21.0,91.0,4.0,10.0,68.0,1.0,0.0,0.0,23.0,9.0,7.0,2.0,0.0,0.0,3.0,2.0,0.0,2.0,4.0,0.0,2.0,0.0,0.0,0.0,0.0,10.0,8.0,0.0,0.0,1.0,0.0
PODHAJECKI,90.0,156.0,0.0,3.0,23.0,130.0,0.0,0.0,0.0,0.0,1.0,7.0,1.0,1.0,0.0,0.0,9.0,1.0,2.0,1.0,1.0,3.0,0.0,0.0,2.0,1.0,0.0,0.0,1.0,0.0,0.0,0.0,0.0,0.0,4.0,0.0,4.0,1.0,1.0,8.0,0.0,6.0,0.0,2.0,20.0,60.0,12.0,7.0,37.0,3.0,0.0,0.0,19.0,14.0,2.0,3.0,0.0,0.0,3.0,2.0,0.0,0.0,1.0,0.0,2.0,0.0,1.0,0.0,0.0,10.0,5.0,3.0,0.0,2.0,2.0
PRZEMYŚLAŃSKI,351.0,270.0,0.0,5.0,47.0,218.0,0.0,0.0,0.0,0.0,1.0,17.0,10.0,2.0,0.0,0.0,16.0,0.0,9.0,5.0,2.0,0.0,1.0,0.0,2.0,1.0,2.0,10.0,14.0,0.0,0.0,2.0,0.0,0.0,0.0,0.0,0.0,0.0,7.0,18.0,0.0,10.0,0.0,2.0,29.0,95.0,15.0,12.0,60.0,1.0,0.0,0.0,19.0,14.0,2.0,0.0,0.0,0.0,3.0,2.0,0.0,0.0,15.0,0.0,2.0,0.0,0.0,0.0,0.0,12.0,9.0,1.0,0.0,0.0,3.0
RADZIECHOWSKI,398.0,234.0,0.0,6.0,59.0,169.0,0.0,0.0,0.0,0.0,3.0,9.0,2.0,6.0,0.0,1.0,20.0,1.0,12.0,3.0,1.0,2.0,0.0,1.0,12.0,10.0,0.0,0.0,3.0,0.0,0.0,0.0,0.0,0.0,2.0,0.0,2.0,3.0,18.0,20.0,1.0,12.0,0.0,3.0,35.0,44.0,9.0,8.0,15.0,9.0,0.0,1.0,34.0,19.0,14.0,0.0,0.0,0.0,3.0,2.0,0.0,0.0,6.0,0.0,3.0,0.0,0.0,0.0,0.0,10.0,6.0,2.0,0.0,0.0,3.0
SKAŁACKI,200.0,278.0,0.0,3.0,63.0,212.0,0.0,0.0,0.0,0.0,0.0,10.0,9.0,1.0,0.0,0.0,27.0,0.0,9.0,7.0,6.0,3.0,0.0,0.0,0.0,0.0,0.0,0.0,2.0,0.0,0.0,0.0,0.0,0.0,0.0,0.0,0.0,0.0,6.0,13.0,0.0,9.0,0.0,3.0,54.0,63.0,10.0,12.0,30.0,4.0,0.0,0.0,27.0,16.0,9.0,2.0,0.0,0.0,3.0,1.0,0.0,0.0,4.0,0.0,0.0,0.0,2.0,1.0,1.0,18.0,14.0,0.0,0.0,0.0,44.0
TARNOPOLSKI,554.0,430.0,0.0,9.0,60.0,361.0,0.0,1.0,20.0,0.0,4.0,11.0,2.0,2.0,0.0,1.0,38.0,4.0,3.0,11.0,9.0,5.0,0.0,0.0,10.0,0.0,0.0,0.0,7.0,1.0,0.0,2.0,0.0,0.0,4.0,0.0,2.0,0.0,1.0,16.0,0.0,14.0,0.0,7.0,46.0,119.0,24.0,26.0,51.0,9.0,0.0,2.0,48.0,20.0,12.0,6.0,0.0,1.0,10.0,6.0,1.0,4.0,11.0,0.0,3.0,0.0,0.0,0.0,0.0,33.0,22.0,4.0,0.0,3.0,26.0
TREMBOWELSKI,263.0,260.0,0.0,6.0,51.0,203.0,0.0,11.0,8.0,1.0,2.0,17.0,8.0,0.0,0.0,0.0,24.0,1.0,11.0,2.0,5.0,4.0,0.0,0.0,0.0,0.0,0.0,0.0,0.0,0.0,0.0,0.0,0.0,0.0,0.0,0.0,0.0,0.0,0.0,11.0,0.0,10.0,0.0,5.0,36.0,75.0,18.0,3.0,35.0,16.0,0.0,1.0,22.0,11.0,6.0,0.0,0.0,0.0,3.0,2.0,0.0,1.0,12.0,0.0,2.0,0.0,0.0,1.0,0.0,9.0,7.0,0.0,0.0,0.0,19.0
ZALESZCZYCKI,134.0,426.0,0.0,2.0,47.0,377.0,0.0,0.0,0.0,0.0,1.0,2.0,1.0,0.0,0.0,0.0,88.0,1.0,63.0,5.0,13.0,6.0,0.0,0.0,25.0,25.0,0.0,1.0,3.0,0.0,0.0,0.0,0.0,0.0,4.0,0.0,4.0,0.0,3.0,30.0,0.0,20.0,10.0,1.0,42.0,108.0,43.0,12.0,25.0,23.0,0.0,0.0,69.0,30.0,24.0,14.0,0.0,0.0,7.0,3.0,0.0,0.0,4.0,0.0,2.0,1.0,0.0,0.0,0.0,31.0,11.0,17.0,0.0,0.0,4.0
ZBARASKI,148.0,269.0,0.0,2.0,38.0,229.0,0.0,0.0,43.0,0.0,1.0,2.0,1.0,1.0,0.0,1.0,42.0,1.0,29.0,4.0,4.0,3.0,0.0,0.0,3.0,3.0,0.0,0.0,1.0,0.0,0.0,0.0,0.0,0.0,1.0,0.0,1.0,0.0,1.0,8.0,0.0,7.0,1.0,2.0,34.0,43.0,12.0,6.0,14.0,8.0,0.0,0.0,24.0,10.0,11.0,0.0,0.0,0.0,5.0,2.0,0.0,0.0,11.0,0.0,0.0,0.0,0.0,1.0,1.0,16.0,7.0,5.0,0.0,0.0,29.0
ZBOROWSKI,63.0,222.0,0.0,1.0,28.0,193.0,0.0,0.0,7.0,0.0,1.0,16.0,13.0,3.0,0.0,0.0,42.0,0.0,29.0,2.0,7.0,4.0,0.0,0.0,0.0,0.0,0.0,0.0,2.0,0.0,0.0,0.0,0.0,0.0,0.0,0.0,0.0,0.0,5.0,9.0,1.0,3.0,2.0,1.0,20.0,59.0,13.0,8.0,34.0,0.0,0.0,0.0,25.0,16.0,7.0,2.0,0.0,0.0,4.0,2.0,0.0,1.0,8.0,0.0,0.0,0.0,1.0,2.0,0.0,17.0,8.0,8.0,0.0,0.0,2.0
ZŁOCZOWSKI,427.0,310.0,0.0,7.0,55.0,248.0,0.0,0.0,0.0,1.0,0.0,10.0,1.0,6.0,0.0,2.0,23.0,3.0,9.0,6.0,2.0,3.0,0.0,0.0,12.0,2.0,0.0,0.0,2.0,0.0,2.0,1.0,0.0,0.0,5.0,4.0,1.0,2.0,4.0,15.0,2.0,9.0,1.0,4.0,44.0,103.0,20.0,12.0,56.0,6.0,0.0,0.0,40.0,18.0,15.0,0.0,0.0,2.0,4.0,2.0,0.0,0.0,5.0,0.0,4.0,0.0,1.0,1.0,0.0,23.0,14.0,1.0,0.0,0.0,0.0
KOPYCZYNIECKI,139.0,189.0,0.0,0.0,44.0,145.0,0.0,0.0,0.0,0.0,2.0,9.0,5.0,3.0,0.0,1.0,11.0,0.0,6.0,1.0,1.0,2.0,0.0,0.0,1.0,1.0,0.0,0.0,1.0,0.0,0.0,0.0,0.0,0.0,0.0,0.0,0.0,0.0,5.0,11.0,0.0,6.0,5.0,0.0,36.0,55.0,10.0,13.0,25.0,2.0,0.0,0.0,17.0,11.0,5.0,1.0,0.0,0.0,2.0,1.0,0.0,0.0,4.0,0.0,0.0,0.0,0.0,0.0,0.0,17.0,12.0,0.0,0.0,0.0,17.0
BŁOŃSKI,6019.0,1129.0,7.0,33.0,56.0,1033.0,0.0,0.0,0.0,11.0,5.0,13.0,2.0,4.0,4.0,2.0,95.0,3.0,46.0,24.0,8.0,13.0,2.0,1.0,8.0,0.0,4.0,0.0,23.0,0.0,0.0,2.0,4.0,4.0,12.0,1.0,10.0,3.0,4.0,70.0,3.0,39.0,17.0,10.0,26.0,262.0,21.0,83.0,5.0,133.0,1.0,6.0,339.0,160.0,145.0,2.0,0.0,0.0,14.0,3.0,1.0,5.0,24.0,1.0,10.0,0.0,0.0,2.0,2.0,153.0,75.0,64.0,0.0,1.0,5.0
CIECHANOWSKI,979.0,573.0,1.0,9.0,29.0,534.0,0.0,1.0,0.0,2.0,2.0,3.0,1.0,2.0,0.0,0.0,83.0,0.0,56.0,13.0,3.0,10.0,0.0,0.0,6.0,6.0,0.0,1.0,3.0,0.0,0.0,0.0,0.0,0.0,7.0,1.0,6.0,2.0,1.0,47.0,1.0,20.0,18.0,6.0,19.0,165.0,27.0,31.0,55.0,46.0,0.0,4.0,164.0,86.0,60.0,0.0,0.0,0.0,5.0,1.0,0.0,1.0,10.0,0.0,3.0,0.0,0.0,0.0,0.0,36.0,31.0,1.0,0.0,0.0,2.0
GOSTYNIŃSKI,281.0,548.0,2.0,8.0,42.0,496.0,0.0,2.0,0.0,1.0,4.0,8.0,2.0,4.0,2.0,0.0,59.0,2.0,29.0,12.0,11.0,5.0,0.0,0.0,5.0,4.0,0.0,3.0,6.0,0.0,0.0,0.0,0.0,1.0,15.0,3.0,12.0,1.0,0.0,62.0,5.0,33.0,13.0,6.0,28.0,123.0,23.0,25.0,21.0,48.0,0.0,0.0,154.0,73.0,66.0,0.0,0.0,0.0,8.0,3.0,0.0,2.0,14.0,1.0,7.0,0.0,0.0,1.0,0.0,27.0,17.0,3.0,1.0,0.0,7.0
GRÓJECKI,979.0,968.0,1.0,19.0,68.0,880.0,0.0,0.0,0.0,7.0,8.0,17.0,6.0,5.0,2.0,1.0,120.0,1.0,78.0,21.0,11.0,9.0,0.0,0.0,9.0,9.0,0.0,0.0,15.0,0.0,0.0,0.0,0.0,0.0,44.0,20.0,23.0,1.0,11.0,49.0,0.0,27.0,11.0,10.0,43.0,234.0,41.0,91.0,37.0,53.0,0.0,0.0,315.0,115.0,149.0,0.0,0.0,0.0,4.0,1.0,0.0,3.0,19.0,0.0,5.0,0.0,2.0,0.0,0.0,49.0,43.0,0.0,0.0,0.0,0.0
KUTNOWSKI,2127.0,882.0,8.0,13.0,57.0,804.0,0.0,1.0,0.0,2.0,4.0,9.0,2.0,5.0,2.0,5.0,126.0,1.0,63.0,25.0,16.0,15.0,2.0,0.0,9.0,3.0,0.0,0.0,9.0,0.0,0.0,1.0,0.0,0.0,10.0,0.0,8.0,0.0,2.0,63.0,0.0,34.0,24.0,15.0,28.0,192.0,35.0,39.0,29.0,68.0,0.0,0.0,263.0,162.0,74.0,1.0,0.0,0.0,14.0,5.0,0.0,4.0,27.0,0.0,13.0,0.0,0.0,0.0,1.0,63.0,46.0,9.0,12.0,3.0,2.0
LIPNOWSKI,361.0,605.0,2.0,9.0,39.0,555.0,0.0,0.0,0.0,0.0,0.0,15.0,7.0,6.0,0.0,0.0,74.0,1.0,42.0,14.0,3.0,13.0,0.0,0.0,11.0,11.0,0.0,0.0,3.0,0.0,0.0,2.0,0.0,0.0,5.0,1.0,3.0,1.0,9.0,32.0,1.0,17.0,9.0,9.0,30.0,221.0,31.0,40.0,55.0,86.0,0.0,0.0,132.0,67.0,53.0,0.0,0.0,0.0,4.0,1.0,0.0,0.0,10.0,0.0,4.0,1.0,0.0,4.0,0.0,33.0,24.0,6.0,0.0,4.0,1.0
ŁOWICKI,536.0,669.0,1.0,14.0,61.0,593.0,0.0,2.0,0.0,1.0,8.0,13.0,4.0,3.0,0.0,1.0,115.0,0.0,78.0,23.0,7.0,7.0,0.0,0.0,9.0,7.0,2.0,4.0,27.0,0.0,0.0,0.0,0.0,0.0,6.0,0.0,6.0,0.0,3.0,43.0,2.0,29.0,6.0,12.0,40.0,136.0,22.0,32.0,10.0,62.0,0.0,1.0,142.0,69.0,49.0,1.0,0.0,1.0,6.0,0.0,0.0,1.0,38.0,0.0,9.0,0.0,0.0,1.0,0.0,44.0,20.0,17.0,0.0,1.0,3.0
MAKOWSKI (MAKÓW MAZOWIECKI),121.0,515.0,0.0,2.0,22.0,491.0,0.0,0.0,0.0,0.0,2.0,8.0,3.0,2.0,0.0,0.0,64.0,0.0,36.0,17.0,4.0,7.0,0.0,0.0,8.0,8.0,0.0,0.0,4.0,0.0,0.0,0.0,0.0,0.0,18.0,8.0,10.0,2.0,5.0,38.0,0.0,14.0,17.0,0.0,14.0,123.0,25.0,31.0,19.0,42.0,0.0,0.0,189.0,80.0,96.0,0.0,0.0,1.0,3.0,0.0,0.0,0.0,6.0,0.0,4.0,0.0,0.0,0.0,0.0,26.0,15.0,9.0,0.0,0.0,0.0
MIŃSKI,663.0,1005.0,1.0,8.0,56.0,940.0,0.0,1.0,0.0,0.0,3.0,10.0,5.0,3.0,2.0,0.0,100.0,1.0,64.0,18.0,6.0,11.0,1.0,0.0,18.0,17.0,0.0,0.0,40.0,0.0,0.0,1.0,1.0,2.0,39.0,2.0,20.0,2.0,6.0,103.0,2.0,22.0,14.0,3.0,42.0,238.0,39.0,70.0,35.0,78.0,0.0,1.0,320.0,118.0,172.0,12.0,0.0,0.0,8.0,4.0,0.0,1.0,5.0,0.0,9.0,0.0,0.0,1.0,0.0,47.0,31.0,10.0,0.0,0.0,1.0
MŁAWSKI,302.0,1064.0,0.0,13.0,39.0,1012.0,4.0,1.0,0.0,1.0,2.0,27.0,16.0,7.0,0.0,3.0,132.0,0.0,89.0,26.0,5.0,11.0,0.0,1.0,10.0,6.0,0.0,0.0,12.0,0.0,0.0,1.0,0.0,1.0,23.0,4.0,12.0,0.0,3.0,68.0,2.0,26.0,31.0,8.0,24.0,338.0,35.0,41.0,172.0,80.0,0.0,2.0,257.0,113.0,121.0,1.0,0.0,0.0,6.0,3.0,0.0,2.0,38.0,0.0,7.0,0.0,0.0,2.0,0.0,85.0,28.0,52.0,0.0,1.0,5.0
NIESZAWSKI,528.0,957.0,1.0,11.0,24.0,921.0,0.0,0.0,0.0,1.0,3.0,7.0,2.0,4.0,0.0,1.0,115.0,1.0,73.0,20.0,6.0,15.0,0.0,0.0,9.0,9.0,0.0,0.0,1.0,0.0,0.0,0.0,0.0,0.0,17.0,0.0,12.0,0.0,2.0,50.0,0.0,25.0,21.0,11.0,15.0,375.0,49.0,75.0,113.0,124.0,0.0,0.0,185.0,92.0,86.0,0.0,0.0,0.0,19.0,3.0,0.0,0.0,27.0,0.0,5.0,0.0,1.0,2.0,2.0,104.0,50.0,44.0,0.0,3.0,2.0
PŁOCKI,930.0,1100.0,2.0,14.0,73.0,1011.0,0.0,0.0,0.0,0.0,3.0,18.0,8.0,3.0,2.0,1.0,146.0,6.0,74.0,33.0,8.0,21.0,0.0,2.0,20.0,15.0,0.0,1.0,17.0,0.0,0.0,1.0,0.0,1.0,14.0,1.0,10.0,0.0,5.0,72.0,0.0,43.0,18.0,12.0,44.0,199.0,41.0,52.0,34.0,53.0,0.0,0.0,318.0,153.0,123.0,3.0,0.0,3.0,20.0,7.0,2.0,9.0,58.0,0.0,28.0,0.0,0.0,2.0,1.0,79.0,50.0,22.0,3.0,9.0,10.0
PŁOŃSKI,194.0,790.0,0.0,4.0,38.0,748.0,0.0,0.0,0.0,0.0,5.0,5.0,2.0,2.0,0.0,1.0,110.0,0.0,76.0,18.0,8.0,7.0,0.0,0.0,9.0,9.0,0.0,0.0,2.0,0.0,0.0,0.0,0.0,0.0,14.0,0.0,13.0,1.0,6.0,65.0,0.0,36.0,24.0,3.0,25.0,155.0,52.0,35.0,27.0,35.0,0.0,1.0,244.0,157.0,65.0,0.0,0.0,0.0,5.0,2.0,0.0,0.0,41.0,0.0,44.0,0.0,0.0,3.0,0.0,51.0,29.0,20.0,0.0,0.0,0.0
PRZASNYCKI,155.0,577.0,0.0,1.0,21.0,555.0,0.0,0.0,0.0,0.0,1.0,3.0,3.0,0.0,0.0,1.0,106.0,0.0,79.0,17.0,5.0,4.0,0.0,0.0,4.0,4.0,0.0,0.0,6.0,0.0,0.0,0.0,0.0,0.0,3.0,0.0,3.0,1.0,4.0,43.0,0.0,25.0,15.0,0.0,14.0,208.0,26.0,37.0,107.0,34.0,0.0,1.0,129.0,60.0,61.0,0.0,0.0,0.0,6.0,2.0,0.0,0.0,16.0,0.0,3.0,0.0,0.0,0.0,0.0,22.0,16.0,6.0,0.0,6.0,0.0
PUŁTUSKI,846.0,902.0,2.0,10.0,43.0,847.0,1.0,0.0,0.0,2.0,1.0,14.0,1.0,8.0,0.0,3.0,114.0,0.0,54.0,34.0,10.0,15.0,0.0,0.0,14.0,13.0,0.0,0.0,17.0,0.0,0.0,0.0,0.0,0.0,15.0,1.0,14.0,2.0,10.0,91.0,1.0,57.0,20.0,6.0,26.0,208.0,38.0,66.0,24.0,59.0,1.0,0.0,277.0,116.0,125.0,2.0,0.0,0.0,13.0,3.0,0.0,3.0,7.0,0.0,8.0,0.0,0.0,0.0,0.0,66.0,41.0,20.0,0.0,2.0,1.0
RADZYMIŃSKI,1090.0,533.0,2.0,17.0,18.0,496.0,0.0,0.0,0.0,13.0,1.0,15.0,0.0,5.0,2.0,2.0,47.0,1.0,18.0,12.0,6.0,8.0,0.0,0.0,14.0,11.0,0.0,0.0,14.0,0.0,0.0,0.0,0.0,1.0,13.0,0.0,9.0,0.0,0.0,24.0,1.0,17.0,1.0,4.0,12.0,150.0,14.0,56.0,7.0,61.0,0.0,1.0,158.0,65.0,85.0,1.0,0.0,0.0,6.0,1.0,0.0,1.0,3.0,0.0,3.0,0.0,0.0,2.0,0.0,46.0,37.0,0.0,0.0,0.0,1.0
RAWSKI (RAWA MAZOWIECKA),402.0,726.0,11.0,4.0,63.0,658.0,0.0,0.0,0.0,0.0,2.0,12.0,6.0,3.0,0.0,0.0,80.0,1.0,54.0,15.0,5.0,5.0,0.0,0.0,15.0,13.0,0.0,0.0,10.0,0.0,0.0,1.0,0.0,0.0,12.0,0.0,10.0,1.0,6.0,38.0,1.0,24.0,3.0,4.0,51.0,208.0,44.0,46.0,37.0,71.0,0.0,3.0,209.0,102.0,89.0,0.0,0.0,0.0,4.0,1.0,0.0,0.0,4.0,0.0,8.0,0.0,1.0,0.0,0.0,55.0,26.0,24.0,0.0,0.0,2.0
RYPIŃSKI,373.0,718.0,1.0,6.0,36.0,675.0,0.0,1.0,0.0,0.0,4.0,13.0,11.0,1.0,0.0,0.0,98.0,0.0,74.0,12.0,5.0,6.0,0.0,0.0,6.0,6.0,0.0,0.0,9.0,0.0,0.0,0.0,0.0,1.0,7.0,0.0,7.0,2.0,8.0,52.0,2.0,28.0,16.0,5.0,21.0,227.0,23.0,23.0,108.0,64.0,0.0,1.0,195.0,89.0,79.0,0.0,0.0,0.0,4.0,1.0,0.0,0.0,20.0,0.0,4.0,0.0,0.0,1.0,0.0,35.0,22.0,9.0,0.0,3.0,1.0
SIERPECKI,156.0,1099.0,0.0,4.0,27.0,1068.0,0.0,0.0,0.0,0.0,3.0,24.0,9.0,7.0,0.0,0.0,151.0,1.0,117.0,9.0,11.0,13.0,0.0,0.0,10.0,9.0,0.0,0.0,17.0,0.0,1.0,1.0,0.0,0.0,23.0,7.0,16.0,0.0,2.0,109.0,0.0,59.0,44.0,4.0,20.0,198.0,50.0,45.0,51.0,41.0,0.0,0.0,400.0,179.0,190.0,1.0,0.0,0.0,8.0,2.0,0.0,0.0,75.0,0.0,5.0,0.0,1.0,0.0,0.0,46.0,25.0,21.0,0.0,1.0,0.0
SKIERNIEWICKI,598.0,652.0,0.0,5.0,43.0,604.0,0.0,0.0,0.0,1.0,3.0,9.0,0.0,1.0,0.0,0.0,83.0,2.0,59.0,11.0,6.0,5.0,0.0,0.0,9.0,8.0,0.0,1.0,10.0,0.0,1.0,2.0,0.0,0.0,7.0,0.0,5.0,3.0,1.0,39.0,0.0,28.0,4.0,1.0,34.0,138.0,22.0,33.0,18.0,55.0,0.0,0.0,207.0,82.0,109.0,0.0,0.0,0.0,4.0,0.0,0.0,3.0,26.0,0.0,8.0,0.0,0.0,0.0,0.0,61.0,22.0,32.0,0.0,1.0,0.0
SOCHACZEWSKI,2217.0,509.0,2.0,9.0,34.0,464.0,0.0,0.0,0.0,2.0,1.0,7.0,0.0,4.0,0.0,0.0,59.0,0.0,32.0,13.0,6.0,7.0,2.0,3.0,3.0,2.0,0.0,0.0,5.0,0.0,0.0,2.0,0.0,0.0,4.0,0.0,4.0,1.0,4.0,26.0,0.0,20.0,3.0,6.0,21.0,141.0,25.0,30.0,4.0,76.0,0.0,0.0,151.0,89.0,48.0,0.0,0.0,0.0,4.0,1.0,0.0,3.0,10.0,0.0,4.0,0.0,0.0,1.0,0.0,42.0,14.0,24.0,2.0,3.0,2.0
WARSZAWSKI,11477.0,2194.0,14.0,62.0,94.0,2024.0,0.0,0.0,1.0,28.0,8.0,46.0,4.0,33.0,16.0,7.0,226.0,7.0,129.0,41.0,14.0,27.0,8.0,3.0,21.0,4.0,0.0,0.0,14.0,1.0,1.0,1.0,2.0,3.0,15.0,1.0,13.0,6.0,6.0,115.0,0.0,52.0,31.0,10.0,37.0,676.0,13.0,196.0,4.0,401.0,3.0,3.0,382.0,169.0,181.0,0.0,0.0,1.0,29.0,4.0,0.0,18.0,106.0,1.0,27.0,2.0,1.0,2.0,1.0,342.0,245.0,53.0,4.0,14.0,7.0
WŁOCŁAWSKI,3973.0,1343.0,7.0,34.0,97.0,1205.0,0.0,0.0,2.0,4.0,7.0,27.0,4.0,1.0,5.0,9.0,152.0,4.0,59.0,33.0,12.0,30.0,1.0,6.0,17.0,11.0,0.0,2.0,14.0,5.0,1.0,12.0,1.0,1.0,14.0,2.0,9.0,2.0,11.0,108.0,0.0,67.0,22.0,21.0,43.0,245.0,34.0,66.0,38.0,82.0,0.0,6.0,417.0,206.0,146.0,10.0,1.0,2.0,19.0,5.0,1.0,7.0,29.0,0.0,15.0,0.0,0.0,1.0,2.0,125.0,92.0,12.0,0.0,2.0,6.0
DUBIEŃSKI,1021.0,1215.0,0.0,19.0,147.0,1049.0,0.0,2.0,0.0,0.0,1.0,50.0,25.0,19.0,0.0,2.0,235.0,0.0,160.0,52.0,13.0,6.0,0.0,0.0,55.0,50.0,0.0,1.0,9.0,0.0,0.0,1.0,0.0,1.0,17.0,3.0,14.0,3.0,26.0,72.0,5.0,31.0,17.0,16.0,108.0,172.0,47.0,31.0,39.0,46.0,0.0,1.0,259.0,146.0,82.0,3.0,0.0,1.0,15.0,2.0,0.0,1.0,13.0,0.0,21.0,0.0,1.0,8.0,0.0,120.0,49.0,63.0,2.0,2.0,0.0
HOROCHOWSKI,223.0,834.0,0.0,3.0,49.0,782.0,0.0,0.0,1.0,0.0,4.0,19.0,17.0,1.0,0.0,1.0,83.0,0.0,56.0,12.0,9.0,6.0,0.0,0.0,34.0,33.0,0.0,0.0,2.0,0.0,0.0,0.0,0.0,0.0,22.0,9.0,11.0,0.0,5.0,22.0,3.0,8.0,6.0,3.0,39.0,146.0,82.0,17.0,27.0,13.0,0.0,0.0,408.0,88.0,261.0,41.0,0.0,0.0,9.0,1.0,0.0,0.0,7.0,0.0,1.0,0.0,0.0,0.0,0.0,24.0,16.0,4.0,0.0,0.0,4.0
KOWELSKI,859.0,770.0,3.0,11.0,56.0,700.0,1.0,8.0,2.0,0.0,3.0,25.0,16.0,8.0,0.0,0.0,72.0,0.0,31.0,17.0,6.0,18.0,1.0,2.0,34.0,21.0,0.0,0.0,10.0,0.0,0.0,2.0,0.0,1.0,11.0,7.0,4.0,4.0,12.0,34.0,0.0,15.0,8.0,8.0,24.0,206.0,84.0,44.0,23.0,36.0,0.0,1.0,211.0,119.0,47.0,7.0,0.0,2.0,16.0,4.0,0.0,0.0,4.0,0.0,4.0,0.0,1.0,5.0,0.0,59.0,54.0,4.0,2.0,0.0,5.0
KRZEMIENIECKI,630.0,1171.0,0.0,11.0,127.0,1033.0,0.0,2.0,5.0,1.0,8.0,57.0,16.0,25.0,0.0,1.0,108.0,0.0,47.0,16.0,28.0,14.0,0.0,1.0,34.0,27.0,0.0,1.0,9.0,0.0,0.0,0.0,0.0,0.0,13.0,3.0,8.0,1.0,4.0,66.0,0.0,54.0,1.0,7.0,98.0,227.0,94.0,41.0,20.0,51.0,2.0,2.0,352.0,170.0,129.0,20.0,0.0,2.0,22.0,2.0,0.0,1.0,21.0,0.0,12.0,0.0,0.0,4.0,3.0,76.0,50.0,22.0,4.0,2.0,25.0
LUBOMELSKI,208.0,255.0,0.0,5.0,24.0,226.0,0.0,0.0,0.0,0.0,0.0,12.0,10.0,2.0,0.0,0.0,23.0,0.0,17.0,2.0,2.0,1.0,0.0,3.0,15.0,8.0,0.0,0.0,4.0,0.0,0.0,0.0,0.0,0.0,6.0,3.0,2.0,0.0,3.0,10.0,3.0,2.0,1.0,3.0,10.0,57.0,34.0,5.0,9.0,5.0,0.0,0.0,72.0,30.0,20.0,10.0,0.0,0.0,5.0,2.0,0.0,0.0,0.0,0.0,6.0,0.0,0.0,1.0,0.0,7.0,5.0,0.0,10.0,7.0,1.0
ŁUCKI,1700.0,1185.0,3.0,19.0,113.0,1050.0,0.0,0.0,0.0,1.0,3.0,38.0,20.0,15.0,0.0,3.0,129.0,1.0,55.0,35.0,19.0,16.0,0.0,2.0,57.0,43.0,0.0,3.0,13.0,0.0,1.0,0.0,0.0,0.0,40.0,19.0,16.0,2.0,19.0,55.0,0.0,20.0,22.0,16.0,74.0,276.0,91.0,46.0,82.0,38.0,0.0,3.0,298.0,160.0,82.0,2.0,1.0,1.0,24.0,5.0,0.0,2.0,11.0,0.0,7.0,2.0,1.0,2.0,1.0,93.0,64.0,17.0,0.0,5.0,2.0
RÓWIEŃSKI,1831.0,1841.0,5.0,28.0,116.0,1692.0,1.0,4.0,5.0,6.0,3.0,43.0,15.0,14.0,1.0,1.0,278.0,6.0,160.0,56.0,21.0,24.0,1.0,2.0,69.0,51.0,0.0,1.0,16.0,0.0,0.0,6.0,0.0,3.0,39.0,10.0,17.0,4.0,12.0,98.0,2.0,60.0,10.0,19.0,80.0,431.0,211.0,90.0,26.0,64.0,0.0,4.0,501.0,283.0,115.0,22.0,0.0,2.0,39.0,9.0,1.0,0.0,15.0,0.0,25.0,0.0,1.0,7.0,1.0,110.0,78.0,24.0,2.0,3.0,7.0
WŁODZIMIERSKI,406.0,659.0,0.0,11.0,45.0,603.0,0.0,0.0,0.0,0.0,2.0,38.0,22.0,12.0,0.0,1.0,68.0,1.0,29.0,11.0,11.0,13.0,0.0,0.0,34.0,24.0,0.0,0.0,4.0,0.0,0.0,0.0,0.0,0.0,15.0,3.0,10.0,1.0,10.0,33.0,1.0,13.0,9.0,10.0,30.0,120.0,51.0,34.0,12.0,10.0,0.0,0.0,148.0,86.0,32.0,3.0,0.0,0.0,15.0,3.0,0.0,0.0,13.0,0.0,6.0,0.0,1.0,1.0,0.0,88.0,30.0,54.0,1.0,15.0,5.0
KOSTOPOLSKI,5012.0,680.0,2.0,14.0,65.0,599.0,4.0,6.0,0.0,1.0,1.0,17.0,8.0,8.0,0.0,1.0,72.0,3.0,56.0,4.0,4.0,5.0,0.0,0.0,49.0,40.0,0.0,0.0,9.0,0.0,1.0,0.0,0.0,0.0,8.0,1.0,6.0,11.0,25.0,31.0,0.0,14.0,5.0,0.0,28.0,183.0,116.0,20.0,13.0,25.0,0.0,0.0,156.0,88.0,46.0,4.0,0.0,0.0,10.0,1.0,0.0,2.0,13.0,0.0,2.0,0.0,1.0,2.0,0.0,42.0,23.0,17.0,0.0,0.0,5.0
ZDOŁBUNOWSKI,464.0,550.0,2.0,8.0,53.0,487.0,0.0,0.0,1.0,1.0,1.0,24.0,6.0,11.0,0.0,2.0,63.0,0.0,33.0,18.0,6.0,3.0,0.0,0.0,26.0,22.0,0.0,0.0,5.0,0.0,0.0,0.0,0.0,0.0,12.0,4.0,8.0,1.0,12.0,38.0,0.0,11.0,4.0,7.0,34.0,130.0,46.0,24.0,26.0,23.0,0.0,1.0,121.0,63.0,33.0,1.0,0.0,0.0,12.0,3.0,0.0,0.0,8.0,1.0,7.0,0.0,1.0,2.0,0.0,33.0,25.0,3.0,2.0,1.0,4.0
SARNEŃSKI,4630.0,757.0,4.0,29.0,77.0,647.0,10.0,10.0,2.0,2.0,13.0,21.0,15.0,5.0,0.0,0.0,83.0,1.0,54.0,8.0,9.0,10.0,1.0,3.0,36.0,25.0,0.0,1.0,9.0,0.0,0.0,0.0,0.0,0.0,8.0,4.0,1.0,19.0,27.0,37.0,4.0,24.0,2.0,1.0,18.0,143.0,69.0,36.0,5.0,25.0,0.0,0.0,203.0,102.0,69.0,0.0,0.0,0.0,10.0,3.0,0.0,1.0,9.0,0.0,3.0,0.0,3.0,4.0,0.0,30.0,25.0,1.0,1.0,1.0,48.0
OSZMIAŃSKI,356.0,429.0,0.0,2.0,53.0,374.0,0.0,0.0,0.0,0.0,0.0,13.0,11.0,0.0,0.0,0.0,42.0,0.0,23.0,6.0,3.0,6.0,0.0,0.0,10.0,3.0,0.0,2.0,21.0,0.0,0.0,0.0,0.0,3.0,18.0,11.0,5.0,1.0,22.0,44.0,12.0,10.0,0.0,1.0,25.0,115.0,37.0,46.0,15.0,6.0,0.0,0.0,72.0,34.0,22.0,0.0,0.0,0.0,8.0,1.0,0.0,0.0,7.0,0.0,1.0,0.0,0.0,3.0,0.0,20.0,18.0,1.0,1.0,0.0,0.0
ŚWIĘCIAŃSKI,339.0,470.0,0.0,2.0,70.0,398.0,0.0,0.0,0.0,0.0,0.0,36.0,22.0,1.0,0.0,0.0,41.0,0.0,19.0,9.0,5.0,8.0,0.0,0.0,12.0,0.0,0.0,16.0,13.0,0.0,0.0,0.0,0.0,0.0,16.0,14.0,2.0,1.0,13.0,13.0,4.0,0.0,0.0,0.0,36.0,119.0,18.0,65.0,7.0,11.0,0.0,2.0,81.0,47.0,18.0,0.0,0.0,0.0,11.0,2.0,0.0,0.0,8.0,0.0,4.0,1.0,1.0,3.0,0.0,25.0,22.0,3.0,2.0,16.0,0.0
WILNO (MIASTO),3140.0,2127.0,2.0,46.0,242.0,1837.0,0.0,0.0,0.0,4.0,4.0,23.0,3.0,7.0,1.0,16.0,260.0,0.0,16.0,90.0,29.0,65.0,4.0,9.0,54.0,0.0,1.0,15.0,85.0,2.0,4.0,27.0,7.0,20.0,28.0,4.0,10.0,11.0,6.0,92.0,1.0,50.0,2.0,12.0,87.0,316.0,17.0,187.0,6.0,39.0,1.0,17.0,478.0,230.0,88.0,39.0,3.0,23.0,101.0,33.0,1.0,8.0,20.0,0.0,51.0,1.0,1.0,1.0,12.0,256.0,177.0,13.0,20.0,33.0,12.0
DZIŚNIEŃSKI,330.0,444.0,0.0,1.0,66.0,377.0,0.0,0.0,0.0,0.0,0.0,17.0,17.0,0.0,0.0,0.0,40.0,0.0,14.0,5.0,6.0,14.0,0.0,2.0,7.0,2.0,0.0,1.0,10.0,0.0,0.0,0.0,0.0,0.0,14.0,10.0,4.0,0.0,16.0,21.0,3.0,5.0,0.0,1.0,43.0,137.0,20.0,45.0,37.0,19.0,0.0,1.0,72.0,38.0,22.0,1.0,0.0,1.0,13.0,1.0,0.0,1.0,7.0,0.0,4.0,0.0,1.0,6.0,0.0,28.0,24.0,0.0,0.0,0.0,1.0
WILEJSKI,348.0,380.0,0.0,5.0,51.0,324.0,0.0,0.0,0.0,0.0,0.0,12.0,6.0,1.0,0.0,0.0,38.0,0.0,26.0,4.0,3.0,4.0,0.0,0.0,16.0,3.0,0.0,0.0,8.0,1.0,0.0,0.0,0.0,0.0,12.0,3.0,8.0,4.0,16.0,19.0,0.0,2.0,0.0,0.0,35.0,103.0,19.0,44.0,17.0,16.0,0.0,0.0,82.0,39.0,28.0,0.0,0.0,0.0,9.0,1.0,0.0,0.0,3.0,0.0,1.0,0.0,0.0,0.0,0.0,21.0,14.0,5.0,0.0,0.0,0.0
WILEŃSKO-TROCKI,1194.0,510.0,1.0,12.0,83.0,414.0,0.0,0.0,2.0,2.0,8.0,21.0,8.0,3.0,0.0,2.0,35.0,0.0,22.0,5.0,2.0,5.0,0.0,0.0,15.0,0.0,1.0,0.0,6.0,4.0,1.0,1.0,0.0,0.0,8.0,5.0,2.0,2.0,19.0,41.0,16.0,3.0,1.0,3.0,47.0,180.0,46.0,71.0,38.0,9.0,1.0,2.0,55.0,29.0,23.0,0.0,0.0,0.0,4.0,0.0,0.0,1.0,3.0,0.0,0.0,0.0,0.0,4.0,0.0,31.0,27.0,2.0,3.0,8.0,0.0
POSTAWSKI,201.0,219.0,0.0,2.0,40.0,177.0,0.0,0.0,0.0,0.0,6.0,10.0,6.0,1.0,0.0,0.0,21.0,0.0,5.0,4.0,6.0,4.0,0.0,0.0,7.0,0.0,0.0,0.0,8.0,0.0,0.0,0.0,0.0,0.0,7.0,4.0,3.0,2.0,1.0,15.0,8.0,2.0,1.0,0.0,27.0,43.0,3.0,18.0,11.0,9.0,0.0,0.0,30.0,17.0,10.0,0.0,0.0,0.0,6.0,2.0,0.0,1.0,0.0,0.0,3.0,0.0,1.0,1.0,0.0,20.0,8.0,10.0,4.0,6.0,0.0
MOŁODECZAŃSKI,267.0,411.0,0.0,2.0,48.0,361.0,0.0,0.0,0.0,0.0,3.0,25.0,9.0,0.0,0.0,0.0,40.0,0.0,22.0,5.0,2.0,11.0,1.0,0.0,9.0,2.0,0.0,0.0,5.0,0.0,0.0,0.0,0.0,0.0,12.0,6.0,2.0,0.0,10.0,28.0,8.0,8.0,1.0,1.0,33.0,115.0,32.0,28.0,18.0,25.0,0.0,0.0,93.0,51.0,36.0,0.0,0.0,0.0,14.0,1.0,0.0,0.0,1.0,0.0,3.0,0.0,2.0,1.0,0.0,15.0,15.0,0.0,0.0,0.0,0.0
