District,Pszenica,Żyto,Jęczmień,Owies,Ziemniaki,Buraki cukrowe,Gryka,Proso,Kukurydza
AUGUSTOWSKI,3010.0,16018.0,3361.0,11959.0,9883.0,0.0,878.0,1.0,1.0
BIAŁOSTOCKI,4402.0,35078.0,5851.0,16295.0,18331.0,0.0,765.0,57.0,0.0
BIELSKI (BIELSK PODLASKI),13273.0,57790.0,5621.0,21263.0,30008.0,0.0,1390.0,207.0,1.0
GRODZIEŃSKI,9038.0,55883.0,10852.0,22902.0,24971.0,0.0,4245.0,39.0,0.0
ŁOMŻYŃSKI,11070.0,57675.0,4469.0,17383.0,26522.0,6.0,1915.0,216.0,1.0
OSTROŁĘCKI,4217.0,35880.0,1579.0,6256.0,14639.0,68.0,2251.0,348.0,1.0
OSTROWSKI (OSTRÓW MAZOWIECKA),5864.0,26178.0,2272.0,6806.0,11397.0,138.0,1313.0,232.0,4.0
SOKÓLSKI,3725.0,36392.0,4924.0,19508.0,14645.0,0.0,1442.0,7.0,0.0
SUWALSKI,3778.0,28476.0,5410.0,25359.0,11567.0,0.0,490.0,0.0,0.0
SZCZUCZYŃSKI (WOJ. BIAŁOSTOCKIE),3884.0,21102.0,3564.0,7788.0,10642.0,0.0,655.0,71.0,0.0
WOŁKOWYSKI,6934.0,67077.0,11604.0,28217.0,25393.0,0.0,4420.0,117.0,2.0
WYSOKOMAZOWIECKI,8184.0,24884.0,3666.0,9473.0,11408.0,153.0,156.0,28.0,7.0
BIAŁYSTOK (MIASTO),0.0,0.0,0.0,0.0,0.0,0.0,0.0,0.0,0.0
BĘDZIŃSKI,562.0,10340.0,943.0,1946.0,6776.0,0.0,11.0,17.0,0.0
CZĘSTOCHOWSKI,1974.0,49994.0,2440.0,7993.0,21945.0,40.0,126.0,558.0,5.0
IŁŻECKI,5592.0,37055.0,13025.0,19038.0,17502.0,158.0,2165.0,633.0,0.0
JĘDRZEJOWSKI,13754.0,24025.0,7377.0,8398.0,14583.0,14.0,35.0,5156.0,9.0
KIELECKI,4873.0,32308.0,5110.0,9135.0,21260.0,0.0,245.0,407.0,0.0
KONECKI,1419.0,30575.0,2282.0,5659.0,20877.0,0.0,192.0,382.0,2.0
KOZIENICKI,4539.0,38196.0,8449.0,12909.0,15510.0,405.0,1881.0,839.0,0.0
MIECHOWSKI,19408.0,20943.0,7725.0,14595.0,14033.0,771.0,12.0,425.0,83.0
OLKUSKI,1505.0,26310.0,5344.0,9040.0,18316.0,0.0,176.0,11.0,0.0
OPATOWSKI,13249.0,26809.0,11180.0,20413.0,16583.0,1992.0,170.0,555.0,13.0
OPOCZYŃSKI,2994.0,46722.0,4160.0,11561.0,20258.0,0.0,678.0,656.0,3.0
PIŃCZOWSKI,14166.0,18393.0,7922.0,8496.0,10705.0,1380.0,91.0,1481.0,0.0
RADOMSKI,6373.0,57261.0,9376.0,17813.0,24728.0,0.0,939.0,1148.0,1.0
SANDOMIERSKI,10816.0,17664.0,7968.0,10534.0,11676.0,1343.0,20.0,1498.0,3.0
STOPNICKI,13252.0,31771.0,7816.0,12123.0,18453.0,178.0,218.0,1849.0,34.0
WŁOSZCZOWSKI,8237.0,23528.0,2454.0,5338.0,13982.0,0.0,46.0,213.0,2.0
ZAWIERCIAŃSKI,1574.0,20508.0,2180.0,3432.0,11318.0,0.0,131.0,25.0,5.0
CZĘSTOCHOWA (MIASTO),0.0,0.0,0.0,0.0,0.0,0.0,0.0,0.0,0.0
SOSNOWIEC,0.0,0.0,0.0,0.0,0.0,0.0,0.0,0.0,0.0
RADOM (MIASTO),0.0,0.0,0.0,0.0,0.0,0.0,0.0,0.0,0.0
BIALSKI (BIAŁA KRAKOWSKA),1043.0,8064.0,758.0,7351.0,7590.0,13.0,0.0,0.0,3.0
BOCHEŃSKI,7948.0,10767.0,3093.0,6990.0,7889.0,22.0,0.0,167.0,21.0
BRZESKI (BRZESKO),8236.0,13129.0,4190.0,7780.0,11120.0,22.0,7.0,564.0,108.0
CHRZANOWSKI,1363.0,12101.0,831.0,4067.0,8913.0,0.0,0.0,98.0,4.0
DĄBROWSKI,9038.0,11703.0,3295.0,5786.0,6830.0,34.0,2.0,303.0,336.0
GORLICKI,5818.0,9595.0,4843.0,12334.0,8777.0,0.0,2.0,62.0,1.0
JASIELSKI,9461.0,12299.0,4543.0,8517.0,10932.0,0.0,46.0,287.0,27.0
KRAKOWSKI,9788.0,16638.0,2457.0,10470.0,11178.0,113.0,7.0,93.0,0.0
KRAKÓW (MIASTO),0.0,0.0,0.0,0.0,0.0,0.0,0.0,0.0,0.0
LIMANOWSKI,6015.0,6575.0,4093.0,10029.0,8202.0,0.0,0.0,3.0,0.0
MIELECKI,7593.0,13463.0,2827.0,7610.0,10448.0,0.0,85.0,307.0,68.0
MYŚLENICKI,6255.0,9667.0,9244.0,12456.0,10352.0,0.0,0.0,23.0,0.0
NOWOSĄDECKI,7332.0,12340.0,9149.0,19070.0,12296.0,0.0,0.0,8.0,4.0
NOWOTARSKI,209.0,4637.0,8542.0,32041.0,15309.0,0.0,0.0,0.0,0.0
ROPCZYCKI,9669.0,20600.0,4177.0,8594.0,13754.0,81.0,51.0,339.0,33.0
TARNOWSKI,8357.0,13516.0,2401.0,8517.0,9924.0,22.0,8.0,96.0,19.0
WADOWICKI,6117.0,13167.0,1464.0,13349.0,12636.0,74.0,1.0,24.0,14.0
ŻYWIECKI,967.0,5637.0,2214.0,13447.0,11664.0,0.0,0.0,0.0,5.0
BIALSKI (BIAŁA PODLASKA),7173.0,39095.0,3236.0,16427.0,20052.0,0.0,935.0,448.0,21.0
BIŁGORAJSKI,5053.0,21349.0,4696.0,10847.0,10146.0,0.0,4264.0,926.0,0.0
CHEŁMSKI,17400.0,32807.0,10086.0,10736.0,17201.0,676.0,1524.0,476.0,3.0
GARWOLIŃSKI,5198.0,39588.0,8352.0,13701.0,20290.0,71.0,1789.0,873.0,1.0
HRUBIESZOWSKI,25787.0,17944.0,10360.0,13435.0,11949.0,1825.0,1538.0,607.0,17.0
JANOWSKI,12205.0,28669.0,10114.0,17217.0,15586.0,258.0,3937.0,866.0,3.0
KRASNOSTAWSKI,23165.0,21165.0,9414.0,11510.0,13286.0,1378.0,1474.0,616.0,0.0
LUBARTOWSKI,5362.0,33802.0,3247.0,8292.0,15067.0,205.0,5733.0,384.0,0.0
LUBELSKI,26293.0,33605.0,12815.0,17066.0,19988.0,3855.0,2086.0,554.0,36.0
ŁUKOWSKI,4442.0,43441.0,2912.0,14560.0,19375.0,0.0,2679.0,406.0,0.0
PUŁAWSKI,8822.0,28552.0,10485.0,9788.0,15453.0,2129.0,3349.0,1236.0,3.0
RADZYŃSKI,8213.0,25562.0,1729.0,13725.0,14981.0,119.0,2010.0,495.0,2.0
SIEDLECKI,8777.0,41640.0,2971.0,16672.0,21234.0,64.0,287.0,155.0,0.0
SOKOŁOWSKI,7536.0,24300.0,3182.0,8426.0,15233.0,1105.0,222.0,149.0,6.0
TOMASZOWSKI,16910.0,17083.0,8722.0,10528.0,10554.0,1648.0,1382.0,670.0,32.0
WĘGROWSKI,5044.0,23192.0,2295.0,7966.0,13779.0,246.0,401.0,297.0,0.0
WŁODAWSKI,7462.0,36194.0,3252.0,13029.0,15286.0,36.0,4571.0,728.0,0.0
ZAMOJSKI,18432.0,18032.0,8545.0,11813.0,12382.0,1844.0,1442.0,510.0,2.0
LUBLIN (MIASTO),0.0,0.0,0.0,0.0,0.0,0.0,0.0,0.0,0.0
BÓBRECKI,10861.0,7686.0,2878.0,6374.0,8652.0,1420.0,408.0,581.0,848.0
BRZOZOWSKI,6479.0,10060.0,3966.0,5953.0,6336.0,33.0,6.0,58.0,10.0
DOBROMILSKI,6568.0,9106.0,1887.0,8444.0,6607.0,23.0,116.0,49.0,55.0
DROHOBYCKI,4501.0,10312.0,3033.0,10410.0,10443.0,0.0,95.0,353.0,108.0
GRÓDECKI,6190.0,10013.0,3305.0,6752.0,6992.0,62.0,874.0,491.0,28.0
JAROSŁAWSKI,11605.0,23247.0,5322.0,9674.0,10662.0,1206.0,526.0,653.0,51.0
JAWOROWSKI,3862.0,15326.0,2845.0,8671.0,8728.0,3.0,937.0,750.0,17.0
KOLBUSZOWSKI,2910.0,16165.0,3214.0,4976.0,9064.0,0.0,532.0,447.0,6.0
KROŚNIEŃSKI,7679.0,11784.0,4287.0,7484.0,8618.0,23.0,38.0,46.0,7.0
LESKI,3041.0,10603.0,2400.0,25159.0,11180.0,0.0,4.0,28.0,2.0
LWOWSKI,13172.0,14355.0,3489.0,11702.0,11872.0,137.0,1086.0,432.0,128.0
LWÓW (MIASTO),0.0,0.0,0.0,0.0,0.0,0.0,0.0,0.0,0.0
ŁAŃCUCKI,8218.0,18410.0,4103.0,8388.0,8374.0,377.0,776.0,1010.0,9.0
MOŚCISKI,8502.0,14105.0,2546.0,5666.0,8098.0,51.0,308.0,585.0,146.0
NIŻAŃSKI,4028.0,12605.0,2017.0,3997.0,8540.0,11.0,568.0,768.0,11.0
PRZEMYSKI,13482.0,15529.0,3134.0,7080.0,9245.0,455.0,76.0,240.0,177.0
PRZEWORSKI,6199.0,8102.0,1063.0,3763.0,3729.0,1432.0,71.0,152.0,15.0
RAWSKI (RAWA RUSKA),13165.0,16422.0,7008.0,7966.0,11576.0,272.0,1305.0,517.0,34.0
RUDECKI,6372.0,7237.0,2455.0,4739.0,7835.0,161.0,394.0,627.0,401.0
RZESZOWSKI,14730.0,20750.0,6470.0,10124.0,11149.0,105.0,73.0,293.0,69.0
SAMBORSKI,9533.0,15487.0,4822.0,8846.0,11563.0,21.0,129.0,512.0,113.0
SANOCKI,8822.0,12263.0,4784.0,12199.0,10174.0,52.0,1.0,55.0,1.0
SOKALSKI,19928.0,12995.0,6088.0,8907.0,11527.0,413.0,718.0,699.0,69.0
TARNOBRZESKI,3282.0,11122.0,3486.0,4552.0,8955.0,224.0,208.0,746.0,0.0
ŻÓŁKIEWSKI,9884.0,11721.0,3098.0,6348.0,8379.0,18.0,1019.0,598.0,93.0
LUBACZOWSKI,5875.0,13614.0,2969.0,9145.0,8438.0,0.0,1783.0,780.0,6.0
TURCZAŃSKI,672.0,6851.0,1266.0,33152.0,9057.0,0.0,1.0,1.0,0.0
BRZEZIŃSKI,2572.0,34343.0,1083.0,8421.0,15041.0,101.0,73.0,36.0,6.0
KALISKI,8507.422897911509,38513.35879512882,2747.1413608123,9533.765554893196,16635.604640059308,1717.6597895700775,229.52096130943738,153.85158456342236,30.167109451570397
KOLSKI,6154.0,37809.0,3251.0,4887.0,15025.0,907.0,122.0,78.0,5.0
KONIŃSKI,7055.0,72403.0,5718.0,9722.0,27292.0,1810.0,161.0,75.0,36.0
ŁASKI,3088.0,40716.0,1105.0,7541.0,15925.0,18.0,220.0,275.0,13.0
ŁĘCZYCKI,9823.0,35311.0,2920.0,8337.0,15412.0,2845.0,35.0,190.0,12.0
ŁÓDZKI,1153.0,26553.0,634.0,6410.0,12464.0,0.0,58.0,7.0,3.0
ŁÓDŹ (MIASTO),0.0,0.0,0.0,0.0,0.0,0.0,0.0,0.0,0.0
PIOTRKOWSKI,4348.0,56916.0,2733.0,11661.0,22653.0,3.0,250.0,397.0,1.0
RADOMSZCZAŃSKI,3876.0,54346.0,3916.0,9093.0,24876.0,21.0,216.0,813.0,8.0
SIERADZKI,4278.0,50968.0,1309.0,10219.0,19426.0,349.0,198.0,265.0,10.0
TURECKI,4691.577102088492,36340.64120487117,1262.8586391877004,7179.234445106805,12538.39535994069,485.3402104299225,151.4790386905626,249.14841543657764,6.832890548429602
WIELUŃSKI,2420.0,36419.0,1443.0,10405.0,22558.0,1017.0,318.0,253.0,15.0
POŁUDNIOWO-WARSZAWSKI,0.0,0.0,0.0,0.0,0.0,0.0,0.0,0.0,0.0
PÓŁNOCNO-WARSZAWSKI,0.0,0.0,0.0,0.0,0.0,0.0,0.0,0.0,0.0
PRASKO-WARSZAWSKI,0.0,0.0,0.0,0.0,0.0,0.0,0.0,0.0,0.0
ŚRÓDMIEJSKO-WARSZAWSKI,0.0,0.0,0.0,0.0,0.0,0.0,0.0,0.0,0.0
BARANOWICKI,3815.0,42142.0,8035.0,18070.0,19893.0,0.0,6177.0,29.0,7.0
BRASŁAWSKI,5497.0,37183.0,5955.0,19992.0,14666.0,0.0,370.0,2.0,1.0
LIDZKI,1487.0,54897.0,12081.0,22522.0,18063.0,0.0,8305.0,0.0,7.0
NIEŚWIESKI,4638.0,29893.0,7365.0,16661.0,18230.0,0.0,2214.0,48.0,0.0
NOWOGRÓDZKI,6219.0,36556.0,8703.0,20324.0,16882.0,0.0,4608.0,71.0,0.0
SŁONIMSKI,3842.0,41995.0,5963.0,13952.0,16467.0,0.0,6429.0,36.0,0.0
STOŁPECKI,3032.0,29697.0,6069.0,12828.0,14068.0,0.0,2703.0,3.0,0.0
WOŁOŻYŃSKI,1534.0,25517.0,8328.0,13171.0,12224.0,0.0,1749.0,0.0,0.0
SZCZUCZYŃSKI (WOJ. NOWOGRÓDZKIE),1583.0,24796.0,6519.0,10687.0,9122.0,0.0,2139.0,1.0,0.0
BRZESKI (BRZEŚĆ N.BUG.),9403.0,59260.0,9074.0,20433.0,32382.0,0.0,3808.0,1840.0,0.0
DROHICKI,2626.0,21748.0,3596.0,10755.0,12481.0,0.0,1142.0,896.0,1.0
KOBRYŃSKI,4940.0,35497.0,4543.0,9646.0,17177.0,0.0,2423.0,1282.0,2.0
KOSZYRSKI,696.0,26888.0,3381.0,7404.0,12671.0,0.0,1983.0,1241.0,32.0
ŁUNINIECKI,487.0,18615.0,1578.0,4513.0,11854.0,0.0,2280.0,1425.0,6.0
PIŃSKI,1313.0,45236.0,3715.0,14663.0,20089.0,0.0,3351.0,2347.0,6.0
PRUŻAŃSKI,3298.0,34631.0,5153.0,13606.0,17590.0,0.0,1728.0,412.0,0.0
STOLIŃSKI,1427.0,25483.0,2227.0,5904.0,12884.0,0.0,2746.0,3003.0,28.0
IWACEWICKI,925.0,23374.0,3146.0,9346.0,11779.0,0.0,2105.0,263.0,1.0
BRODNICKI,2768.0,18484.0,5863.0,2688.0,8972.0,431.0,13.0,1.0,16.0
CHEŁMIŃSKI,7227.0,10557.0,6510.0,2481.0,5988.0,3683.0,6.0,15.0,52.0
CHOJNICKI,703.0,28284.0,2381.0,5416.0,11246.0,18.0,973.0,7.0,14.0
DZIAŁDOWSKI,384.0,17477.0,3229.0,2914.0,8906.0,11.0,51.0,4.0,6.0
GRUDZIĄDZ (MIASTO),0.0,0.0,0.0,0.0,0.0,0.0,0.0,0.0,0.0
GRUDZIĄDZKI,7762.0,12354.0,5576.0,3660.0,5042.0,1712.0,4.0,3.0,17.0
KARTUSKI,283.0,26512.0,1218.0,9649.0,13910.0,0.0,38.0,0.0,5.0
KOŚCIERSKI,442.0,21436.0,1259.0,5201.0,8886.0,15.0,527.0,1.0,1.0
LUBAWSKI,2006.0,19329.0,5064.0,3813.0,7969.0,131.0,2.0,0.0,5.0
SĘPOLEŃSKI,756.0,16132.0,2744.0,4107.0,6092.0,159.0,16.0,0.0,3.0
STAROGARDZKI,2233.0,18070.0,2692.0,3129.0,8586.0,336.0,43.0,1.0,24.0
ŚWIECKI,3528.0,26162.0,4853.0,3491.0,15093.0,1167.0,58.0,15.0,47.0
TCZEWSKI,7667.0,9564.0,6102.0,3576.0,5794.0,2324.0,0.0,0.0,32.0
TORUŃ (MIASTO),0.0,0.0,0.0,0.0,0.0,0.0,0.0,0.0,0.0
TORUŃSKI,7220.0,14226.0,4928.0,2391.0,7011.0,3734.0,51.0,32.0,39.0
TUCHOLSKI,1047.0,16842.0,3267.0,2789.0,6581.0,224.0,24.0,1.0,3.0
WĄBRZESKI,5276.0,14362.0,5605.0,2614.0,6991.0,1481.0,48.0,15.0,57.0
MORSKI,533.0,19220.0,1311.0,7287.0,9431.0,9.0,25.0,0.0,12.0
GDYNIA (MIASTO),0.0,0.0,0.0,0.0,0.0,0.0,0.0,0.0,0.0
BYDGOSKI,3597.0,25559.0,5824.0,4210.0,10160.0,651.0,18.0,0.0,35.0
BYDGOSZCZ (MIASTO),0.0,0.0,0.0,0.0,0.0,0.0,0.0,0.0,0.0
CHODZIESKI,661.0,19136.0,2640.0,3493.0,8603.0,122.0,10.0,2.0,26.0
CZARNKOWSKI,765.0,16700.0,1425.0,2963.0,7866.0,167.0,3.0,0.0,29.0
GNIEŹNIEŃSKI,4042.0,33066.0,6432.0,5547.0,13625.0,1845.0,55.0,1.0,142.0
GOSTYŃSKI,6932.0,13267.0,4220.0,5391.0,8356.0,2829.0,34.0,35.0,98.0
INOWROCŁAWSKI,9426.949637851583,18210.615206085597,8421.029940753522,2168.718719997467,8382.401363043644,5926.727494344222,4.730029923658597,0.7883383206097662,100.1189667174403
JAROCIŃSKI,6037.0,29066.0,4019.0,8831.0,14627.0,2656.0,2.0,6.0,241.0
KĘPIŃSKI,2274.0,32851.0,1665.0,9146.0,14034.0,639.0,14.0,7.0,38.0
KOŚCIAŃSKI,5384.516802815728,25446.833630300367,4920.744992374142,5336.67823498746,13912.8131631863,2427.5808731331413,2.794510748691307,38.522107063425715,144.2019297892302
KROTOSZYŃSKI,8595.0,17905.0,3696.0,9443.0,9472.0,2163.0,0.0,22.0,97.0
LESZCZYŃSKI,3504.0,20178.0,2577.0,4702.0,9047.0,1481.0,4.0,55.0,112.0
MIĘDZYCHODZKI,1118.0,15623.0,1481.0,2658.0,7796.0,349.0,1.0,0.0,58.0
MOGILEŃSKI,8070.050362148415,33652.384793914396,10638.970059246476,4617.281280002533,12881.598636956354,6295.2725056557765,16.2699700763414,9.211661679390234,99.88103328255968
NOWOTOMYSKI,4309.0,31162.0,3791.0,5346.0,15745.0,2590.0,6.0,7.0,109.0
OBORNICKI,3068.0,21915.0,3379.0,4254.0,9662.0,939.0,20.0,1.0,82.0
OSTROWSKI (OSTRÓW WIELKOPOLSKI),3702.0,25553.0,2252.0,6971.0,13089.0,474.0,16.0,33.0,59.0
POZNAŃ (MIASTO),0.0,0.0,0.0,0.0,0.0,0.0,0.0,0.0,0.0
RAWICKI,3546.0,11971.0,2223.0,3498.0,6088.0,2066.0,13.0,46.0,21.0
SZAMOTULSKI,4873.0,21812.0,4383.0,3822.0,11711.0,2526.0,40.0,0.0,60.0
SZUBIŃSKI,2320.0,22353.0,4602.0,3320.0,8846.0,1141.0,15.0,14.0,41.0
ŚREDZKI,4240.0,22434.0,5025.0,4188.0,10527.0,2567.0,35.0,22.0,147.0
ŚREMSKI,3539.0510926651873,23650.224120417854,3541.0235106915643,4300.332076750193,10231.871645541998,1204.53456423257,34.14210192326129,22.453878482680057,96.68376563586305
WĄGROWIECKI,2621.0,28194.0,6349.0,5684.0,12672.0,953.0,6.0,4.0,114.0
WOLSZTYŃSKI,1008.0,20247.0,1127.0,2993.0,8472.0,442.0,2.0,13.0,23.0
WRZESIŃSKI,3661.0,17397.0,3938.0,3376.0,8086.0,2697.0,4.0,2.0,63.0
WYRZYSKI,4710.0,25205.0,7605.0,4491.0,13485.0,1863.0,0.0,7.0,63.0
ŻNIŃSKI,3447.0,19030.0,5864.0,3666.0,8253.0,1476.0,5.0,4.0,74.0
POZNAŃSKI,3551.4321045190845,33520.94224928178,6298.231496934293,5569.989688262347,16524.315191271704,1758.884562634289,7.063387328047395,6.024014453894225,181.11430457490675
GNIEZNO (MIASTO),0.0,0.0,0.0,0.0,0.0,0.0,0.0,0.0,0.0
INOWROCŁAW (MIASTO),0.0,0.0,0.0,0.0,0.0,0.0,0.0,0.0,0.0
DOLIŃSKI,783.0,5867.0,385.0,5782.0,6651.0,0.0,13.0,142.0,77.0
HORODEŃSKI,16746.0,12061.0,7303.0,3832.0,8264.0,1968.0,200.0,147.0,5024.0
KAŁUSKI,4680.0,7870.0,1067.0,7080.0,9775.0,3.0,709.0,755.0,1310.0
KOŁOMYJSKI,12845.0,14711.0,3206.0,9197.0,10385.0,237.0,36.0,100.0,8259.0
KOSOWSKI (KOSÓW HUCULSKI),802.0,1102.0,453.0,685.0,4077.0,0.0,0.0,0.0,3843.0
NADWÓRNIAŃSKI,1411.0,8641.0,527.0,6032.0,13888.0,0.0,189.0,89.0,1108.0
ROHATYŃSKI,15850.0,12337.0,4930.0,8356.0,13176.0,1061.0,735.0,546.0,2878.0
STANISŁAWOWSKI,8882.0,14898.0,1316.0,9539.0,13797.0,98.0,500.0,649.0,4607.0
STRYJSKI,3337.0,10277.0,1243.0,13974.0,10611.0,0.0,148.0,395.0,94.0
ŚNIATYŃSKI,10330.0,6639.0,2624.0,2611.0,4713.0,231.0,28.0,14.0,9370.0
TŁUMACKI,11528.0,12400.0,1950.0,6770.0,10707.0,23.0,208.0,285.0,5883.0
ŻYDACZOWSKI,7020.0,9674.0,1384.0,4660.0,9765.0,184.0,265.0,640.0,632.0
BIELSKI (BIELSKO),834.0,3165.0,473.0,4239.0,3257.0,55.0,0.0,0.0,4.0
BIELSKO (MIASTO),0.0,0.0,0.0,0.0,0.0,0.0,0.0,0.0,0.0
CIESZYŃSKI,1740.0,3209.0,978.0,6306.0,4691.0,53.0,6.0,0.0,40.0
TARNOGÓRSKI,190.0,2121.0,242.0,762.0,1761.0,23.0,0.0,0.0,4.0
KATOWICE (MIASTO),0.0,0.0,0.0,0.0,0.0,0.0,0.0,0.0,0.0
KATOWICKI,273.0,2630.0,226.0,1219.0,2215.0,0.0,5.0,0.0,3.0
LUBLINIECKI,1179.0,8142.0,849.0,3707.0,4935.0,99.0,2.0,0.0,5.0
PSZCZYŃSKI,1782.0,15412.0,1008.0,8357.0,11101.0,231.0,7.0,0.0,15.0
RYBNICKI,3069.0,18016.0,1069.0,7884.0,11837.0,642.0,0.0,1.0,29.0
ŚWIĘTOCHŁOWICKI,163.0,1317.0,151.0,519.0,1253.0,0.0,0.0,0.0,0.0
CHORZÓW,0.0,0.0,0.0,0.0,0.0,0.0,0.0,0.0,0.0
BORSZCZOWSKI,16660.0,14652.0,6876.0,1593.0,7886.0,59.0,409.0,36.0,9412.0
BRODZKI,8313.0,12081.0,5361.0,7697.0,8614.0,115.0,2373.0,795.0,90.0
BRZEŻAŃSKI,14208.0,13274.0,7908.0,10677.0,12139.0,423.0,2470.0,375.0,1033.0
BUCZACKI,17402.0,18850.0,8019.0,6020.0,11814.0,99.0,1259.0,248.0,5909.0
CZORTKOWSKI,12745.0,9393.0,5860.0,1402.0,8036.0,390.0,1276.0,113.0,3780.0
KAMIONECKI,10753.0,9416.0,2895.0,5919.0,7367.0,128.0,998.0,956.0,211.0
PODHAJECKI,16256.0,12693.0,7247.0,7847.0,11537.0,365.0,2400.0,283.0,3614.0
PRZEMYŚLAŃSKI,12853.0,9014.0,3772.0,8073.0,9095.0,293.0,1080.0,497.0,708.0
RADZIECHOWSKI,10808.0,10527.0,5139.0,7469.0,8838.0,59.0,879.0,792.0,43.0
SKAŁACKI,17943.0,9970.0,11206.0,3212.0,8743.0,346.0,5454.0,203.0,266.0
TARNOPOLSKI,20595.0,16280.0,11496.0,10583.0,12400.0,837.0,7134.0,352.0,355.0
TREMBOWELSKI,14461.0,11833.0,8092.0,3142.0,9036.0,268.0,3455.0,198.0,1428.0
ZALESZCZYCKI,11536.0,9027.0,4364.0,1138.0,7489.0,362.0,367.0,38.0,7137.0
ZBARASKI,14794.0,9096.0,7821.0,8741.0,5385.0,55.0,4761.0,281.0,43.0
ZBOROWSKI,9621.0,12417.0,8267.0,11586.0,9362.0,118.0,3202.0,339.0,206.0
ZŁOCZOWSKI,11496.0,11556.0,6926.0,9636.0,10372.0,305.0,3275.0,626.0,339.0
KOPYCZYNIECKI,14554.0,19278.0,8410.0,1899.0,8908.0,294.0,2175.0,246.0,2863.0
BŁOŃSKI,5825.0,26778.0,2528.0,8591.0,12391.0,2150.0,192.0,54.0,79.0
CIECHANOWSKI,10431.0,29732.0,4711.0,4701.0,9825.0,2251.0,326.0,43.0,1.0
GOSTYNIŃSKI,5342.0,29422.0,1583.0,5936.0,11967.0,791.0,129.0,72.0,3.0
GRÓJECKI,7270.0,46793.0,2652.0,16771.0,20746.0,192.0,204.0,61.0,9.0
KUTNOWSKI,11823.0,22489.0,4155.0,7030.0,9917.0,3667.0,19.0,51.0,24.0
LIPNOWSKI,4265.0,38640.0,7583.0,5227.0,12999.0,1743.0,292.0,8.0,2.0
ŁOWICKI,8396.0,33044.0,2572.0,10617.0,12884.0,1355.0,90.0,693.0,10.0
MAKOWSKI (MAKÓW MAZOWIECKI),5976.0,24951.0,1401.0,3534.0,8322.0,280.0,1083.0,230.0,0.0
MIŃSKI,2613.0,28170.0,2780.0,9454.0,15296.0,0.0,602.0,383.0,2.0
MŁAWSKI,1801.0,44246.0,2181.0,3895.0,17170.0,251.0,1327.0,135.0,0.0
NIESZAWSKI,11839.0,38732.0,9716.0,2983.0,13852.0,3300.0,13.0,14.0,14.0
PŁOCKI,10211.0,41805.0,7182.0,7302.0,15484.0,3264.0,223.0,38.0,4.0
PŁOŃSKI,7273.0,41093.0,4688.0,5796.0,13404.0,1447.0,316.0,25.0,1.0
PRZASNYCKI,6868.0,26923.0,2111.0,3054.0,9441.0,738.0,615.0,138.0,1.0
PUŁTUSKI,7325.0,39612.0,3264.0,7108.0,15735.0,238.0,1691.0,102.0,4.0
RADZYMIŃSKI,1721.0,22323.0,1353.0,4524.0,11284.0,0.0,1191.0,87.0,2.0
RAWSKI (RAWA MAZOWIECKA),2487.0,38874.0,3091.0,8354.0,16360.0,7.0,326.0,234.0,8.0
RYPIŃSKI,3663.4229580804467,31808.462548281037,6519.342611762038,4170.163965742837,11866.468109286981,1529.0019239911576,356.29765991777543,43.59050985765678,0.01500480997789414
SIERPECKI,2653.5770419195533,37382.53745171896,2582.6573882379616,3883.8360342571636,13947.531890713019,393.99807600884236,544.7023400822245,104.40949014234323,0.9849951900221059
SKIERNIEWICKI,1778.0,24604.0,2042.0,7483.0,9251.0,71.0,138.0,140.0,3.0
SOCHACZEWSKI,6188.0,29430.0,1872.0,6169.0,11055.0,1471.0,129.0,35.0,10.0
WARSZAWSKI,4025.0,29823.0,1971.0,7797.0,18891.0,428.0,308.0,36.0,2.0
WŁOCŁAWSKI,7634.0,30645.0,8597.0,4623.0,11678.0,2976.0,96.0,10.0,16.0
DUBIEŃSKI,43006.0,43462.0,22455.0,32065.0,20950.0,494.0,11497.0,1687.0,114.0
HOROCHOWSKI,32621.0,19459.0,12220.0,12131.0,13041.0,112.0,1812.0,1267.0,43.0
KOWELSKI,21948.0,66191.0,10145.0,13120.0,28948.0,9.0,3816.0,2199.0,42.0
KRZEMIENIECKI,22113.0,50956.0,20376.0,36916.0,18589.0,332.0,24393.0,2757.0,158.0
LUBOMELSKI,4120.0,21645.0,3643.0,3168.0,9146.0,0.0,1682.0,997.0,9.0
ŁUCKI,40440.0,55357.0,18936.0,26739.0,26342.0,283.0,5206.0,2030.0,228.0
RÓWIEŃSKI,34278.0,36628.0,16747.0,26570.0,17333.0,4772.0,5551.0,1494.0,97.0
WŁODZIMIERSKI,29396.0,25991.0,9617.0,17799.0,14490.0,830.0,1468.0,1568.0,24.0
KOSTOPOLSKI,6420.0,30322.0,4867.0,15949.0,15343.0,0.0,5697.0,2295.0,55.0
ZDOŁBUNOWSKI,14111.0,14984.0,9051.0,11968.0,9161.0,1626.0,2419.0,632.0,138.0
SARNEŃSKI,1521.0,44398.0,6026.0,9883.0,19117.0,0.0,7058.0,2743.0,132.0
OSZMIAŃSKI,1236.0,31147.0,8106.0,21420.0,10432.0,0.0,2960.0,1.0,0.0
ŚWIĘCIAŃSKI,5372.0,38267.0,6137.0,17768.0,16191.0,0.0,1374.0,3.0,1.0
WILNO (MIASTO),0.0,0.0,0.0,0.0,0.0,0.0,0.0,0.0,0.0
DZIŚNIEŃSKI,5343.0,39976.0,7772.0,24432.0,15160.0,0.0,56.0,0.0,3.0
WILEJSKI,1184.0,34678.0,8910.0,16151.0,15616.0,0.0,903.0,8.0,1.0
WILEŃSKO-TROCKI,3462.0,73418.0,13059.0,29678.0,22316.0,0.0,11827.0,6.0,2.0
POSTAWSKI,4563.0,27382.0,3278.0,10734.0,10368.0,0.0,144.0,29.0,0.0
MOŁODECZAŃSKI,1739.0,21515.0,4672.0,13115.0,9132.0,0.0,313.0,1.0,0.0
