Region;District;Zniszczenia Wojenne 1914-1920/Zniszczone budynki/Pozostające do odbudowy 01-01-1923;Zniszczenia Wojenne 1914-1920/Zniszczone budynki/Zniszczone w ogóle
;AUGUSTOWSKI;0;0
;BARANOWICKI;0;0
;BIALSKI (BIAŁA KRAKOWSKA);0;0
;BIALSKI (BIAŁA PODLASKA);0;0
;BIAŁOSTOCKI;0;0
;BIAŁOWIESKI;0;0
;BIELSKI (BIELSK PODLASKI);0;0
ŚLĄSKIE;BIELSKI (BIELSKO);0;0
ŚLĄSKIE;BIELSKO (MIASTO);0;0
;BIŁGORAJSKI;0;0
;BOCHEŃSKI;0;0
;BOHORODCZAŃSKI;0;0
;BORSZCZOWSKI;0;0
ZIEMIA WILEŃSKA;BRASŁAWSKI;4663;8628
;BRODNICKI;0;0
;BRODZKI;0;0
;BRZESKI (BRZESKO);0;0
;BRZESKI (BRZEŚĆ N.BUG.);0;0
;BRZEZIŃSKI;0;0
;BRZEŻAŃSKI;0;0
;BRZOZOWSKI;0;0
;BUCZACKI;0;0
;BYDGOSKI;0;0
;BYDGOSZCZ (MIASTO);0;0
;BÓBRECKI;0;0
;BĘDZIŃSKI;0;0
;BŁOŃSKI;0;0
;CHEŁMIŃSKI;0;0
;CHEŁMSKI;0;0
;CHODZIESKI;0;0
;CHOJNICKI;0;0
;CHRZANOWSKI;0;0
;CIECHANOWSKI;0;0
;CIESZANOWSKI;0;0
ŚLĄSKIE;CIESZYŃSKI;0;0
;CZARNKOWSKI;0;0
;CZORTKOWSKI;0;0
;CZĘSTOCHOWSKI;0;0
;DOBROMILSKI;0;0
;DOLIŃSKI;0;0
;DROHICKI;0;0
;DROHOBYCKI;0;0
;DUBIEŃSKI;0;0
ZIEMIA WILEŃSKA;DUNIŁOWICKI;4913;8350
;DZIAŁDOWSKI;0;0
ZIEMIA WILEŃSKA;DZIŚNIEŃSKI;3287;4191
;DĄBROWSKI;0;0
;GARWOLIŃSKI;0;0
;GNIEWSKI;0;0
;GNIEŹNIEŃSKI;0;0
;GORLICKI;0;0
;GOSTYNIŃSKI;0;0
;GOSTYŃSKI;0;0
;GRODZIEŃSKI;0;0
;GRODZISKI;0;0
;GRUDZIĄDZ (MIASTO);0;0
;GRUDZIĄDZKI;0;0
;GRYBOWSKI;0;0
;GRÓDECKI;0;0
;GRÓJECKI;0;0
;HOROCHOWSKI;0;0
;HORODEŃSKI;0;0
;HRUBIESZOWSKI;0;0
;HUSIATYŃSKI;0;0
;INOWROCŁAWSKI;0;0
;IŁŻECKI;0;0
;JANOWSKI;0;0
;JAROCIŃSKI;0;0
;JAROSŁAWSKI;0;0
;JASIELSKI;0;0
;JAWOROWSKI;0;0
;JĘDRZEJOWSKI;0;0
;KALISKI;0;0
;KAMIONECKI;0;0
;KARTUSKI;0;0
ŚLĄSKIE;KATOWICE (MIASTO);0;0
ŚLĄSKIE;KATOWICKI;0;0
;KAŁUSKI;0;0
;KIELECKI;0;0
;KOBRYŃSKI;0;0
;KOLBUSZOWSKI;0;0
;KOLNEŃSKI;0;0
;KOLSKI;0;0
;KONECKI;0;0
;KONIŃSKI;0;0
;KONSTANTYNOWSKI;0;0
;KOSOWSKI (KOSÓW HUCULSKI);0;0
;KOSOWSKI (KOSÓW POLESKI);0;0
;KOSZYRSKI;0;0
;KOWELSKI;0;0
;KOZIENICKI;0;0
;KOŁOMYJSKI;0;0
;KOŚCIAŃSKI;0;0
;KOŚCIERSKI;0;0
;KOŹMIŃSKI;0;0
;KRAKOWSKI;0;0
;KRAKÓW (MIASTO);0;0
;KRASNOSTAWSKI;0;0
;KROTOSZYŃSKI;0;0
;KROŚNIEŃSKI;0;0
;KRZEMIENIECKI;0;0
ŚLĄSKIE;KRÓLEWSKA HUTA;0;0
;KUTNOWSKI;0;0
;KĘPIŃSKI;0;0
;LESKI;0;0
;LESZCZYŃSKI;0;0
;LIDZKI;0;0
;LIMANOWSKI;0;0
;LIPNOWSKI;0;0
;LUBARTOWSKI;0;0
;LUBAWSKI;0;0
;LUBELSKI;0;0
;LUBLIN (MIASTO);0;0
ŚLĄSKIE;LUBLINIECKI;0;0
;LUBOMELSKI;0;0
;LWOWSKI;0;0
;LWÓW (MIASTO);0;0
;M. ST. WARSZAWA;0;0
;MAKOWSKI (MAKÓW MAZOWIECKI);0;0
;MIECHOWSKI;0;0
;MIELECKI;0;0
;MIĘDZYCHODZKI;0;0
;MIŃSKI;0;0
;MOGILEŃSKI;0;0
;MOŚCISKI;0;0
;MYŚLENICKI;0;0
;MŁAWSKI;0;0
;NADWÓRNIAŃSKI;0;0
;NIESZAWSKI;0;0
;NIEŚWIESKI;0;0
;NIŻAŃSKI;0;0
;NOWOGRÓDZKI;0;0
;NOWOSĄDECKI;0;0
;NOWOTARSKI;0;0
;NOWOTOMYSKI;0;0
;OBORNICKI;0;0
;ODOLANOWSKI;0;0
;OLKUSKI;0;0
;OPATOWSKI;0;0
;OPOCZYŃSKI;0;0
;OSTROGSKI;0;0
;OSTROWSKI (OSTRÓW MAZOWIECKA);0;0
;OSTROWSKI (OSTRÓW WIELKOPOLSKI);0;0
;OSTROŁĘCKI;0;0
;OSTRZESZOWSKI;0;0
ZIEMIA WILEŃSKA;OSZMIAŃSKI;6844;13515
;OŚWIĘCIMSKI;0;0
;PECZENIŻYŃSKI;0;0
;PILZNEŃSKI;0;0
;PIOTRKOWSKI;0;0
;PIŃCZOWSKI;0;0
;PIŃSKI;0;0
;PLESZEWSKI;0;0
;PODGÓRSKI;0;0
;PODHAJECKI;0;0
;POZNAŃ (MIASTO);0;0
;POZNAŃSKI WSCHODNI;;
;POZNAŃSKI ZACHODNI;;
;PRUŻAŃSKI;0;0
;PRZASNYCKI;0;0
;PRZEMYSKI;0;0
;PRZEMYŚLAŃSKI;0;0
;PRZEWORSKI;0;0
ŚLĄSKIE;PSZCZYŃSKI;0;0
 ;PUCKI;0;0
;PUŁAWSKI;0;0
;PUŁTUSKI;0;0
;Poznańsko-wschodni;0;0
;Poznańsko-zachodni;0;0
;PŁOCKI;0;0
;PŁOŃSKI;0;0
;RADOMSKI;0;0
;RADOMSZCZAŃSKI;0;0
;RADZIECHOWSKI;0;0
;RADZYMIŃSKI;0;0
;RADZYŃSKI;0;0
;RAWICKI;0;0
;RAWSKI (RAWA MAZOWIECKA);0;0
;RAWSKI (RAWA RUSKA);0;0
;ROHATYŃSKI;0;0
;ROPCZYCKI;0;0
;RUDECKI;0;0
ŚLĄSKIE;RUDZKI;0;0
ŚLĄSKIE;RYBNICKI;0;0
;RYPIŃSKI;0;0
;RZESZOWSKI;0;0
;RÓWIEŃSKI;0;0
;SAMBORSKI;0;0
;SANDOMIERSKI;0;0
;SANOCKI;0;0
;SARNEŃSKI;0;0
;SEJNEŃSKI;0;0
;SIEDLECKI;0;0
;SIERADZKI;0;0
;SIERPECKI;0;0
;SKAŁACKI;0;0
;SKIERNIEWICKI;0;0
;SKOLSKI;0;0
;SOCHACZEWSKI;0;0
;SOKALSKI;0;0
;SOKOŁOWSKI;0;0
;SOKÓLSKI;0;0
;SPISKO-ORAWSKI;0;0
;STANISŁAWOWSKI;0;0
;STAROGARDZKI;0;0
;STAROSAMBORSKI;0;0
;STOPNICKI;0;0
;STOŁPECKI;0;0
;STRYJSKI;0;0
;STRZELNEŃSKI;0;0
;STRZYŻOWSKI;0;0
;SUWALSKI;0;0
;SZAMOTULSKI;0;0
;SZCZUCZYŃSKI (WOJ. BIAŁOSTOCKIE);0;0
;SZUBIŃSKI;0;0
;SĘPOLEŃSKI;0;0
;SŁONIMSKI;0;0
;SŁUPECKI;0;0
;TARNOBRZESKI;0;0
ŚLĄSKIE;TARNOGÓRSKI;0;0
;TARNOPOLSKI;0;0
;TARNOWSKI;0;0
;TCZEWSKI;0;0
;TOMASZOWSKI;0;0
;TORUŃ (MIASTO);0;0
;TORUŃSKI;0;0
;TREMBOWELSKI;0;0
ZIEMIA WILEŃSKA;TROCKI;423;559
;TUCHOLSKI;0;0
;TURCZAŃSKI;0;0
;TURECKI;0;0
;TŁUMACKI;0;0
;WADOWICKI;0;2
;WARSZAWSKI;0;0
;WEJHEROWSKI;0;0
;WIELICKI;0;0
;WIELUŃSKI;0;0
ZIEMIA WILEŃSKA;WILEJSKI;3298;12234
ZIEMIA WILEŃSKA;WILEŃSKI;839;1110
ZIEMIA WILEŃSKA;WILNO (MIASTO);588;777
;WITKOWSKI;0;0
;WOLSZTYŃSKI;0;0
;WOŁKOWYSKI;0;0
;WOŁOŻYŃSKI;0;0
;WRZESIŃSKI;0;0
;WYRZYSKI;0;0
;WYSOKOMAZOWIECKI;0;0
;WĄBRZESKI;0;0
;WĄGROWIECKI;0;0
;WĘGROWSKI;0;0
;WŁOCŁAWSKI;0;0
;WŁODAWSKI;0;0
;WŁODZIMIERSKI;0;0
;WŁOSZCZOWSKI;0;0
;ZALESZCZYCKI;0;0
;ZAMOJSKI;0;0
;ZBARASKI;0;0
;ZBOROWSKI;0;0
;ZŁOCZOWSKI;0;0
;ŁASKI;0;0
;ŁAŃCUCKI;0;0
;ŁOMŻYŃSKI;0;0
;ŁOWICKI;0;0
;ŁUCKI;0;0
;ŁUKOWSKI;0;0
;ŁUNINIECKI;0;0
;ŁÓDZKI;0;0
;ŁÓDŹ (MIASTO);0;0
;ŁĘCZYCKI;0;0
;ŚMIGIELSKI;0;0
;ŚNIATYŃSKI;0;0
;ŚREDZKI;0;0
;ŚREMSKI;0;0
;ŚWIECKI;0;0
ZIEMIA WILEŃSKA;ŚWIĘCIAŃSKI;11562;15543
ŚLĄSKIE;ŚWIĘTOCHŁOWICKI;0;0
;ŻNIŃSKI;0;0
;ŻYDACZOWSKI;0;0
;ŻYWIECKI;0;0
;ŻÓŁKIEWSKI;0;0
